-- MySQL dump 10.13  Distrib 8.0.25, for Linux (x86_64)
--
-- Host: localhost    Database: resido
-- ------------------------------------------------------
-- Server version	5.7.32

/*!40101 SET @OLD_CHARACTER_SET_CLIENT=@@CHARACTER_SET_CLIENT */;
/*!40101 SET @OLD_CHARACTER_SET_RESULTS=@@CHARACTER_SET_RESULTS */;
/*!40101 SET @OLD_COLLATION_CONNECTION=@@COLLATION_CONNECTION */;
/*!50503 SET NAMES utf8 */;
/*!40103 SET @OLD_TIME_ZONE=@@TIME_ZONE */;
/*!40103 SET TIME_ZONE='+00:00' */;
/*!40014 SET @OLD_UNIQUE_CHECKS=@@UNIQUE_CHECKS, UNIQUE_CHECKS=0 */;
/*!40014 SET @OLD_FOREIGN_KEY_CHECKS=@@FOREIGN_KEY_CHECKS, FOREIGN_KEY_CHECKS=0 */;
/*!40101 SET @OLD_SQL_MODE=@@SQL_MODE, SQL_MODE='NO_AUTO_VALUE_ON_ZERO' */;
/*!40111 SET @OLD_SQL_NOTES=@@SQL_NOTES, SQL_NOTES=0 */;

--
-- Table structure for table `activations`
--

DROP TABLE IF EXISTS `activations`;
/*!40101 SET @saved_cs_client     = @@character_set_client */;
/*!50503 SET character_set_client = utf8mb4 */;
CREATE TABLE `activations` (
  `id` bigint(20) unsigned NOT NULL AUTO_INCREMENT,
  `user_id` int(10) unsigned NOT NULL,
  `code` varchar(120) COLLATE utf8mb4_unicode_ci NOT NULL,
  `completed` tinyint(1) NOT NULL DEFAULT '0',
  `completed_at` timestamp NULL DEFAULT NULL,
  `created_at` timestamp NULL DEFAULT NULL,
  `updated_at` timestamp NULL DEFAULT NULL,
  PRIMARY KEY (`id`),
  KEY `activations_user_id_index` (`user_id`)
) ENGINE=InnoDB AUTO_INCREMENT=3 DEFAULT CHARSET=utf8mb4 COLLATE=utf8mb4_unicode_ci;
/*!40101 SET character_set_client = @saved_cs_client */;

--
-- Dumping data for table `activations`
--

LOCK TABLES `activations` WRITE;
/*!40000 ALTER TABLE `activations` DISABLE KEYS */;
INSERT INTO `activations` VALUES (1,1,'GOfFmLUVJDezJMxjv28hojLMBJkXuH0g',1,'2022-01-19 07:30:17','2022-01-19 07:30:17','2022-01-19 07:30:17'),(2,1,'NqFj1vOjwcYR4SghU9PCZyVPZkwlyqN7',1,'2022-01-19 07:35:33','2022-01-19 07:35:33','2022-01-19 07:35:33');
/*!40000 ALTER TABLE `activations` ENABLE KEYS */;
UNLOCK TABLES;

--
-- Table structure for table `audit_histories`
--

DROP TABLE IF EXISTS `audit_histories`;
/*!40101 SET @saved_cs_client     = @@character_set_client */;
/*!50503 SET character_set_client = utf8mb4 */;
CREATE TABLE `audit_histories` (
  `id` bigint(20) unsigned NOT NULL AUTO_INCREMENT,
  `user_id` int(10) unsigned NOT NULL,
  `module` varchar(60) COLLATE utf8mb4_unicode_ci NOT NULL,
  `request` text COLLATE utf8mb4_unicode_ci,
  `action` varchar(120) COLLATE utf8mb4_unicode_ci NOT NULL,
  `user_agent` text COLLATE utf8mb4_unicode_ci,
  `ip_address` varchar(39) COLLATE utf8mb4_unicode_ci DEFAULT NULL,
  `reference_user` int(10) unsigned NOT NULL,
  `reference_id` int(10) unsigned NOT NULL,
  `reference_name` varchar(255) COLLATE utf8mb4_unicode_ci NOT NULL,
  `type` varchar(20) COLLATE utf8mb4_unicode_ci NOT NULL,
  `created_at` timestamp NULL DEFAULT NULL,
  `updated_at` timestamp NULL DEFAULT NULL,
  PRIMARY KEY (`id`),
  KEY `audit_histories_user_id_index` (`user_id`),
  KEY `audit_histories_module_index` (`module`)
) ENGINE=InnoDB DEFAULT CHARSET=utf8mb4 COLLATE=utf8mb4_unicode_ci;
/*!40101 SET character_set_client = @saved_cs_client */;

--
-- Dumping data for table `audit_histories`
--

LOCK TABLES `audit_histories` WRITE;
/*!40000 ALTER TABLE `audit_histories` DISABLE KEYS */;
/*!40000 ALTER TABLE `audit_histories` ENABLE KEYS */;
UNLOCK TABLES;

--
-- Table structure for table `blocks`
--

DROP TABLE IF EXISTS `blocks`;
/*!40101 SET @saved_cs_client     = @@character_set_client */;
/*!50503 SET character_set_client = utf8mb4 */;
CREATE TABLE `blocks` (
  `id` bigint(20) unsigned NOT NULL AUTO_INCREMENT,
  `name` varchar(191) COLLATE utf8mb4_unicode_ci NOT NULL,
  `alias` varchar(191) COLLATE utf8mb4_unicode_ci NOT NULL,
  `description` varchar(255) COLLATE utf8mb4_unicode_ci DEFAULT NULL,
  `content` longtext COLLATE utf8mb4_unicode_ci,
  `status` varchar(60) COLLATE utf8mb4_unicode_ci NOT NULL DEFAULT 'published',
  `user_id` int(10) unsigned DEFAULT NULL,
  `created_at` timestamp NULL DEFAULT NULL,
  `updated_at` timestamp NULL DEFAULT NULL,
  PRIMARY KEY (`id`)
) ENGINE=InnoDB AUTO_INCREMENT=8 DEFAULT CHARSET=utf8mb4 COLLATE=utf8mb4_unicode_ci;
/*!40101 SET character_set_client = @saved_cs_client */;

--
-- Dumping data for table `blocks`
--

LOCK TABLES `blocks` WRITE;
/*!40000 ALTER TABLE `blocks` DISABLE KEYS */;
INSERT INTO `blocks` VALUES (1,'Sign up','sign-up','','\n                                <div class=\"raw-html-embed\">\n                                    <section class=\"theme-bg call-to-act-wrap\">\n                                        <div class=\"container\">\n                                            <div class=\"row\">\n                                                <div class=\"col-lg-12\">\n\n                                                    <div class=\"call-to-act\">\n                                                        <div class=\"call-to-act-head\">\n                                                            <h3>Want to Become a Real Estate Agent?</h3>\n                                                            <span>We\'ll help you to grow your career and growth.</span>\n                                                        </div>\n                                                        <a href=\"/register\" class=\"btn btn-call-to-act\">Sign Up Today</a>\n                                                    </div>\n\n                                                </div>\n                                            </div>\n                                        </div>\n                                    </section>\n                                </div>\n                ','published',NULL,'2022-01-19 07:35:34','2022-01-19 07:35:34'),(2,'Download App','download-app','','\n                                <div class=\"raw-html-embed\">\n                                    <section class=\"bg-light\">\n                                        <div class=\"container\">\n                                            <div class=\"row align-items-center\">\n                                                <div class=\"col-lg-7 col-md-12 col-sm-12 content-column\">\n                                                    <div class=\"content_block_2\">\n                                                        <div class=\"content-box\">\n                                                        <div class=\"sec-title light\">\n                                                            <p class=\"text-blue\">Download apps</p>\n                                                            <h2>Download App Free App For Android And IPhone</h2>\n                                                        </div>\n                                                        <div class=\"text\"><p></p></div>\n                                                        <div class=\"btn-box clearfix mt-5\">\n                                                            <a href=\"\" class=\"download-btn play-store\"\n                                                            ><i class=\"fab fa-google-play\"></i> <span>Download on</span>\n                                                            <h3>Google Play</h3></a\n                                                            >\n                                                            <a href=\"\" class=\"download-btn app-store\"\n                                                            ><i class=\"fab fa-apple\"></i> <span>Download on</span>\n                                                            <h3>App Store</h3></a\n                                                            >\n                                                        </div>\n                                                        </div>\n                                                    </div>\n                                                </div>\n                                                <div class=\"col-lg-5 col-md-12 col-sm-12 image-column\">\n                                                    <div class=\"image-box\">\n                                                        <figure class=\"image\">\n                                                        <img\n                                                            src=\"/storage/banners/app.png\"\n                                                            alt=\"image\"\n                                                            class=\"img-fluid\"\n                                                        />\n                                                        </figure>\n                                                    </div>\n                                                </div>\n                                            </div>\n                                        </div>\n                                    </section>\n                                </div>\n                ','published',NULL,'2022-01-19 07:35:34','2022-01-19 07:35:34'),(3,'Download App Footer','download-app-footer','','\n                                <div class=\"raw-html-embed\">\n                                    <div class=\"footer-widget\">\n                                        <h4 class=\"widget-title\">Download Apps</h4>\n                                        <a href=\"#\" class=\"other-store-link\">\n                                            <div class=\"other-store-app\">\n                                                <div class=\"os-app-icon\">\n                                                    <i class=\"lni-playstore theme-cl\"></i>\n                                                </div>\n                                                <div class=\"os-app-caps\">\n                                                    Google Play\n                                                    <span>Get It Now</span>\n                                                </div>\n                                            </div>\n                                        </a>\n                                        <a href=\"#\" class=\"other-store-link\">\n                                            <div class=\"other-store-app\">\n                                                <div class=\"os-app-icon\">\n                                                    <i class=\"lni-apple theme-cl\"></i>\n                                                </div>\n                                                <div class=\"os-app-caps\">\n                                                    App Store\n                                                    <span>Now it Available</span>\n                                                </div>\n                                            </div>\n                                        </a>\n                                    </div>\n                                </div>\n                ','published',NULL,'2022-01-19 07:35:34','2022-01-19 07:35:34'),(4,'How It Works?','how-it-works','','\n                                    <div class=\"raw-html-embed\">\n                                        <section>\n                                            <div class=\"container\">\n\n                                                <div class=\"row justify-content-center\">\n                                                    <div class=\"col-lg-7 col-md-10 text-center\">\n                                                        <div class=\"sec-heading center\">\n                                                            <h2>How It Works?</h2>\n                                                            <p>At vero eos et accusamus et iusto odio dignissimos ducimus qui blanditiis praesentium voluptatum deleniti atque corrupti quos dolores</p>\n                                                        </div>\n                                                    </div>\n                                                </div>\n\n                                                <div class=\"row\">\n                                                    <div class=\"col-lg-4 col-md-4\">\n                                                        <div class=\"middle-icon-features-item\">\n                                                            <div class=\"icon-features-wrap\"><div class=\"middle-icon-large-features-box f-light-success\"><i class=\"ti-receipt text-success\"></i></div></div>\n                                                            <div class=\"middle-icon-features-content\">\n                                                                <h4>Evaluate Property</h4>\n                                                                <p>There are many variations of passages of Lorem Ipsum available, but the majority have Ipsum available.</p>\n                                                            </div>\n                                                        </div>\n                                                    </div>\n\n                                                    <div class=\"col-lg-4 col-md-4\">\n                                                        <div class=\"middle-icon-features-item\">\n                                                            <div class=\"icon-features-wrap\"><div class=\"middle-icon-large-features-box f-light-warning\"><i class=\"ti-user text-warning\"></i></div></div>\n                                                            <div class=\"middle-icon-features-content\">\n                                                                <h4>Meet Your Agent</h4>\n                                                                <p>There are many variations of passages of Lorem Ipsum available, but the majority have Ipsum available.</p>\n                                                            </div>\n                                                        </div>\n                                                    </div>\n\n                                                    <div class=\"col-lg-4 col-md-4\">\n                                                        <div class=\"middle-icon-features-item remove\">\n                                                            <div class=\"icon-features-wrap\"><div class=\"middle-icon-large-features-box f-light-blue\"><i class=\"ti-shield text-blue\"></i></div></div>\n                                                            <div class=\"middle-icon-features-content\">\n                                                                <h4>Close The Deal</h4>\n                                                                <p>There are many variations of passages of Lorem Ipsum available, but the majority have Ipsum available.</p>\n                                                            </div>\n                                                        </div>\n                                                    </div>\n                                                </div>\n\n                                            </div>\n                                        </section>\n                                    </div>','published',NULL,'2022-01-19 07:35:34','2022-01-19 07:35:34'),(5,'Achievement','achievement','','\n                                    <div class=\"raw-html-embed\">\n                                        <section>\n                                            <div class=\"container\">\n\n                                                <div class=\"row justify-content-center\">\n                                                    <div class=\"col-lg-7 col-md-10 text-center\">\n                                                        <div class=\"sec-heading center mb-4\">\n                                                            <h2>Achievement</h2>\n                                                            <p>At vero eos et accusamus et iusto odio dignissimos ducimus qui blanditiis praesentium voluptatum deleniti atque corrupti quos dolores</p>\n                                                        </div>\n                                                    </div>\n                                                </div>\n\n                                                <div class=\"row\">\n                                                    <div class=\"col-lg-3 col-md-3 col-sm-6\">\n                                                        <div class=\"achievement-wrap\">\n                                                            <div class=\"achievement-content\">\n                                                                <h4>20500+</h4>\n                                                                <p>Completed Property</p>\n                                                            </div>\n                                                        </div>\n                                                    </div>\n\n                                                    <div class=\"col-lg-3 col-md-3 col-sm-6\">\n                                                        <div class=\"achievement-wrap\">\n                                                            <div class=\"achievement-content\">\n                                                                <h4>7600+</h4>\n                                                                <p>Property Sales</p>\n                                                            </div>\n                                                        </div>\n                                                    </div>\n\n                                                    <div class=\"col-lg-3 col-md-3 col-sm-6\">\n                                                        <div class=\"achievement-wrap\">\n                                                            <div class=\"achievement-content\">\n                                                                <h4>12300+</h4>\n                                                                <p>Apartment Rent</p>\n                                                            </div>\n                                                        </div>\n                                                    </div>\n\n                                                    <div class=\"col-lg-3 col-md-3 col-sm-6\">\n                                                        <div class=\"achievement-wrap\">\n                                                            <div class=\"achievement-content\">\n                                                                <h4>15200+</h4>\n                                                                <p>Happy Clients</p>\n                                                            </div>\n                                                        </div>\n                                                    </div>\n\n                                                </div>\n\n                                            </div>\n                                        </section>\n                                        <div class=\"clearfix\"></div>\n                                    </div>','published',NULL,'2022-01-19 07:35:34','2022-01-19 07:35:34'),(6,'Our Story','our-story','','\n                                    <div class=\"raw-html-embed\">\n                                        <section>\n                                            <div class=\"container\">\n                                                <div class=\"row align-items-center\">\n\n                                                    <div class=\"col-lg-6 col-md-6\">\n                                                        <img src=\"/storage/block/sb.png\" class=\"img-fluid\" alt=\"\">\n                                                    </div>\n\n                                                    <div class=\"col-lg-6 col-md-6\">\n                                                        <div class=\"story-wrap explore-content\">\n\n                                                            <h2>Our Story</h2>\n                                                            <p>Lorem ipsum dolor sit amet, consectetur adipiscing elit, sed do eiusmod tempor incididunt ut labore et dolore magna aliqua. Ut enim ad minim veniam, quis nostrud exercitation ullamco laboris nisi ut aliquip ex ea commodo consequat.</p>\n                                                            <p>Lorem ipsum dolor sit amet, consectetur adipiscing elit, sed do eiusmod tempor incididunt ut labore et dolore magna aliqua. Ut enim ad minim veniam, quis nostrud exercitation ullamco laboris nisi ut aliquip.</p>\n\n                                                        </div>\n                                                    </div>\n                                                </div>\n                                            </div>\n                                        </section>\n                                    </div>\n                ','published',NULL,'2022-01-19 07:35:34','2022-01-19 07:35:34'),(7,'Our mission','our-mission','','\n                            <div class=\"raw-html-embed\">\n                                <section>\n                                    <div class=\"container\">\n\n                                        <div class=\"row\">\n                                            <div class=\"col-lg-12 col-md-12\">\n                                                <div class=\"sec-heading center\">\n                                                    <h2>Our Mission &amp; Work Process</h2>\n                                                    <p>Professional &amp; Dedicated Team</p>\n                                                </div>\n                                            </div>\n                                        </div>\n\n                                        <div class=\"row align-items-center\">\n\n                                            <div class=\"col-lg-6 col-md-6\">\n\n                                                <div class=\"icon-mi-left\">\n                                                    <i class=\"ti-lock theme-cl\"></i>\n                                                    <div class=\"icon-mi-left-content\">\n                                                        <h4>Fully Secure &amp; 24x7 Dedicated Support</h4>\n                                                        <p>If you are an individual client, or just a business startup looking for good backlinks for your website.</p>\n                                                    </div>\n                                                </div>\n\n                                                <div class=\"icon-mi-left\">\n                                                    <i class=\"ti-twitter theme-cl\"></i>\n                                                    <div class=\"icon-mi-left-content\">\n                                                        <h4>Manage your Social &amp; Busness Account Carefully</h4>\n                                                        <p>If you are an individual client, or just a business startup looking for good backlinks for your website.</p>\n                                                    </div>\n                                                </div>\n\n                                                <div class=\"icon-mi-left\">\n                                                    <i class=\"ti-layers theme-cl\"></i>\n                                                    <div class=\"icon-mi-left-content\">\n                                                        <h4>We are Very Hard Worker and loving</h4>\n                                                        <p>If you are an individual client, or just a business startup looking for good backlinks for your website.</p>\n                                                    </div>\n                                                </div>\n\n                                            </div>\n\n                                            <div class=\"col-lg-6 col-md-6\">\n                                                <img src=\"/storage/block/vec-2.png\" class=\"img-fluid\" alt=\"\">\n                                            </div>\n\n                                        </div>\n                                    </div>\n                                </section>\n                            </div>\n                ','published',NULL,'2022-01-19 07:35:34','2022-01-19 07:35:34');
/*!40000 ALTER TABLE `blocks` ENABLE KEYS */;
UNLOCK TABLES;

--
-- Table structure for table `blocks_translations`
--

DROP TABLE IF EXISTS `blocks_translations`;
/*!40101 SET @saved_cs_client     = @@character_set_client */;
/*!50503 SET character_set_client = utf8mb4 */;
CREATE TABLE `blocks_translations` (
  `lang_code` varchar(191) COLLATE utf8mb4_unicode_ci NOT NULL,
  `blocks_id` int(11) NOT NULL,
  `name` varchar(255) COLLATE utf8mb4_unicode_ci DEFAULT NULL,
  `description` varchar(255) COLLATE utf8mb4_unicode_ci DEFAULT NULL,
  `content` longtext COLLATE utf8mb4_unicode_ci,
  PRIMARY KEY (`lang_code`,`blocks_id`)
) ENGINE=InnoDB DEFAULT CHARSET=utf8mb4 COLLATE=utf8mb4_unicode_ci;
/*!40101 SET character_set_client = @saved_cs_client */;

--
-- Dumping data for table `blocks_translations`
--

LOCK TABLES `blocks_translations` WRITE;
/*!40000 ALTER TABLE `blocks_translations` DISABLE KEYS */;
INSERT INTO `blocks_translations` VALUES ('vi',1,'Sign up','','\n                                <div class=\"raw-html-embed\">\n                                    <section class=\"theme-bg call-to-act-wrap\">\n                                        <div class=\"container\">\n                                            <div class=\"row\">\n                                                <div class=\"col-lg-12\">\n\n                                                    <div class=\"call-to-act\">\n                                                        <div class=\"call-to-act-head\">\n                                                            <h3>Want to Become a Real Estate Agent?</h3>\n                                                            <span>We\'ll help you to grow your career and growth.</span>\n                                                        </div>\n                                                        <a href=\"/register\" class=\"btn btn-call-to-act\">Sign Up Today</a>\n                                                    </div>\n\n                                                </div>\n                                            </div>\n                                        </div>\n                                    </section>\n                                </div>\n                '),('vi',2,'Download App','','\n                                    <div class=\"raw-html-embed\">\n                                        <section class=\"bg-light\">\n                                            <div class=\"container\">\n                                                <div class=\"row align-items-center\">\n                                                    <div class=\"col-lg-7 col-md-12 col-sm-12 content-column\">\n                                                        <div class=\"content_block_2\">\n                                                            <div class=\"content-box\">\n                                                            <div class=\"sec-title light\">\n                                                                <p class=\"text-blue\">Download apps</p>\n                                                                <h2>Download App Free App For Android And IPhone</h2>\n                                                            </div>\n                                                            <div class=\"text\"><p></p></div>\n                                                            <div class=\"btn-box clearfix mt-5\">\n                                                                <a href=\"\" class=\"download-btn play-store\"\n                                                                ><i class=\"fab fa-google-play\"></i> <span>Download on</span>\n                                                                <h3>Google Play</h3></a\n                                                                >\n                                                                <a href=\"\" class=\"download-btn app-store\"\n                                                                ><i class=\"fab fa-apple\"></i> <span>Download on</span>\n                                                                <h3>App Store</h3></a\n                                                                >\n                                                            </div>\n                                                            </div>\n                                                        </div>\n                                                    </div>\n                                                    <div class=\"col-lg-5 col-md-12 col-sm-12 image-column\">\n                                                        <div class=\"image-box\">\n                                                            <figure class=\"image\">\n                                                            <img\n                                                                src=\"/storage/banners/app.png\"\n                                                                alt=\"image\"\n                                                                class=\"img-fluid\"\n                                                            />\n                                                            </figure>\n                                                        </div>\n                                                    </div>\n                                                </div>\n                                            </div>\n                                        </section>\n                                    </div>\n\n                '),('vi',3,'Download App Footer','','\n                                    <div class=\"raw-html-embed\">\n                                        <div class=\"footer-widget\">\n                                            <h4 class=\"widget-title\">Download Apps</h4>\n                                            <a href=\"#\" class=\"other-store-link\">\n                                                <div class=\"other-store-app\">\n                                                    <div class=\"os-app-icon\">\n                                                        <i class=\"lni-playstore theme-cl\"></i>\n                                                    </div>\n                                                    <div class=\"os-app-caps\">\n                                                        Google Play\n                                                        <span>Get It Now</span>\n                                                    </div>\n                                                </div>\n                                            </a>\n                                            <a href=\"#\" class=\"other-store-link\">\n                                                <div class=\"other-store-app\">\n                                                    <div class=\"os-app-icon\">\n                                                        <i class=\"lni-apple theme-cl\"></i>\n                                                    </div>\n                                                    <div class=\"os-app-caps\">\n                                                        App Store\n                                                        <span>Now it Available</span>\n                                                    </div>\n                                                </div>\n                                            </a>\n                                        </div>\n                                    </div>\n                '),('vi',4,'How It Works?','','\n                                <div class=\"raw-html-embed\">\n                                    <section>\n                                        <div class=\"container\">\n\n                                            <div class=\"row justify-content-center\">\n                                                <div class=\"col-lg-7 col-md-10 text-center\">\n                                                    <div class=\"sec-heading center\">\n                                                        <h2>How It Works?</h2>\n                                                        <p>At vero eos et accusamus et iusto odio dignissimos ducimus qui blanditiis praesentium voluptatum deleniti atque corrupti quos dolores</p>\n                                                    </div>\n                                                </div>\n                                            </div>\n\n                                            <div class=\"row\">\n                                                <div class=\"col-lg-4 col-md-4\">\n                                                    <div class=\"middle-icon-features-item\">\n                                                        <div class=\"icon-features-wrap\"><div class=\"middle-icon-large-features-box f-light-success\"><i class=\"ti-receipt text-success\"></i></div></div>\n                                                        <div class=\"middle-icon-features-content\">\n                                                            <h4>Evaluate Property</h4>\n                                                            <p>There are many variations of passages of Lorem Ipsum available, but the majority have Ipsum available.</p>\n                                                        </div>\n                                                    </div>\n                                                </div>\n\n                                                <div class=\"col-lg-4 col-md-4\">\n                                                    <div class=\"middle-icon-features-item\">\n                                                        <div class=\"icon-features-wrap\"><div class=\"middle-icon-large-features-box f-light-warning\"><i class=\"ti-user text-warning\"></i></div></div>\n                                                        <div class=\"middle-icon-features-content\">\n                                                            <h4>Meet Your Agent</h4>\n                                                            <p>There are many variations of passages of Lorem Ipsum available, but the majority have Ipsum available.</p>\n                                                        </div>\n                                                    </div>\n                                                </div>\n\n                                                <div class=\"col-lg-4 col-md-4\">\n                                                    <div class=\"middle-icon-features-item remove\">\n                                                        <div class=\"icon-features-wrap\"><div class=\"middle-icon-large-features-box f-light-blue\"><i class=\"ti-shield text-blue\"></i></div></div>\n                                                        <div class=\"middle-icon-features-content\">\n                                                            <h4>Close The Deal</h4>\n                                                            <p>There are many variations of passages of Lorem Ipsum available, but the majority have Ipsum available.</p>\n                                                        </div>\n                                                    </div>\n                                                </div>\n                                            </div>\n\n                                        </div>\n                                    </section>\n                                </div>'),('vi',5,'Achievement','','\n                                <div class=\"raw-html-embed\">\n                                    <section>\n                                        <div class=\"container\">\n\n                                            <div class=\"row justify-content-center\">\n                                                <div class=\"col-lg-7 col-md-10 text-center\">\n                                                    <div class=\"sec-heading center mb-4\">\n                                                        <h2>Achievement</h2>\n                                                        <p>At vero eos et accusamus et iusto odio dignissimos ducimus qui blanditiis praesentium voluptatum deleniti atque corrupti quos dolores</p>\n                                                    </div>\n                                                </div>\n                                            </div>\n\n                                            <div class=\"row\">\n                                                <div class=\"col-lg-3 col-md-3 col-sm-6\">\n                                                    <div class=\"achievement-wrap\">\n                                                        <div class=\"achievement-content\">\n                                                            <h4>20500+</h4>\n                                                            <p>Completed Property</p>\n                                                        </div>\n                                                    </div>\n                                                </div>\n\n                                                <div class=\"col-lg-3 col-md-3 col-sm-6\">\n                                                    <div class=\"achievement-wrap\">\n                                                        <div class=\"achievement-content\">\n                                                            <h4>7600+</h4>\n                                                            <p>Property Sales</p>\n                                                        </div>\n                                                    </div>\n                                                </div>\n\n                                                <div class=\"col-lg-3 col-md-3 col-sm-6\">\n                                                    <div class=\"achievement-wrap\">\n                                                        <div class=\"achievement-content\">\n                                                            <h4>12300+</h4>\n                                                            <p>Apartment Rent</p>\n                                                        </div>\n                                                    </div>\n                                                </div>\n\n                                                <div class=\"col-lg-3 col-md-3 col-sm-6\">\n                                                    <div class=\"achievement-wrap\">\n                                                        <div class=\"achievement-content\">\n                                                            <h4>15200+</h4>\n                                                            <p>Happy Clients</p>\n                                                        </div>\n                                                    </div>\n                                                </div>\n\n                                            </div>\n\n                                        </div>\n                                    </section>\n                                    <div class=\"clearfix\"></div>\n                                </div>'),('vi',6,'Our Story','','\n                                <div class=\"raw-html-embed\">\n                                    <section>\n                                        <div class=\"container\">\n                                            <div class=\"row align-items-center\">\n\n                                                <div class=\"col-lg-6 col-md-6\">\n                                                    <img src=\"/storage/block/sb.png\" class=\"img-fluid\" alt=\"\">\n                                                </div>\n\n                                                <div class=\"col-lg-6 col-md-6\">\n                                                    <div class=\"story-wrap explore-content\">\n\n                                                        <h2>Our Story</h2>\n                                                        <p>Lorem ipsum dolor sit amet, consectetur adipiscing elit, sed do eiusmod tempor incididunt ut labore et dolore magna aliqua. Ut enim ad minim veniam, quis nostrud exercitation ullamco laboris nisi ut aliquip ex ea commodo consequat.</p>\n                                                        <p>Lorem ipsum dolor sit amet, consectetur adipiscing elit, sed do eiusmod tempor incididunt ut labore et dolore magna aliqua. Ut enim ad minim veniam, quis nostrud exercitation ullamco laboris nisi ut aliquip.</p>\n\n                                                    </div>\n                                                </div>\n                                            </div>\n                                        </div>\n                                    </section>\n                                </div>\n                '),('vi',7,'Our Story','','\n                                <div class=\"raw-html-embed\">\n                                    <section>\n                                        <div class=\"container\">\n                                            <div class=\"row align-items-center\">\n\n                                                <div class=\"col-lg-6 col-md-6\">\n                                                    <img src=\"/storage/block/sb.png\" class=\"img-fluid\" alt=\"\">\n                                                </div>\n\n                                                <div class=\"col-lg-6 col-md-6\">\n                                                    <div class=\"story-wrap explore-content\">\n\n                                                        <h2>Our Story</h2>\n                                                        <p>Lorem ipsum dolor sit amet, consectetur adipiscing elit, sed do eiusmod tempor incididunt ut labore et dolore magna aliqua. Ut enim ad minim veniam, quis nostrud exercitation ullamco laboris nisi ut aliquip ex ea commodo consequat.</p>\n                                                        <p>Lorem ipsum dolor sit amet, consectetur adipiscing elit, sed do eiusmod tempor incididunt ut labore et dolore magna aliqua. Ut enim ad minim veniam, quis nostrud exercitation ullamco laboris nisi ut aliquip.</p>\n\n                                                    </div>\n                                                </div>\n                                            </div>\n                                        </div>\n                                    </section>\n                                </div>\n                '),('vi',8,'Our mission','','\n                            <div class=\"raw-html-embed\">\n                                <section>\n                                    <div class=\"container\">\n                                        <div class=\"row\">\n                                            <div class=\"col-lg-12 col-md-12\">\n                                                <div class=\"sec-heading center\">\n                                                    <h2>Our Mission &amp; Work Process</h2>\n                                                    <p>Professional &amp; Dedicated Team</p>\n                                                </div>\n                                            </div>\n                                        </div>\n                                        <div class=\"row align-items-center\">\n                                            <div class=\"col-lg-6 col-md-6\">\n                                                <div class=\"icon-mi-left\">\n                                                    <i class=\"ti-lock theme-cl\"></i>\n                                                    <div class=\"icon-mi-left-content\">\n                                                        <h4>Fully Secure &amp; 24x7 Dedicated Support</h4>\n                                                        <p>If you are an individual client, or just a business startup looking for good backlinks for your website.</p>\n                                                    </div>\n                                                </div>\n                                                <div class=\"icon-mi-left\">\n                                                    <i class=\"ti-twitter theme-cl\"></i>\n                                                    <div class=\"icon-mi-left-content\">\n                                                        <h4>Manage your Social &amp; Busness Account Carefully</h4>\n                                                        <p>If you are an individual client, or just a business startup looking for good backlinks for your website.</p>\n                                                    </div>\n                                                </div>\n                                                <div class=\"icon-mi-left\">\n                                                    <i class=\"ti-layers theme-cl\"></i>\n                                                    <div class=\"icon-mi-left-content\">\n                                                        <h4>We are Very Hard Worker and loving</h4>\n                                                        <p>If you are an individual client, or just a business startup looking for good backlinks for your website.</p>\n                                                    </div>\n                                                </div>\n                                            </div>\n                                            <div class=\"col-lg-6 col-md-6\">\n                                                <img src=\"/storage/block/vec-2.png\" class=\"img-fluid\" alt=\"\">\n                                            </div>\n                                        </div>\n                                    </div>\n                                </section>\n                            </div>\n                ');
/*!40000 ALTER TABLE `blocks_translations` ENABLE KEYS */;
UNLOCK TABLES;

--
-- Table structure for table `categories`
--

DROP TABLE IF EXISTS `categories`;
/*!40101 SET @saved_cs_client     = @@character_set_client */;
/*!50503 SET character_set_client = utf8mb4 */;
CREATE TABLE `categories` (
  `id` bigint(20) unsigned NOT NULL AUTO_INCREMENT,
  `name` varchar(120) COLLATE utf8mb4_unicode_ci NOT NULL,
  `parent_id` int(10) unsigned NOT NULL DEFAULT '0',
  `description` varchar(400) COLLATE utf8mb4_unicode_ci DEFAULT NULL,
  `status` varchar(60) COLLATE utf8mb4_unicode_ci NOT NULL DEFAULT 'published',
  `author_id` int(11) NOT NULL,
  `author_type` varchar(255) COLLATE utf8mb4_unicode_ci NOT NULL DEFAULT 'Botble\\ACL\\Models\\User',
  `icon` varchar(60) COLLATE utf8mb4_unicode_ci DEFAULT NULL,
  `order` tinyint(4) NOT NULL DEFAULT '0',
  `is_featured` tinyint(4) NOT NULL DEFAULT '0',
  `is_default` tinyint(3) unsigned NOT NULL DEFAULT '0',
  `created_at` timestamp NULL DEFAULT NULL,
  `updated_at` timestamp NULL DEFAULT NULL,
  PRIMARY KEY (`id`)
) ENGINE=InnoDB AUTO_INCREMENT=5 DEFAULT CHARSET=utf8mb4 COLLATE=utf8mb4_unicode_ci;
/*!40101 SET character_set_client = @saved_cs_client */;

--
-- Dumping data for table `categories`
--

LOCK TABLES `categories` WRITE;
/*!40000 ALTER TABLE `categories` DISABLE KEYS */;
INSERT INTO `categories` VALUES (1,'Latest news',0,NULL,'published',1,'Botble\\ACL\\Models\\User',NULL,0,0,0,'2022-01-19 07:35:57','2022-01-19 07:35:57'),(2,'House architecture',0,NULL,'published',1,'Botble\\ACL\\Models\\User',NULL,0,0,0,'2022-01-19 07:35:57','2022-01-19 07:35:57'),(3,'House design',0,NULL,'published',1,'Botble\\ACL\\Models\\User',NULL,0,0,0,'2022-01-19 07:35:57','2022-01-19 07:35:57'),(4,'Building materials',0,NULL,'published',1,'Botble\\ACL\\Models\\User',NULL,0,0,0,'2022-01-19 07:35:57','2022-01-19 07:35:57');
/*!40000 ALTER TABLE `categories` ENABLE KEYS */;
UNLOCK TABLES;

--
-- Table structure for table `categories_translations`
--

DROP TABLE IF EXISTS `categories_translations`;
/*!40101 SET @saved_cs_client     = @@character_set_client */;
/*!50503 SET character_set_client = utf8mb4 */;
CREATE TABLE `categories_translations` (
  `lang_code` varchar(191) COLLATE utf8mb4_unicode_ci NOT NULL,
  `categories_id` int(11) NOT NULL,
  `name` varchar(255) COLLATE utf8mb4_unicode_ci DEFAULT NULL,
  `description` varchar(400) COLLATE utf8mb4_unicode_ci DEFAULT NULL,
  PRIMARY KEY (`lang_code`,`categories_id`)
) ENGINE=InnoDB DEFAULT CHARSET=utf8mb4 COLLATE=utf8mb4_unicode_ci;
/*!40101 SET character_set_client = @saved_cs_client */;

--
-- Dumping data for table `categories_translations`
--

LOCK TABLES `categories_translations` WRITE;
/*!40000 ALTER TABLE `categories_translations` DISABLE KEYS */;
INSERT INTO `categories_translations` VALUES ('vi',1,'Tin tức mới nhất',NULL),('vi',2,'Kiến trúc nhà',NULL),('vi',3,'Thiết kế nhà',NULL),('vi',4,'Vật liệu xây dựng',NULL);
/*!40000 ALTER TABLE `categories_translations` ENABLE KEYS */;
UNLOCK TABLES;

--
-- Table structure for table `cities`
--

DROP TABLE IF EXISTS `cities`;
/*!40101 SET @saved_cs_client     = @@character_set_client */;
/*!50503 SET character_set_client = utf8mb4 */;
CREATE TABLE `cities` (
  `id` bigint(20) unsigned NOT NULL AUTO_INCREMENT,
  `name` varchar(120) COLLATE utf8mb4_unicode_ci NOT NULL,
  `state_id` int(10) unsigned DEFAULT NULL,
  `country_id` int(10) unsigned DEFAULT NULL,
  `record_id` varchar(40) COLLATE utf8mb4_unicode_ci DEFAULT NULL,
  `order` tinyint(4) NOT NULL DEFAULT '0',
  `is_featured` tinyint(3) unsigned NOT NULL DEFAULT '0',
  `status` varchar(60) COLLATE utf8mb4_unicode_ci NOT NULL DEFAULT 'published',
  `created_at` timestamp NULL DEFAULT NULL,
  `updated_at` timestamp NULL DEFAULT NULL,
  `slug` varchar(120) COLLATE utf8mb4_unicode_ci DEFAULT NULL,
  PRIMARY KEY (`id`),
  UNIQUE KEY `cities_slug_unique` (`slug`)
) ENGINE=InnoDB AUTO_INCREMENT=905 DEFAULT CHARSET=utf8mb4 COLLATE=utf8mb4_unicode_ci;
/*!40101 SET character_set_client = @saved_cs_client */;

--
-- Dumping data for table `cities`
--

LOCK TABLES `cities` WRITE;
/*!40000 ALTER TABLE `cities` DISABLE KEYS */;
INSERT INTO `cities` VALUES (1,'Newark',35,1,NULL,0,1,'published','2022-01-19 07:35:14','2022-01-19 07:35:14','newark'),(2,'Peoria',17,1,NULL,0,1,'published','2022-01-19 07:35:14','2022-01-19 07:35:14','peoria'),(3,'O\'Fallon',30,1,NULL,0,1,'published','2022-01-19 07:35:14','2022-01-19 07:35:14','ofallon'),(4,'Hampton',55,1,NULL,0,1,'published','2022-01-19 07:35:14','2022-01-19 07:35:14','hampton'),(5,'Lakewood',7,1,NULL,0,1,'published','2022-01-19 07:35:14','2022-01-19 07:35:14','lakewood'),(6,'Mesa',4,1,NULL,0,1,'published','2022-01-19 07:35:14','2022-01-19 07:35:14','mesa'),(7,'Bryan',51,1,NULL,0,0,'published','2022-01-19 07:35:14','2022-01-19 07:35:14','bryan'),(8,'Garland',51,1,NULL,0,0,'published','2022-01-19 07:35:14','2022-01-19 07:35:14','garland'),(9,'Springfield',17,1,NULL,0,0,'published','2022-01-19 07:35:14','2022-01-19 07:35:14','springfield'),(10,'Flint',27,1,NULL,0,0,'published','2022-01-19 07:35:14','2022-01-19 07:35:14','flint'),(11,'Tacoma',56,1,NULL,0,0,'published','2022-01-19 07:35:14','2022-01-19 07:35:14','tacoma'),(12,'Waterbury',8,1,NULL,0,0,'published','2022-01-19 07:35:14','2022-01-19 07:35:14','waterbury'),(13,'Eagan',28,1,NULL,0,0,'published','2022-01-19 07:35:14','2022-01-19 07:35:14','eagan'),(14,'Fort Smith',5,1,NULL,0,0,'published','2022-01-19 07:35:14','2022-01-19 07:35:14','fort-smith'),(15,'Carmichael',6,1,NULL,0,0,'published','2022-01-19 07:35:14','2022-01-19 07:35:14','carmichael'),(16,'Daly City',6,1,NULL,0,0,'published','2022-01-19 07:35:14','2022-01-19 07:35:14','daly-city'),(17,'Murrieta',6,1,NULL,0,0,'published','2022-01-19 07:35:14','2022-01-19 07:35:14','murrieta'),(18,'Brentwood',37,1,NULL,0,0,'published','2022-01-19 07:35:14','2022-01-19 07:35:14','brentwood'),(19,'Quincy',26,1,NULL,0,0,'published','2022-01-19 07:35:14','2022-01-19 07:35:14','quincy'),(20,'Boulder',7,1,NULL,0,0,'published','2022-01-19 07:35:14','2022-01-19 07:35:14','boulder'),(21,'Evanston',17,1,NULL,0,0,'published','2022-01-19 07:35:14','2022-01-19 07:35:14','evanston'),(22,'Dothan',1,1,NULL,0,0,'published','2022-01-19 07:35:14','2022-01-19 07:35:14','dothan'),(23,'Antioch',6,1,NULL,0,0,'published','2022-01-19 07:35:14','2022-01-19 07:35:14','antioch'),(24,'Madison',58,1,NULL,0,0,'published','2022-01-19 07:35:14','2022-01-19 07:35:14','madison'),(25,'Victorville',6,1,NULL,0,0,'published','2022-01-19 07:35:14','2022-01-19 07:35:14','victorville'),(26,'Billings',31,1,NULL,0,0,'published','2022-01-19 07:35:14','2022-01-19 07:35:14','billings'),(27,'Sandy Springs',13,1,NULL,0,0,'published','2022-01-19 07:35:14','2022-01-19 07:35:14','sandy-springs'),(28,'Iowa City',19,1,NULL,0,0,'published','2022-01-19 07:35:14','2022-01-19 07:35:14','iowa-city'),(29,'Largo',12,1,NULL,0,0,'published','2022-01-19 07:35:14','2022-01-19 07:35:14','largo'),(30,'Shreveport',22,1,NULL,0,0,'published','2022-01-19 07:35:14','2022-01-19 07:35:14','shreveport'),(31,'Kalamazoo',27,1,NULL,0,0,'published','2022-01-19 07:35:14','2022-01-19 07:35:14','kalamazoo'),(32,'Round Rock',51,1,NULL,0,0,'published','2022-01-19 07:35:14','2022-01-19 07:35:14','round-rock'),(33,'Richmond',6,1,NULL,0,0,'published','2022-01-19 07:35:14','2022-01-19 07:35:14','richmond'),(34,'Columbia',30,1,NULL,0,0,'published','2022-01-19 07:35:14','2022-01-19 07:35:14','columbia'),(35,'Sandy',52,1,NULL,0,0,'published','2022-01-19 07:35:14','2022-01-19 07:35:14','sandy'),(36,'Hoover',1,1,NULL,0,0,'published','2022-01-19 07:35:14','2022-01-19 07:35:14','hoover'),(37,'Fullerton',6,1,NULL,0,0,'published','2022-01-19 07:35:14','2022-01-19 07:35:14','fullerton'),(38,'Rapid City',49,1,NULL,0,0,'published','2022-01-19 07:35:15','2022-01-19 07:35:15','rapid-city'),(39,'Newport Beach',6,1,NULL,0,0,'published','2022-01-19 07:35:15','2022-01-19 07:35:15','newport-beach'),(40,'Columbus',13,1,NULL,0,0,'published','2022-01-19 07:35:15','2022-01-19 07:35:15','columbus'),(41,'Palm Coast',12,1,NULL,0,0,'published','2022-01-19 07:35:15','2022-01-19 07:35:15','palm-coast'),(42,'Albany',13,1,NULL,0,0,'published','2022-01-19 07:35:15','2022-01-19 07:35:15','albany'),(43,'Jurupa Valley',6,1,NULL,0,0,'published','2022-01-19 07:35:15','2022-01-19 07:35:15','jurupa-valley'),(44,'Providence',47,1,NULL,0,0,'published','2022-01-19 07:35:15','2022-01-19 07:35:15','providence'),(45,'Decatur',17,1,NULL,0,0,'published','2022-01-19 07:35:15','2022-01-19 07:35:15','decatur'),(46,'Scranton',45,1,NULL,0,0,'published','2022-01-19 07:35:15','2022-01-19 07:35:15','scranton'),(47,'Anaheim',6,1,NULL,0,0,'published','2022-01-19 07:35:15','2022-01-19 07:35:15','anaheim'),(48,'Rochester',37,1,NULL,0,0,'published','2022-01-19 07:35:15','2022-01-19 07:35:15','rochester'),(49,'Buffalo',37,1,NULL,0,0,'published','2022-01-19 07:35:15','2022-01-19 07:35:15','buffalo'),(50,'Santa Ana',6,1,NULL,0,0,'published','2022-01-19 07:35:15','2022-01-19 07:35:15','santa-ana'),(51,'Sunnyvale',6,1,NULL,0,0,'published','2022-01-19 07:35:15','2022-01-19 07:35:15','sunnyvale'),(52,'Augusta-Richmond County consolidated government',13,1,NULL,0,0,'published','2022-01-19 07:35:15','2022-01-19 07:35:15','augusta-richmond-county-consolidated-government'),(53,'Milwaukee',58,1,NULL,0,0,'published','2022-01-19 07:35:15','2022-01-19 07:35:15','milwaukee'),(54,'Conroe',51,1,NULL,0,0,'published','2022-01-19 07:35:15','2022-01-19 07:35:15','conroe'),(55,'Savannah',13,1,NULL,0,0,'published','2022-01-19 07:35:15','2022-01-19 07:35:15','savannah'),(56,'German',25,1,NULL,0,0,'published','2022-01-19 07:35:15','2022-01-19 07:35:15','german'),(57,'Costa Mesa',6,1,NULL,0,0,'published','2022-01-19 07:35:15','2022-01-19 07:35:15','costa-mesa'),(58,'New Haven',8,1,NULL,0,0,'published','2022-01-19 07:35:15','2022-01-19 07:35:15','new-haven'),(59,'Westland',27,1,NULL,0,0,'published','2022-01-19 07:35:15','2022-01-19 07:35:15','westland'),(60,'Waldorf',25,1,NULL,0,0,'published','2022-01-19 07:35:15','2022-01-19 07:35:15','waldorf'),(61,'Cedar Rapids',19,1,NULL,0,0,'published','2022-01-19 07:35:15','2022-01-19 07:35:15','cedar-rapids'),(62,'Troy',27,1,NULL,0,0,'published','2022-01-19 07:35:15','2022-01-19 07:35:15','troy'),(63,'Kirkland',56,1,NULL,0,0,'published','2022-01-19 07:35:15','2022-01-19 07:35:15','kirkland'),(64,'Santa Barbara',6,1,NULL,0,0,'published','2022-01-19 07:35:15','2022-01-19 07:35:15','santa-barbara'),(65,'Lake Forest',6,1,NULL,0,0,'published','2022-01-19 07:35:15','2022-01-19 07:35:15','lake-forest'),(66,'Chino',6,1,NULL,0,0,'published','2022-01-19 07:35:15','2022-01-19 07:35:15','chino'),(67,'Tucson',4,1,NULL,0,0,'published','2022-01-19 07:35:15','2022-01-19 07:35:15','tucson'),(68,'Boise',16,1,NULL,0,0,'published','2022-01-19 07:35:15','2022-01-19 07:35:15','boise'),(69,'Joliet',17,1,NULL,0,0,'published','2022-01-19 07:35:15','2022-01-19 07:35:15','joliet'),(70,'Metairie',22,1,NULL,0,0,'published','2022-01-19 07:35:15','2022-01-19 07:35:15','metairie'),(71,'Moreno Valley',6,1,NULL,0,0,'published','2022-01-19 07:35:15','2022-01-19 07:35:15','moreno-valley'),(72,'Elizabeth',35,1,NULL,0,0,'published','2022-01-19 07:35:15','2022-01-19 07:35:15','elizabeth'),(73,'Wyoming',27,1,NULL,0,0,'published','2022-01-19 07:35:15','2022-01-19 07:35:15','wyoming'),(74,'Norman',42,1,NULL,0,0,'published','2022-01-19 07:35:15','2022-01-19 07:35:15','norman'),(75,'Frisco',51,1,NULL,0,0,'published','2022-01-19 07:35:15','2022-01-19 07:35:15','frisco'),(76,'Waterloo',19,1,NULL,0,0,'published','2022-01-19 07:35:15','2022-01-19 07:35:15','waterloo'),(77,'Oakland',6,1,NULL,0,0,'published','2022-01-19 07:35:15','2022-01-19 07:35:15','oakland'),(78,'Jonesboro',5,1,NULL,0,0,'published','2022-01-19 07:35:15','2022-01-19 07:35:15','jonesboro'),(79,'Mission',51,1,NULL,0,0,'published','2022-01-19 07:35:15','2022-01-19 07:35:15','mission'),(80,'Midland',51,1,NULL,0,0,'published','2022-01-19 07:35:15','2022-01-19 07:35:15','midland'),(81,'Lansing',27,1,NULL,0,0,'published','2022-01-19 07:35:15','2022-01-19 07:35:15','lansing'),(82,'Springdale',5,1,NULL,0,0,'published','2022-01-19 07:35:15','2022-01-19 07:35:15','springdale'),(83,'Bay',51,1,NULL,0,0,'published','2022-01-19 07:35:15','2022-01-19 07:35:15','bay'),(84,'Apple Valley',6,1,NULL,0,0,'published','2022-01-19 07:35:15','2022-01-19 07:35:15','apple-valley'),(85,'Brockton',26,1,NULL,0,0,'published','2022-01-19 07:35:15','2022-01-19 07:35:15','brockton'),(86,'Poinciana',12,1,NULL,0,0,'published','2022-01-19 07:35:15','2022-01-19 07:35:15','poinciana'),(87,'Davis',6,1,NULL,0,0,'published','2022-01-19 07:35:15','2022-01-19 07:35:15','davis'),(88,'Saint Louis',30,1,NULL,0,0,'published','2022-01-19 07:35:15','2022-01-19 07:35:15','saint-louis'),(89,'Lehigh Acres',12,1,NULL,0,0,'published','2022-01-19 07:35:15','2022-01-19 07:35:15','lehigh-acres'),(90,'Henderson',33,1,NULL,0,0,'published','2022-01-19 07:35:15','2022-01-19 07:35:15','henderson'),(91,'Los Angeles',6,1,NULL,0,0,'published','2022-01-19 07:35:15','2022-01-19 07:35:15','los-angeles'),(92,'Boca Raton',12,1,NULL,0,0,'published','2022-01-19 07:35:16','2022-01-19 07:35:16','boca-raton'),(93,'Union City',6,1,NULL,0,0,'published','2022-01-19 07:35:16','2022-01-19 07:35:16','union-city'),(94,'Lakeland',12,1,NULL,0,0,'published','2022-01-19 07:35:16','2022-01-19 07:35:16','lakeland'),(95,'Mount Pleasant',48,1,NULL,0,0,'published','2022-01-19 07:35:16','2022-01-19 07:35:16','mount-pleasant'),(96,'Des Moines',19,1,NULL,0,0,'published','2022-01-19 07:35:16','2022-01-19 07:35:16','des-moines'),(97,'Asheville',38,1,NULL,0,0,'published','2022-01-19 07:35:16','2022-01-19 07:35:16','asheville'),(98,'West Palm Beach',12,1,NULL,0,0,'published','2022-01-19 07:35:16','2022-01-19 07:35:16','west-palm-beach'),(99,'Bayonne',35,1,NULL,0,0,'published','2022-01-19 07:35:16','2022-01-19 07:35:16','bayonne'),(100,'Coral Springs',12,1,NULL,0,0,'published','2022-01-19 07:35:16','2022-01-19 07:35:16','coral-springs'),(101,'Atlanta',13,1,NULL,0,0,'published','2022-01-19 07:35:16','2022-01-19 07:35:16','atlanta'),(102,'Redlands',6,1,NULL,0,0,'published','2022-01-19 07:35:16','2022-01-19 07:35:16','redlands'),(103,'Toms River',35,1,NULL,0,0,'published','2022-01-19 07:35:16','2022-01-19 07:35:16','toms-river'),(104,'Palmdale',6,1,NULL,0,0,'published','2022-01-19 07:35:16','2022-01-19 07:35:16','palmdale'),(105,'Youngs',41,1,NULL,0,0,'published','2022-01-19 07:35:16','2022-01-19 07:35:16','youngs'),(106,'Frederick',25,1,NULL,0,0,'published','2022-01-19 07:35:16','2022-01-19 07:35:16','frederick'),(107,'Fargo',39,1,NULL,0,0,'published','2022-01-19 07:35:16','2022-01-19 07:35:16','fargo'),(108,'Cedar Park',51,1,NULL,0,0,'published','2022-01-19 07:35:16','2022-01-19 07:35:16','cedar-park'),(109,'Fort Collins',7,1,NULL,0,0,'published','2022-01-19 07:35:16','2022-01-19 07:35:16','fort-collins'),(110,'Portsmouth',55,1,NULL,0,0,'published','2022-01-19 07:35:16','2022-01-19 07:35:16','portsmouth'),(111,'Fremont',6,1,NULL,0,0,'published','2022-01-19 07:35:16','2022-01-19 07:35:16','fremont'),(112,'Bloomington',17,1,NULL,0,0,'published','2022-01-19 07:35:16','2022-01-19 07:35:16','bloomington'),(113,'Woodbury',28,1,NULL,0,0,'published','2022-01-19 07:35:16','2022-01-19 07:35:16','woodbury'),(114,'Camden',35,1,NULL,0,0,'published','2022-01-19 07:35:16','2022-01-19 07:35:16','camden'),(115,'Gresham',43,1,NULL,0,0,'published','2022-01-19 07:35:16','2022-01-19 07:35:16','gresham'),(116,'Lorain',41,1,NULL,0,0,'published','2022-01-19 07:35:16','2022-01-19 07:35:16','lorain'),(117,'South San Francisco',6,1,NULL,0,0,'published','2022-01-19 07:35:16','2022-01-19 07:35:16','south-san-francisco'),(118,'Manchester',34,1,NULL,0,0,'published','2022-01-19 07:35:16','2022-01-19 07:35:16','manchester'),(119,'Longview',51,1,NULL,0,0,'published','2022-01-19 07:35:16','2022-01-19 07:35:16','longview'),(120,'Richardson',51,1,NULL,0,0,'published','2022-01-19 07:35:16','2022-01-19 07:35:16','richardson'),(121,'Yonkers',37,1,NULL,0,0,'published','2022-01-19 07:35:16','2022-01-19 07:35:16','yonkers'),(122,'Pharr',51,1,NULL,0,0,'published','2022-01-19 07:35:16','2022-01-19 07:35:16','pharr'),(123,'Redding',6,1,NULL,0,0,'published','2022-01-19 07:35:16','2022-01-19 07:35:16','redding'),(124,'Fontana',6,1,NULL,0,0,'published','2022-01-19 07:35:16','2022-01-19 07:35:16','fontana'),(125,'Fort Lauderdale',12,1,NULL,0,0,'published','2022-01-19 07:35:16','2022-01-19 07:35:16','fort-lauderdale'),(126,'Fort Wayne',18,1,NULL,0,0,'published','2022-01-19 07:35:16','2022-01-19 07:35:16','fort-wayne'),(127,'Lancaster',6,1,NULL,0,0,'published','2022-01-19 07:35:16','2022-01-19 07:35:16','lancaster'),(128,'Flower Mound',51,1,NULL,0,0,'published','2022-01-19 07:35:16','2022-01-19 07:35:16','flower-mound'),(129,'Aurora',7,1,NULL,0,0,'published','2022-01-19 07:35:16','2022-01-19 07:35:16','aurora'),(130,'Jacksonville',12,1,NULL,0,0,'published','2022-01-19 07:35:16','2022-01-19 07:35:16','jacksonville'),(131,'Carlsbad',6,1,NULL,0,0,'published','2022-01-19 07:35:16','2022-01-19 07:35:16','carlsbad'),(132,'Grand Prairie',51,1,NULL,0,0,'published','2022-01-19 07:35:16','2022-01-19 07:35:16','grand-prairie'),(133,'Evansville',18,1,NULL,0,0,'published','2022-01-19 07:35:16','2022-01-19 07:35:16','evansville'),(134,'Saint Cloud',28,1,NULL,0,0,'published','2022-01-19 07:35:16','2022-01-19 07:35:16','saint-cloud'),(135,'Weston',12,1,NULL,0,0,'published','2022-01-19 07:35:16','2022-01-19 07:35:16','weston'),(136,'Greensboro',38,1,NULL,0,0,'published','2022-01-19 07:35:16','2022-01-19 07:35:16','greensboro'),(137,'Vallejo',6,1,NULL,0,0,'published','2022-01-19 07:35:16','2022-01-19 07:35:16','vallejo'),(138,'Bellflower',6,1,NULL,0,0,'published','2022-01-19 07:35:16','2022-01-19 07:35:16','bellflower'),(139,'Kenner',22,1,NULL,0,0,'published','2022-01-19 07:35:16','2022-01-19 07:35:16','kenner'),(140,'Albuquerque',36,1,NULL,0,0,'published','2022-01-19 07:35:16','2022-01-19 07:35:16','albuquerque'),(141,'Town \'n\' Country',12,1,NULL,0,0,'published','2022-01-19 07:35:16','2022-01-19 07:35:16','town-n-country'),(142,'Cary',38,1,NULL,0,0,'published','2022-01-19 07:35:16','2022-01-19 07:35:16','cary'),(143,'Loveland',7,1,NULL,0,0,'published','2022-01-19 07:35:16','2022-01-19 07:35:16','loveland'),(144,'Menifee',6,1,NULL,0,0,'published','2022-01-19 07:35:17','2022-01-19 07:35:17','menifee'),(145,'Mobile',1,1,NULL,0,0,'published','2022-01-19 07:35:17','2022-01-19 07:35:17','mobile'),(146,'Orem',52,1,NULL,0,0,'published','2022-01-19 07:35:17','2022-01-19 07:35:17','orem'),(147,'Baltimore',25,1,NULL,0,0,'published','2022-01-19 07:35:17','2022-01-19 07:35:17','baltimore'),(148,'Brownsville',51,1,NULL,0,0,'published','2022-01-19 07:35:17','2022-01-19 07:35:17','brownsville'),(149,'Riverview',12,1,NULL,0,0,'published','2022-01-19 07:35:17','2022-01-19 07:35:17','riverview'),(150,'Lafayette',18,1,NULL,0,0,'published','2022-01-19 07:35:17','2022-01-19 07:35:17','lafayette'),(151,'Duluth',28,1,NULL,0,0,'published','2022-01-19 07:35:17','2022-01-19 07:35:17','duluth'),(152,'Everett',56,1,NULL,0,0,'published','2022-01-19 07:35:17','2022-01-19 07:35:17','everett'),(153,'Southfield',27,1,NULL,0,0,'published','2022-01-19 07:35:17','2022-01-19 07:35:17','southfield'),(154,'Pawtucket',47,1,NULL,0,0,'published','2022-01-19 07:35:17','2022-01-19 07:35:17','pawtucket'),(155,'Reno',33,1,NULL,0,0,'published','2022-01-19 07:35:17','2022-01-19 07:35:17','reno'),(156,'Layton',52,1,NULL,0,0,'published','2022-01-19 07:35:17','2022-01-19 07:35:17','layton'),(157,'Lewisville',51,1,NULL,0,0,'published','2022-01-19 07:35:17','2022-01-19 07:35:17','lewisville'),(158,'Guaynabo',46,1,NULL,0,0,'published','2022-01-19 07:35:17','2022-01-19 07:35:17','guaynabo'),(159,'Livermore',6,1,NULL,0,0,'published','2022-01-19 07:35:17','2022-01-19 07:35:17','livermore'),(160,'Memphis',50,1,NULL,0,0,'published','2022-01-19 07:35:17','2022-01-19 07:35:17','memphis'),(161,'Lee\'s Summit',30,1,NULL,0,0,'published','2022-01-19 07:35:17','2022-01-19 07:35:17','lees-summit'),(162,'Norwalk',8,1,NULL,0,0,'published','2022-01-19 07:35:17','2022-01-19 07:35:17','norwalk'),(163,'San Antonio',51,1,NULL,0,0,'published','2022-01-19 07:35:17','2022-01-19 07:35:17','san-antonio'),(164,'Hemet',6,1,NULL,0,0,'published','2022-01-19 07:35:17','2022-01-19 07:35:17','hemet'),(165,'Abilene',51,1,NULL,0,0,'published','2022-01-19 07:35:17','2022-01-19 07:35:17','abilene'),(166,'Bolingbrook',17,1,NULL,0,0,'published','2022-01-19 07:35:17','2022-01-19 07:35:17','bolingbrook'),(167,'Roswell',13,1,NULL,0,0,'published','2022-01-19 07:35:17','2022-01-19 07:35:17','roswell'),(168,'Huntsville',1,1,NULL,0,0,'published','2022-01-19 07:35:17','2022-01-19 07:35:17','huntsville'),(169,'Livonia',27,1,NULL,0,0,'published','2022-01-19 07:35:17','2022-01-19 07:35:17','livonia'),(170,'Fort Worth',51,1,NULL,0,0,'published','2022-01-19 07:35:17','2022-01-19 07:35:17','fort-worth'),(171,'Tracy',6,1,NULL,0,0,'published','2022-01-19 07:35:17','2022-01-19 07:35:17','tracy'),(172,'Nashville',50,1,NULL,0,0,'published','2022-01-19 07:35:17','2022-01-19 07:35:17','nashville'),(173,'Independence',30,1,NULL,0,0,'published','2022-01-19 07:35:17','2022-01-19 07:35:17','independence'),(174,'Colorado Springs',7,1,NULL,0,0,'published','2022-01-19 07:35:17','2022-01-19 07:35:17','colorado-springs'),(175,'Camarillo',6,1,NULL,0,0,'published','2022-01-19 07:35:17','2022-01-19 07:35:17','camarillo'),(176,'Kendall',12,1,NULL,0,0,'published','2022-01-19 07:35:17','2022-01-19 07:35:17','kendall'),(177,'Parma',41,1,NULL,0,0,'published','2022-01-19 07:35:17','2022-01-19 07:35:17','parma'),(178,'Shawnee',20,1,NULL,0,0,'published','2022-01-19 07:35:17','2022-01-19 07:35:17','shawnee'),(179,'Bk',6,1,NULL,0,0,'published','2022-01-19 07:35:17','2022-01-19 07:35:17','bk'),(180,'San Tan Valley',4,1,NULL,0,0,'published','2022-01-19 07:35:17','2022-01-19 07:35:17','san-tan-valley'),(181,'Alafaya',12,1,NULL,0,0,'published','2022-01-19 07:35:17','2022-01-19 07:35:17','alafaya'),(182,'Saint Paul',28,1,NULL,0,0,'published','2022-01-19 07:35:17','2022-01-19 07:35:17','saint-paul'),(183,'Boston',26,1,NULL,0,0,'published','2022-01-19 07:35:17','2022-01-19 07:35:17','boston'),(184,'Dearborn',27,1,NULL,0,0,'published','2022-01-19 07:35:17','2022-01-19 07:35:17','dearborn'),(185,'Lawrence',26,1,NULL,0,0,'published','2022-01-19 07:35:17','2022-01-19 07:35:17','lawrence'),(186,'Nampa',16,1,NULL,0,0,'published','2022-01-19 07:35:17','2022-01-19 07:35:17','nampa'),(187,'Vista',6,1,NULL,0,0,'published','2022-01-19 07:35:17','2022-01-19 07:35:17','vista'),(188,'Palm Bay',12,1,NULL,0,0,'published','2022-01-19 07:35:17','2022-01-19 07:35:17','palm-bay'),(189,'Lawton',42,1,NULL,0,0,'published','2022-01-19 07:35:17','2022-01-19 07:35:17','lawton'),(190,'Reading',45,1,NULL,0,0,'published','2022-01-19 07:35:17','2022-01-19 07:35:17','reading'),(191,'New Britain',8,1,NULL,0,0,'published','2022-01-19 07:35:17','2022-01-19 07:35:17','new-britain'),(192,'Waukesha',58,1,NULL,0,0,'published','2022-01-19 07:35:17','2022-01-19 07:35:17','waukesha'),(193,'The Woodlands',51,1,NULL,0,0,'published','2022-01-19 07:35:17','2022-01-19 07:35:17','the-woodlands'),(194,'Lubbock',51,1,NULL,0,0,'published','2022-01-19 07:35:17','2022-01-19 07:35:17','lubbock'),(195,'North Las Vegas',33,1,NULL,0,0,'published','2022-01-19 07:35:18','2022-01-19 07:35:18','north-las-vegas'),(196,'Baton Rouge',22,1,NULL,0,0,'published','2022-01-19 07:35:18','2022-01-19 07:35:18','baton-rouge'),(197,'Chicago',17,1,NULL,0,0,'published','2022-01-19 07:35:18','2022-01-19 07:35:18','chicago'),(198,'Garden Grove',6,1,NULL,0,0,'published','2022-01-19 07:35:18','2022-01-19 07:35:18','garden-grove'),(199,'South Jordan',52,1,NULL,0,0,'published','2022-01-19 07:35:18','2022-01-19 07:35:18','south-jordan'),(200,'Cape Coral',12,1,NULL,0,0,'published','2022-01-19 07:35:18','2022-01-19 07:35:18','cape-coral'),(201,'Chesapeake',55,1,NULL,0,0,'published','2022-01-19 07:35:18','2022-01-19 07:35:18','chesapeake'),(202,'Westminster',6,1,NULL,0,0,'published','2022-01-19 07:35:18','2022-01-19 07:35:18','westminster'),(203,'Irvine',6,1,NULL,0,0,'published','2022-01-19 07:35:18','2022-01-19 07:35:18','irvine'),(204,'Arlington',51,1,NULL,0,0,'published','2022-01-19 07:35:18','2022-01-19 07:35:18','arlington'),(205,'Johns Creek',13,1,NULL,0,0,'published','2022-01-19 07:35:18','2022-01-19 07:35:18','johns-creek'),(206,'Edmond',42,1,NULL,0,0,'published','2022-01-19 07:35:18','2022-01-19 07:35:18','edmond'),(207,'Bend',43,1,NULL,0,0,'published','2022-01-19 07:35:18','2022-01-19 07:35:18','bend'),(208,'Las Vegas',33,1,NULL,0,0,'published','2022-01-19 07:35:18','2022-01-19 07:35:18','las-vegas'),(209,'Carrollton',51,1,NULL,0,0,'published','2022-01-19 07:35:18','2022-01-19 07:35:18','carrollton'),(210,'Cleveland',41,1,NULL,0,0,'published','2022-01-19 07:35:18','2022-01-19 07:35:18','cleveland'),(211,'West Valley City',52,1,NULL,0,0,'published','2022-01-19 07:35:18','2022-01-19 07:35:18','west-valley-city'),(212,'Grand Rapids',27,1,NULL,0,0,'published','2022-01-19 07:35:18','2022-01-19 07:35:18','grand-rapids'),(213,'Federal Way',56,1,NULL,0,0,'published','2022-01-19 07:35:18','2022-01-19 07:35:18','federal-way'),(214,'Saint Petersburg',12,1,NULL,0,0,'published','2022-01-19 07:35:18','2022-01-19 07:35:18','saint-petersburg'),(215,'Turlock',6,1,NULL,0,0,'published','2022-01-19 07:35:18','2022-01-19 07:35:18','turlock'),(216,'Riverside',6,1,NULL,0,0,'published','2022-01-19 07:35:18','2022-01-19 07:35:18','riverside'),(217,'Berkeley',6,1,NULL,0,0,'published','2022-01-19 07:35:18','2022-01-19 07:35:18','berkeley'),(218,'Santa Fe',36,1,NULL,0,0,'published','2022-01-19 07:35:18','2022-01-19 07:35:18','santa-fe'),(219,'Chino Hills',6,1,NULL,0,0,'published','2022-01-19 07:35:18','2022-01-19 07:35:18','chino-hills'),(220,'Schaumburg',17,1,NULL,0,0,'published','2022-01-19 07:35:18','2022-01-19 07:35:18','schaumburg'),(221,'Clovis',6,1,NULL,0,0,'published','2022-01-19 07:35:18','2022-01-19 07:35:18','clovis'),(222,'Torrance',6,1,NULL,0,0,'published','2022-01-19 07:35:18','2022-01-19 07:35:18','torrance'),(223,'McKinney',51,1,NULL,0,0,'published','2022-01-19 07:35:18','2022-01-19 07:35:18','mckinney'),(224,'Roanoke',55,1,NULL,0,0,'published','2022-01-19 07:35:18','2022-01-19 07:35:18','roanoke'),(225,'Corona',6,1,NULL,0,0,'published','2022-01-19 07:35:18','2022-01-19 07:35:18','corona'),(226,'Fairfield',6,1,NULL,0,0,'published','2022-01-19 07:35:18','2022-01-19 07:35:18','fairfield'),(227,'Downey',6,1,NULL,0,0,'published','2022-01-19 07:35:18','2022-01-19 07:35:18','downey'),(228,'Macon',13,1,NULL,0,0,'published','2022-01-19 07:35:18','2022-01-19 07:35:18','macon'),(229,'Athens-Clarke County unified government',13,1,NULL,0,0,'published','2022-01-19 07:35:18','2022-01-19 07:35:18','athens-clarke-county-unified-government'),(230,'Temecula',6,1,NULL,0,0,'published','2022-01-19 07:35:18','2022-01-19 07:35:18','temecula'),(231,'Concord',6,1,NULL,0,0,'published','2022-01-19 07:35:18','2022-01-19 07:35:18','concord'),(232,'Corpus Christi',51,1,NULL,0,0,'published','2022-01-19 07:35:18','2022-01-19 07:35:18','corpus-christi'),(233,'Rancho Cordova',6,1,NULL,0,0,'published','2022-01-19 07:35:18','2022-01-19 07:35:18','rancho-cordova'),(234,'Tampa',12,1,NULL,0,0,'published','2022-01-19 07:35:19','2022-01-19 07:35:19','tampa'),(235,'Fayetteville',5,1,NULL,0,0,'published','2022-01-19 07:35:19','2022-01-19 07:35:19','fayetteville'),(236,'Montgomery',1,1,NULL,0,0,'published','2022-01-19 07:35:19','2022-01-19 07:35:19','montgomery'),(237,'Kansas City',30,1,NULL,0,0,'published','2022-01-19 07:35:19','2022-01-19 07:35:19','kansas-city'),(238,'College Station',51,1,NULL,0,0,'published','2022-01-19 07:35:19','2022-01-19 07:35:19','college-station'),(239,'Green Bay',58,1,NULL,0,0,'published','2022-01-19 07:35:19','2022-01-19 07:35:19','green-bay'),(240,'Bossier City',22,1,NULL,0,0,'published','2022-01-19 07:35:19','2022-01-19 07:35:19','bossier-city'),(241,'Merced',6,1,NULL,0,0,'published','2022-01-19 07:35:19','2022-01-19 07:35:19','merced'),(242,'Warner Robins',13,1,NULL,0,0,'published','2022-01-19 07:35:19','2022-01-19 07:35:19','warner-robins'),(243,'San Leandro',6,1,NULL,0,0,'published','2022-01-19 07:35:19','2022-01-19 07:35:19','san-leandro'),(244,'Plano',51,1,NULL,0,0,'published','2022-01-19 07:35:19','2022-01-19 07:35:19','plano'),(245,'Lynchburg',55,1,NULL,0,0,'published','2022-01-19 07:35:19','2022-01-19 07:35:19','lynchburg'),(246,'Vacaville',6,1,NULL,0,0,'published','2022-01-19 07:35:19','2022-01-19 07:35:19','vacaville'),(247,'Laredo',51,1,NULL,0,0,'published','2022-01-19 07:35:19','2022-01-19 07:35:19','laredo'),(248,'El Cajon',6,1,NULL,0,0,'published','2022-01-19 07:35:19','2022-01-19 07:35:19','el-cajon'),(249,'Cicero',17,1,NULL,0,0,'published','2022-01-19 07:35:19','2022-01-19 07:35:19','cicero'),(250,'Rio Rancho',36,1,NULL,0,0,'published','2022-01-19 07:35:19','2022-01-19 07:35:19','rio-rancho'),(251,'Marysville',56,1,NULL,0,0,'published','2022-01-19 07:35:19','2022-01-19 07:35:19','marysville'),(252,'Alhambra',6,1,NULL,0,0,'published','2022-01-19 07:35:19','2022-01-19 07:35:19','alhambra'),(253,'Carson',6,1,NULL,0,0,'published','2022-01-19 07:35:19','2022-01-19 07:35:19','carson'),(254,'Citrus Heights',6,1,NULL,0,0,'published','2022-01-19 07:35:19','2022-01-19 07:35:19','citrus-heights'),(255,'North Little Rock',5,1,NULL,0,0,'published','2022-01-19 07:35:19','2022-01-19 07:35:19','north-little-rock'),(256,'Atascocita',51,1,NULL,0,0,'published','2022-01-19 07:35:19','2022-01-19 07:35:19','atascocita'),(257,'Erie',45,1,NULL,0,0,'published','2022-01-19 07:35:19','2022-01-19 07:35:19','erie'),(258,'Fresno',6,1,NULL,0,0,'published','2022-01-19 07:35:19','2022-01-19 07:35:19','fresno'),(259,'High Point',38,1,NULL,0,0,'published','2022-01-19 07:35:19','2022-01-19 07:35:19','high-point'),(260,'Pearland',51,1,NULL,0,0,'published','2022-01-19 07:35:19','2022-01-19 07:35:19','pearland'),(261,'Denton',51,1,NULL,0,0,'published','2022-01-19 07:35:19','2022-01-19 07:35:19','denton'),(262,'San Bernardino',6,1,NULL,0,0,'published','2022-01-19 07:35:19','2022-01-19 07:35:19','san-bernardino'),(263,'Mesquite',51,1,NULL,0,0,'published','2022-01-19 07:35:19','2022-01-19 07:35:19','mesquite'),(264,'Sioux Falls',49,1,NULL,0,0,'published','2022-01-19 07:35:19','2022-01-19 07:35:19','sioux-falls'),(265,'Charleston',48,1,NULL,0,0,'published','2022-01-19 07:35:19','2022-01-19 07:35:19','charleston'),(266,'Redwood City',6,1,NULL,0,0,'published','2022-01-19 07:35:19','2022-01-19 07:35:19','redwood-city'),(267,'Paradise',33,1,NULL,0,0,'published','2022-01-19 07:35:19','2022-01-19 07:35:19','paradise'),(268,'Upland',6,1,NULL,0,0,'published','2022-01-19 07:35:19','2022-01-19 07:35:19','upland'),(269,'Paterson',35,1,NULL,0,0,'published','2022-01-19 07:35:19','2022-01-19 07:35:19','paterson'),(270,'Pasco',56,1,NULL,0,0,'published','2022-01-19 07:35:19','2022-01-19 07:35:19','pasco'),(271,'Schenectady',37,1,NULL,0,0,'published','2022-01-19 07:35:19','2022-01-19 07:35:19','schenectady'),(272,'Worcester',26,1,NULL,0,0,'published','2022-01-19 07:35:19','2022-01-19 07:35:19','worcester'),(273,'Pembroke Pines',12,1,NULL,0,0,'published','2022-01-19 07:35:19','2022-01-19 07:35:19','pembroke-pines'),(274,'West Covina',6,1,NULL,0,0,'published','2022-01-19 07:35:19','2022-01-19 07:35:19','west-covina'),(275,'Raleigh',38,1,NULL,0,0,'published','2022-01-19 07:35:19','2022-01-19 07:35:19','raleigh'),(276,'Compton',6,1,NULL,0,0,'published','2022-01-19 07:35:19','2022-01-19 07:35:19','compton'),(277,'Amarillo',51,1,NULL,0,0,'published','2022-01-19 07:35:19','2022-01-19 07:35:19','amarillo'),(278,'Glendale',4,1,NULL,0,0,'published','2022-01-19 07:35:19','2022-01-19 07:35:19','glendale'),(279,'Broken Arrow',42,1,NULL,0,0,'published','2022-01-19 07:35:19','2022-01-19 07:35:19','broken-arrow'),(280,'Hartford',8,1,NULL,0,0,'published','2022-01-19 07:35:19','2022-01-19 07:35:19','hartford'),(281,'Warwick',47,1,NULL,0,0,'published','2022-01-19 07:35:19','2022-01-19 07:35:19','warwick'),(282,'Charlotte',38,1,NULL,0,0,'published','2022-01-19 07:35:19','2022-01-19 07:35:19','charlotte'),(283,'Jersey City',35,1,NULL,0,0,'published','2022-01-19 07:35:19','2022-01-19 07:35:19','jersey-city'),(284,'Long Beach',6,1,NULL,0,0,'published','2022-01-19 07:35:20','2022-01-19 07:35:20','long-beach'),(285,'Spokane Valley',56,1,NULL,0,0,'published','2022-01-19 07:35:20','2022-01-19 07:35:20','spokane-valley'),(286,'Mayagüez',46,1,NULL,0,0,'published','2022-01-19 07:35:20','2022-01-19 07:35:20','mayaguez'),(287,'San Diego',6,1,NULL,0,0,'published','2022-01-19 07:35:20','2022-01-19 07:35:20','san-diego'),(288,'Chandler',4,1,NULL,0,0,'published','2022-01-19 07:35:20','2022-01-19 07:35:20','chandler'),(289,'Pine Hills',12,1,NULL,0,0,'published','2022-01-19 07:35:20','2022-01-19 07:35:20','pine-hills'),(290,'Tulsa',42,1,NULL,0,0,'published','2022-01-19 07:35:20','2022-01-19 07:35:20','tulsa'),(291,'Hawthorne',6,1,NULL,0,0,'published','2022-01-19 07:35:20','2022-01-19 07:35:20','hawthorne'),(292,'Portland',43,1,NULL,0,0,'published','2022-01-19 07:35:20','2022-01-19 07:35:20','portland'),(293,'Sunrise Manor',33,1,NULL,0,0,'published','2022-01-19 07:35:20','2022-01-19 07:35:20','sunrise-manor'),(294,'Longmont',7,1,NULL,0,0,'published','2022-01-19 07:35:20','2022-01-19 07:35:20','longmont'),(295,'Arden-Arcade',6,1,NULL,0,0,'published','2022-01-19 07:35:20','2022-01-19 07:35:20','arden-arcade'),(296,'Anchorage',2,1,NULL,0,0,'published','2022-01-19 07:35:20','2022-01-19 07:35:20','anchorage'),(297,'Missoula',31,1,NULL,0,0,'published','2022-01-19 07:35:20','2022-01-19 07:35:20','missoula'),(298,'Newton',26,1,NULL,0,0,'published','2022-01-19 07:35:20','2022-01-19 07:35:20','newton'),(299,'Cincinnati',41,1,NULL,0,0,'published','2022-01-19 07:35:20','2022-01-19 07:35:20','cincinnati'),(300,'Santa Rosa',6,1,NULL,0,0,'published','2022-01-19 07:35:20','2022-01-19 07:35:20','santa-rosa'),(301,'Centennial',7,1,NULL,0,0,'published','2022-01-19 07:35:20','2022-01-19 07:35:20','centennial'),(302,'New Braunfels',51,1,NULL,0,0,'published','2022-01-19 07:35:20','2022-01-19 07:35:20','new-braunfels'),(303,'Elk Grove',6,1,NULL,0,0,'published','2022-01-19 07:35:20','2022-01-19 07:35:20','elk-grove'),(304,'Norfolk',55,1,NULL,0,0,'published','2022-01-19 07:35:20','2022-01-19 07:35:20','norfolk'),(305,'Pompano Beach',12,1,NULL,0,0,'published','2022-01-19 07:35:20','2022-01-19 07:35:20','pompano-beach'),(306,'Redondo Beach',6,1,NULL,0,0,'published','2022-01-19 07:35:20','2022-01-19 07:35:20','redondo-beach'),(307,'Jackson',29,1,NULL,0,0,'published','2022-01-19 07:35:20','2022-01-19 07:35:20','jackson'),(308,'Casas Adobes',4,1,NULL,0,0,'published','2022-01-19 07:35:20','2022-01-19 07:35:20','casas-adobes'),(309,'Gilbert',4,1,NULL,0,0,'published','2022-01-19 07:35:20','2022-01-19 07:35:20','gilbert'),(310,'Santa Clara',6,1,NULL,0,0,'published','2022-01-19 07:35:20','2022-01-19 07:35:20','santa-clara'),(311,'Maple Grove',28,1,NULL,0,0,'published','2022-01-19 07:35:20','2022-01-19 07:35:20','maple-grove'),(312,'Davie',12,1,NULL,0,0,'published','2022-01-19 07:35:20','2022-01-19 07:35:20','davie'),(313,'Victoria',51,1,NULL,0,0,'published','2022-01-19 07:35:20','2022-01-19 07:35:20','victoria'),(314,'Ames',19,1,NULL,0,0,'published','2022-01-19 07:35:20','2022-01-19 07:35:20','ames'),(315,'Trenton',35,1,NULL,0,0,'published','2022-01-19 07:35:20','2022-01-19 07:35:20','trenton'),(316,'Sunrise',12,1,NULL,0,0,'published','2022-01-19 07:35:20','2022-01-19 07:35:20','sunrise'),(317,'Odessa',51,1,NULL,0,0,'published','2022-01-19 07:35:20','2022-01-19 07:35:20','odessa'),(318,'Olathe',20,1,NULL,0,0,'published','2022-01-19 07:35:20','2022-01-19 07:35:20','olathe'),(319,'Urban Honolulu',15,1,NULL,0,0,'published','2022-01-19 07:35:20','2022-01-19 07:35:20','urban-honolulu'),(320,'Davenport',19,1,NULL,0,0,'published','2022-01-19 07:35:20','2022-01-19 07:35:20','davenport'),(321,'San Juan',46,1,NULL,0,0,'published','2022-01-19 07:35:20','2022-01-19 07:35:20','san-juan'),(322,'Milpitas',6,1,NULL,0,0,'published','2022-01-19 07:35:20','2022-01-19 07:35:20','milpitas'),(323,'McAllen',51,1,NULL,0,0,'published','2022-01-19 07:35:20','2022-01-19 07:35:20','mcallen'),(324,'Missouri City',51,1,NULL,0,0,'published','2022-01-19 07:35:20','2022-01-19 07:35:20','missouri-city'),(325,'Kissimmee',12,1,NULL,0,0,'published','2022-01-19 07:35:20','2022-01-19 07:35:20','kissimmee'),(326,'Hammond',18,1,NULL,0,0,'published','2022-01-19 07:35:20','2022-01-19 07:35:20','hammond'),(327,'Elgin',17,1,NULL,0,0,'published','2022-01-19 07:35:20','2022-01-19 07:35:20','elgin'),(328,'Passaic',35,1,NULL,0,0,'published','2022-01-19 07:35:20','2022-01-19 07:35:20','passaic'),(329,'East Orange',35,1,NULL,0,0,'published','2022-01-19 07:35:20','2022-01-19 07:35:20','east-orange'),(330,'Houston',51,1,NULL,0,0,'published','2022-01-19 07:35:20','2022-01-19 07:35:20','houston'),(331,'Alameda',6,1,NULL,0,0,'published','2022-01-19 07:35:20','2022-01-19 07:35:20','alameda'),(332,'Arlington Heights',17,1,NULL,0,0,'published','2022-01-19 07:35:20','2022-01-19 07:35:20','arlington-heights'),(333,'Waco',51,1,NULL,0,0,'published','2022-01-19 07:35:20','2022-01-19 07:35:20','waco'),(334,'Oklahoma City',42,1,NULL,0,0,'published','2022-01-19 07:35:20','2022-01-19 07:35:21','oklahoma-city'),(335,'South Gate',6,1,NULL,0,0,'published','2022-01-19 07:35:21','2022-01-19 07:35:21','south-gate'),(336,'Appleton',58,1,NULL,0,0,'published','2022-01-19 07:35:21','2022-01-19 07:35:21','appleton'),(337,'San Ramon',6,1,NULL,0,0,'published','2022-01-19 07:35:21','2022-01-19 07:35:21','san-ramon'),(338,'Ellicott City',25,1,NULL,0,0,'published','2022-01-19 07:35:21','2022-01-19 07:35:21','ellicott-city'),(339,'Durham',38,1,NULL,0,0,'published','2022-01-19 07:35:21','2022-01-19 07:35:21','durham'),(340,'League City',51,1,NULL,0,0,'published','2022-01-19 07:35:21','2022-01-19 07:35:21','league-city'),(341,'Killeen',51,1,NULL,0,0,'published','2022-01-19 07:35:21','2022-01-19 07:35:21','killeen'),(342,'Arvada',7,1,NULL,0,0,'published','2022-01-19 07:35:21','2022-01-19 07:35:21','arvada'),(343,'Folsom',6,1,NULL,0,0,'published','2022-01-19 07:35:21','2022-01-19 07:35:21','folsom'),(344,'Clearwater',12,1,NULL,0,0,'published','2022-01-19 07:35:21','2022-01-19 07:35:21','clearwater'),(345,'Cranston',47,1,NULL,0,0,'published','2022-01-19 07:35:21','2022-01-19 07:35:21','cranston'),(346,'Beaumont',51,1,NULL,0,0,'published','2022-01-19 07:35:21','2022-01-19 07:35:21','beaumont'),(347,'Avondale',4,1,NULL,0,0,'published','2022-01-19 07:35:21','2022-01-19 07:35:21','avondale'),(348,'Eau Claire',58,1,NULL,0,0,'published','2022-01-19 07:35:21','2022-01-19 07:35:21','eau-claire'),(349,'Beaverton',43,1,NULL,0,0,'published','2022-01-19 07:35:21','2022-01-19 07:35:21','beaverton'),(350,'Virginia Beach',55,1,NULL,0,0,'published','2022-01-19 07:35:21','2022-01-19 07:35:21','virginia-beach'),(351,'Stamford',8,1,NULL,0,0,'published','2022-01-19 07:35:21','2022-01-19 07:35:21','stamford'),(352,'Bellevue',56,1,NULL,0,0,'published','2022-01-19 07:35:21','2022-01-19 07:35:21','bellevue'),(353,'Hollywood',12,1,NULL,0,0,'published','2022-01-19 07:35:21','2022-01-19 07:35:21','hollywood'),(354,'Saint Joseph',30,1,NULL,0,0,'published','2022-01-19 07:35:21','2022-01-19 07:35:21','saint-joseph'),(355,'Thornton',7,1,NULL,0,0,'published','2022-01-19 07:35:21','2022-01-19 07:35:21','thornton'),(356,'Toledo',41,1,NULL,0,0,'published','2022-01-19 07:35:21','2022-01-19 07:35:21','toledo'),(357,'Akron',41,1,NULL,0,0,'published','2022-01-19 07:35:21','2022-01-19 07:35:21','akron'),(358,'Gaithersburg',25,1,NULL,0,0,'published','2022-01-19 07:35:21','2022-01-19 07:35:21','gaithersburg'),(359,'Roseville',6,1,NULL,0,0,'published','2022-01-19 07:35:21','2022-01-19 07:35:21','roseville'),(360,'Pittsburgh',45,1,NULL,0,0,'published','2022-01-19 07:35:21','2022-01-19 07:35:21','pittsburgh'),(361,'Sparks',33,1,NULL,0,0,'published','2022-01-19 07:35:21','2022-01-19 07:35:21','sparks'),(362,'Brooklyn Park',28,1,NULL,0,0,'published','2022-01-19 07:35:21','2022-01-19 07:35:21','brooklyn-park'),(363,'Rock Hill',48,1,NULL,0,0,'published','2022-01-19 07:35:21','2022-01-19 07:35:21','rock-hill'),(364,'San Buenaventura',6,1,NULL,0,0,'published','2022-01-19 07:35:21','2022-01-19 07:35:21','san-buenaventura'),(365,'Lynn',26,1,NULL,0,0,'published','2022-01-19 07:35:21','2022-01-19 07:35:21','lynn'),(366,'Port Saint Lucie',12,1,NULL,0,0,'published','2022-01-19 07:35:21','2022-01-19 07:35:21','port-saint-lucie'),(367,'Washington',10,1,NULL,0,0,'published','2022-01-19 07:35:21','2022-01-19 07:35:21','washington'),(368,'Tustin',6,1,NULL,0,0,'published','2022-01-19 07:35:21','2022-01-19 07:35:21','tustin'),(369,'Lynwood',6,1,NULL,0,0,'published','2022-01-19 07:35:21','2022-01-19 07:35:21','lynwood'),(370,'Lexington-Fayette  county',21,1,NULL,0,0,'published','2022-01-19 07:35:21','2022-01-19 07:35:21','lexington-fayette-county'),(371,'Las Cruces',36,1,NULL,0,0,'published','2022-01-19 07:35:21','2022-01-19 07:35:21','las-cruces'),(372,'North Charleston',48,1,NULL,0,0,'published','2022-01-19 07:35:21','2022-01-19 07:35:21','north-charleston'),(373,'Miramar',12,1,NULL,0,0,'published','2022-01-19 07:35:21','2022-01-19 07:35:21','miramar'),(374,'Miami Gardens',12,1,NULL,0,0,'published','2022-01-19 07:35:21','2022-01-19 07:35:21','miami-gardens'),(375,'Rochester Hills',27,1,NULL,0,0,'published','2022-01-19 07:35:21','2022-01-19 07:35:21','rochester-hills'),(376,'Indio',6,1,NULL,0,0,'published','2022-01-19 07:35:21','2022-01-19 07:35:21','indio'),(377,'Racine',58,1,NULL,0,0,'published','2022-01-19 07:35:21','2022-01-19 07:35:21','racine'),(378,'Boynton Beach',12,1,NULL,0,0,'published','2022-01-19 07:35:21','2022-01-19 07:35:21','boynton-beach'),(379,'Alexandria',55,1,NULL,0,0,'published','2022-01-19 07:35:21','2022-01-19 07:35:21','alexandria'),(380,'San Francisco',6,1,NULL,0,0,'published','2022-01-19 07:35:21','2022-01-19 07:35:21','san-francisco'),(381,'Cheektowaga',37,1,NULL,0,0,'published','2022-01-19 07:35:21','2022-01-19 07:35:21','cheektowaga'),(382,'Deerfield Beach',12,1,NULL,0,0,'published','2022-01-19 07:35:22','2022-01-19 07:35:22','deerfield-beach'),(383,'Miami',12,1,NULL,0,0,'published','2022-01-19 07:35:22','2022-01-19 07:35:22','miami'),(384,'Medford',43,1,NULL,0,0,'published','2022-01-19 07:35:22','2022-01-19 07:35:22','medford'),(385,'Ogden',52,1,NULL,0,0,'published','2022-01-19 07:35:22','2022-01-19 07:35:22','ogden'),(386,'San Clemente',6,1,NULL,0,0,'published','2022-01-19 07:35:22','2022-01-19 07:35:22','san-clemente'),(387,'Orange',6,1,NULL,0,0,'published','2022-01-19 07:35:22','2022-01-19 07:35:22','orange'),(388,'Bridgeport',8,1,NULL,0,0,'published','2022-01-19 07:35:22','2022-01-19 07:35:22','bridgeport'),(389,'Pleasanton',6,1,NULL,0,0,'published','2022-01-19 07:35:22','2022-01-19 07:35:22','pleasanton'),(390,'Lake Charles',22,1,NULL,0,0,'published','2022-01-19 07:35:22','2022-01-19 07:35:22','lake-charles'),(391,'Thousand Oaks',6,1,NULL,0,0,'published','2022-01-19 07:35:22','2022-01-19 07:35:22','thousand-oaks'),(392,'Chico',6,1,NULL,0,0,'published','2022-01-19 07:35:22','2022-01-19 07:35:22','chico'),(393,'Goodyear',4,1,NULL,0,0,'published','2022-01-19 07:35:22','2022-01-19 07:35:22','goodyear'),(394,'Kent',56,1,NULL,0,0,'published','2022-01-19 07:35:22','2022-01-19 07:35:22','kent'),(395,'Plantation',12,1,NULL,0,0,'published','2022-01-19 07:35:22','2022-01-19 07:35:22','plantation'),(396,'Gary',18,1,NULL,0,0,'published','2022-01-19 07:35:22','2022-01-19 07:35:22','gary'),(397,'Sugar Land',51,1,NULL,0,0,'published','2022-01-19 07:35:22','2022-01-19 07:35:22','sugar-land'),(398,'Silver Spring',25,1,NULL,0,0,'published','2022-01-19 07:35:22','2022-01-19 07:35:22','silver-spring'),(399,'El Paso',51,1,NULL,0,0,'published','2022-01-19 07:35:22','2022-01-19 07:35:22','el-paso'),(400,'Winston-Salem',38,1,NULL,0,0,'published','2022-01-19 07:35:22','2022-01-19 07:35:22','winston-salem'),(401,'Lincoln',32,1,NULL,0,0,'published','2022-01-19 07:35:22','2022-01-19 07:35:22','lincoln'),(402,'Renton',56,1,NULL,0,0,'published','2022-01-19 07:35:22','2022-01-19 07:35:22','renton'),(403,'Gainesville',12,1,NULL,0,0,'published','2022-01-19 07:35:22','2022-01-19 07:35:22','gainesville'),(404,'Sacramento',6,1,NULL,0,0,'published','2022-01-19 07:35:22','2022-01-19 07:35:22','sacramento'),(405,'Simi Valley',6,1,NULL,0,0,'published','2022-01-19 07:35:22','2022-01-19 07:35:22','simi-valley'),(406,'Wilmington',9,1,NULL,0,0,'published','2022-01-19 07:35:22','2022-01-19 07:35:22','wilmington'),(407,'Wichita',20,1,NULL,0,0,'published','2022-01-19 07:35:22','2022-01-19 07:35:22','wichita'),(408,'Allen',45,1,NULL,0,0,'published','2022-01-19 07:35:22','2022-01-19 07:35:22','allen'),(409,'Danbury',8,1,NULL,0,0,'published','2022-01-19 07:35:22','2022-01-19 07:35:22','danbury'),(410,'Provo',52,1,NULL,0,0,'published','2022-01-19 07:35:22','2022-01-19 07:35:22','provo'),(411,'San Marcos',6,1,NULL,0,0,'published','2022-01-19 07:35:22','2022-01-19 07:35:22','san-marcos'),(412,'Escondido',6,1,NULL,0,0,'published','2022-01-19 07:35:22','2022-01-19 07:35:22','escondido'),(413,'Caguas',46,1,NULL,0,0,'published','2022-01-19 07:35:22','2022-01-19 07:35:22','caguas'),(414,'Spokane',56,1,NULL,0,0,'published','2022-01-19 07:35:22','2022-01-19 07:35:22','spokane'),(415,'Auburn',56,1,NULL,0,0,'published','2022-01-19 07:35:22','2022-01-19 07:35:22','auburn'),(416,'Surprise',4,1,NULL,0,0,'published','2022-01-19 07:35:22','2022-01-19 07:35:22','surprise'),(417,'Louisville/Jefferson County metro government',21,1,NULL,0,0,'published','2022-01-19 07:35:22','2022-01-19 07:35:22','louisvillejefferson-county-metro-government'),(418,'Spring Valley',33,1,NULL,0,0,'published','2022-01-19 07:35:22','2022-01-19 07:35:22','spring-valley'),(419,'Yakima',56,1,NULL,0,0,'published','2022-01-19 07:35:22','2022-01-19 07:35:22','yakima'),(420,'Clifton',35,1,NULL,0,0,'published','2022-01-19 07:35:22','2022-01-19 07:35:22','clifton'),(421,'Farmington Hills',27,1,NULL,0,0,'published','2022-01-19 07:35:22','2022-01-19 07:35:22','farmington-hills'),(422,'Napa',6,1,NULL,0,0,'published','2022-01-19 07:35:22','2022-01-19 07:35:22','napa'),(423,'Irving',51,1,NULL,0,0,'published','2022-01-19 07:35:22','2022-01-19 07:35:22','irving'),(424,'Chula Vista',6,1,NULL,0,0,'published','2022-01-19 07:35:22','2022-01-19 07:35:22','chula-vista'),(425,'Salinas',6,1,NULL,0,0,'published','2022-01-19 07:35:22','2022-01-19 07:35:22','salinas'),(426,'Pasadena',6,1,NULL,0,0,'published','2022-01-19 07:35:22','2022-01-19 07:35:22','pasadena'),(427,'Newport News',55,1,NULL,0,0,'published','2022-01-19 07:35:22','2022-01-19 07:35:22','newport-news'),(428,'Miami Beach',12,1,NULL,0,0,'published','2022-01-19 07:35:22','2022-01-19 07:35:22','miami-beach'),(429,'Tempe',4,1,NULL,0,0,'published','2022-01-19 07:35:22','2022-01-19 07:35:22','tempe'),(430,'Sterling Heights',27,1,NULL,0,0,'published','2022-01-19 07:35:22','2022-01-19 07:35:22','sterling-heights'),(431,'Hialeah',12,1,NULL,0,0,'published','2022-01-19 07:35:22','2022-01-19 07:35:23','hialeah'),(432,'Gulfport',29,1,NULL,0,0,'published','2022-01-19 07:35:23','2022-01-19 07:35:23','gulfport'),(433,'Tuscaloosa',1,1,NULL,0,0,'published','2022-01-19 07:35:23','2022-01-19 07:35:23','tuscaloosa'),(434,'Plymouth',28,1,NULL,0,0,'published','2022-01-19 07:35:23','2022-01-19 07:35:23','plymouth'),(435,'Bakersfield',6,1,NULL,0,0,'published','2022-01-19 07:35:23','2022-01-19 07:35:23','bakersfield'),(436,'Mount Vernon',37,1,NULL,0,0,'published','2022-01-19 07:35:23','2022-01-19 07:35:23','mount-vernon'),(437,'Fishers',18,1,NULL,0,0,'published','2022-01-19 07:35:23','2022-01-19 07:35:23','fishers'),(438,'Santa Maria',6,1,NULL,0,0,'published','2022-01-19 07:35:23','2022-01-19 07:35:23','santa-maria'),(439,'The Villages',12,1,NULL,0,0,'published','2022-01-19 07:35:23','2022-01-19 07:35:23','the-villages'),(440,'Oxnard',6,1,NULL,0,0,'published','2022-01-19 07:35:23','2022-01-19 07:35:23','oxnard'),(441,'Gastonia',38,1,NULL,0,0,'published','2022-01-19 07:35:23','2022-01-19 07:35:23','gastonia'),(442,'Deltona',12,1,NULL,0,0,'published','2022-01-19 07:35:23','2022-01-19 07:35:23','deltona'),(443,'Greenville',38,1,NULL,0,0,'published','2022-01-19 07:35:23','2022-01-19 07:35:23','greenville'),(444,'Salt Lake City',52,1,NULL,0,0,'published','2022-01-19 07:35:23','2022-01-19 07:35:23','salt-lake-city'),(445,'Homestead',12,1,NULL,0,0,'published','2022-01-19 07:35:23','2022-01-19 07:35:23','homestead'),(446,'Waukegan',17,1,NULL,0,0,'published','2022-01-19 07:35:23','2022-01-19 07:35:23','waukegan'),(447,'Topeka',20,1,NULL,0,0,'published','2022-01-19 07:35:23','2022-01-19 07:35:23','topeka'),(448,'Clarksville',50,1,NULL,0,0,'published','2022-01-19 07:35:23','2022-01-19 07:35:23','clarksville'),(449,'Franklin',50,1,NULL,0,0,'published','2022-01-19 07:35:23','2022-01-19 07:35:23','franklin'),(450,'Little Rock',5,1,NULL,0,0,'published','2022-01-19 07:35:23','2022-01-19 07:35:23','little-rock'),(451,'Tallahassee',12,1,NULL,0,0,'published','2022-01-19 07:35:23','2022-01-19 07:35:23','tallahassee'),(452,'Cambridge',26,1,NULL,0,0,'published','2022-01-19 07:35:23','2022-01-19 07:35:23','cambridge'),(453,'Skokie',17,1,NULL,0,0,'published','2022-01-19 07:35:23','2022-01-19 07:35:23','skokie'),(454,'New York',37,1,NULL,0,0,'published','2022-01-19 07:35:23','2022-01-19 07:35:23','new-york'),(455,'Modesto',6,1,NULL,0,0,'published','2022-01-19 07:35:23','2022-01-19 07:35:23','modesto'),(456,'Dallas',51,1,NULL,0,0,'published','2022-01-19 07:35:23','2022-01-19 07:35:23','dallas'),(457,'Baldwin Park',6,1,NULL,0,0,'published','2022-01-19 07:35:23','2022-01-19 07:35:23','baldwin-park'),(458,'Hesperia',6,1,NULL,0,0,'published','2022-01-19 07:35:23','2022-01-19 07:35:23','hesperia'),(459,'East Los Angeles',6,1,NULL,0,0,'published','2022-01-19 07:35:23','2022-01-19 07:35:23','east-los-angeles'),(460,'Whittier',6,1,NULL,0,0,'published','2022-01-19 07:35:23','2022-01-19 07:35:23','whittier'),(461,'Lauderhill',12,1,NULL,0,0,'published','2022-01-19 07:35:23','2022-01-19 07:35:23','lauderhill'),(462,'Huntington Beach',6,1,NULL,0,0,'published','2022-01-19 07:35:23','2022-01-19 07:35:23','huntington-beach'),(463,'Carmel',18,1,NULL,0,0,'published','2022-01-19 07:35:23','2022-01-19 07:35:23','carmel'),(464,'Bellingham',56,1,NULL,0,0,'published','2022-01-19 07:35:23','2022-01-19 07:35:23','bellingham'),(465,'Delray Beach',12,1,NULL,0,0,'published','2022-01-19 07:35:23','2022-01-19 07:35:23','delray-beach'),(466,'Seattle',56,1,NULL,0,0,'published','2022-01-19 07:35:23','2022-01-19 07:35:23','seattle'),(467,'Suffolk',55,1,NULL,0,0,'published','2022-01-19 07:35:23','2022-01-19 07:35:23','suffolk'),(468,'Omaha',32,1,NULL,0,0,'published','2022-01-19 07:35:23','2022-01-19 07:35:23','omaha'),(469,'Champaign',17,1,NULL,0,0,'published','2022-01-19 07:35:23','2022-01-19 07:35:23','champaign'),(470,'Vancouver',56,1,NULL,0,0,'published','2022-01-19 07:35:23','2022-01-19 07:35:23','vancouver'),(471,'Meridian',16,1,NULL,0,0,'published','2022-01-19 07:35:23','2022-01-19 07:35:23','meridian'),(472,'Saint Charles',30,1,NULL,0,0,'published','2022-01-19 07:35:23','2022-01-19 07:35:23','saint-charles'),(473,'Inglewood',6,1,NULL,0,0,'published','2022-01-19 07:35:23','2022-01-19 07:35:23','inglewood'),(474,'Harlingen',51,1,NULL,0,0,'published','2022-01-19 07:35:23','2022-01-19 07:35:23','harlingen'),(475,'Austin',51,1,NULL,0,0,'published','2022-01-19 07:35:23','2022-01-19 07:35:23','austin'),(476,'San Jose',6,1,NULL,0,0,'published','2022-01-19 07:35:24','2022-01-19 07:35:24','san-jose'),(477,'Melbourne',12,1,NULL,0,0,'published','2022-01-19 07:35:24','2022-01-19 07:35:24','melbourne'),(478,'Tyler',51,1,NULL,0,0,'published','2022-01-19 07:35:24','2022-01-19 07:35:24','tyler'),(479,'Greeley',7,1,NULL,0,0,'published','2022-01-19 07:35:24','2022-01-19 07:35:24','greeley'),(480,'West Jordan',52,1,NULL,0,0,'published','2022-01-19 07:35:24','2022-01-19 07:35:24','west-jordan'),(481,'Perris',6,1,NULL,0,0,'published','2022-01-19 07:35:24','2022-01-19 07:35:24','perris'),(482,'Johnson City',50,1,NULL,0,0,'published','2022-01-19 07:35:24','2022-01-19 07:35:24','johnson-city'),(483,'New Orleans',22,1,NULL,0,0,'published','2022-01-19 07:35:24','2022-01-19 07:35:24','new-orleans'),(484,'Chattanooga',50,1,NULL,0,0,'published','2022-01-19 07:35:24','2022-01-19 07:35:24','chattanooga'),(485,'San Angelo',51,1,NULL,0,0,'published','2022-01-19 07:35:24','2022-01-19 07:35:24','san-angelo'),(486,'Syracuse',37,1,NULL,0,0,'published','2022-01-19 07:35:24','2022-01-19 07:35:24','syracuse'),(487,'Ann Arbor',27,1,NULL,0,0,'published','2022-01-19 07:35:24','2022-01-19 07:35:24','ann-arbor'),(488,'Visalia',6,1,NULL,0,0,'published','2022-01-19 07:35:24','2022-01-19 07:35:24','visalia'),(489,'Naperville',17,1,NULL,0,0,'published','2022-01-19 07:35:24','2022-01-19 07:35:24','naperville'),(490,'Scottsdale',4,1,NULL,0,0,'published','2022-01-19 07:35:24','2022-01-19 07:35:24','scottsdale'),(491,'Lowell',26,1,NULL,0,0,'published','2022-01-19 07:35:24','2022-01-19 07:35:24','lowell'),(492,'Mission Viejo',6,1,NULL,0,0,'published','2022-01-19 07:35:24','2022-01-19 07:35:24','mission-viejo'),(493,'New Rochelle',37,1,NULL,0,0,'published','2022-01-19 07:35:24','2022-01-19 07:35:24','new-rochelle'),(494,'Manteca',6,1,NULL,0,0,'published','2022-01-19 07:35:24','2022-01-19 07:35:24','manteca'),(495,'Florence-Graham',6,1,NULL,0,0,'published','2022-01-19 07:35:24','2022-01-19 07:35:24','florence-graham'),(496,'Brandon',12,1,NULL,0,0,'published','2022-01-19 07:35:24','2022-01-19 07:35:24','brandon'),(497,'North Richland Hills',51,1,NULL,0,0,'published','2022-01-19 07:35:24','2022-01-19 07:35:24','north-richland-hills'),(498,'Murfreesboro',50,1,NULL,0,0,'published','2022-01-19 07:35:24','2022-01-19 07:35:24','murfreesboro'),(499,'Enterprise',33,1,NULL,0,0,'published','2022-01-19 07:35:24','2022-01-19 07:35:24','enterprise'),(500,'Nashua',34,1,NULL,0,0,'published','2022-01-19 07:35:24','2022-01-19 07:35:24','nashua'),(501,'Rialto',6,1,NULL,0,0,'published','2022-01-19 07:35:24','2022-01-19 07:35:24','rialto'),(502,'Rockford',17,1,NULL,0,0,'published','2022-01-19 07:35:24','2022-01-19 07:35:24','rockford'),(503,'San Mateo',6,1,NULL,0,0,'published','2022-01-19 07:35:24','2022-01-19 07:35:24','san-mateo'),(504,'Pueblo',7,1,NULL,0,0,'published','2022-01-19 07:35:24','2022-01-19 07:35:24','pueblo'),(505,'Spring Hill',12,1,NULL,0,0,'published','2022-01-19 07:35:24','2022-01-19 07:35:24','spring-hill'),(506,'Mountain View',6,1,NULL,0,0,'published','2022-01-19 07:35:24','2022-01-19 07:35:24','mountain-view'),(507,'Phoenix',4,1,NULL,0,0,'published','2022-01-19 07:35:24','2022-01-19 07:35:24','phoenix'),(508,'Dale City',55,1,NULL,0,0,'published','2022-01-19 07:35:24','2022-01-19 07:35:24','dale-city'),(509,'Santa Clarita',6,1,NULL,0,0,'published','2022-01-19 07:35:24','2022-01-19 07:35:24','santa-clarita'),(510,'Hillsboro',43,1,NULL,0,0,'published','2022-01-19 07:35:24','2022-01-19 07:35:24','hillsboro'),(511,'Buena Park',6,1,NULL,0,0,'published','2022-01-19 07:35:24','2022-01-19 07:35:24','buena-park'),(512,'Oshkosh',58,1,NULL,0,0,'published','2022-01-19 07:35:24','2022-01-19 07:35:24','oshkosh'),(513,'Pittsburg',6,1,NULL,0,0,'published','2022-01-19 07:35:24','2022-01-19 07:35:24','pittsburg'),(514,'Oceanside',6,1,NULL,0,0,'published','2022-01-19 07:35:24','2022-01-19 07:35:24','oceanside'),(515,'Highlands Ranch',7,1,NULL,0,0,'published','2022-01-19 07:35:24','2022-01-19 07:35:24','highlands-ranch'),(516,'Sioux City',19,1,NULL,0,0,'published','2022-01-19 07:35:24','2022-01-19 07:35:24','sioux-city'),(517,'Detroit',27,1,NULL,0,0,'published','2022-01-19 07:35:24','2022-01-19 07:35:24','detroit'),(518,'Rancho Cucamonga',6,1,NULL,0,0,'published','2022-01-19 07:35:24','2022-01-19 07:35:24','rancho-cucamonga'),(519,'Somerville',26,1,NULL,0,0,'published','2022-01-19 07:35:24','2022-01-19 07:35:24','somerville'),(520,'Framingham',26,1,NULL,0,0,'published','2022-01-19 07:35:24','2022-01-19 07:35:24','framingham'),(521,'New Bedford',26,1,NULL,0,0,'published','2022-01-19 07:35:25','2022-01-19 07:35:25','new-bedford'),(522,'Philadelphia',45,1,NULL,0,0,'published','2022-01-19 07:35:25','2022-01-19 07:35:25','philadelphia'),(523,'Eugene',43,1,NULL,0,0,'published','2022-01-19 07:35:25','2022-01-19 07:35:25','eugene'),(524,'Kenosha',58,1,NULL,0,0,'published','2022-01-19 07:35:25','2022-01-19 07:35:25','kenosha'),(525,'Bismarck',39,1,NULL,0,0,'published','2022-01-19 07:35:25','2022-01-19 07:35:25','bismarck'),(526,'Yorba Linda',6,1,NULL,0,0,'published','2022-01-19 07:35:25','2022-01-19 07:35:25','yorba-linda'),(527,'Carolina',46,1,NULL,0,0,'published','2022-01-19 07:35:25','2022-01-19 07:35:25','carolina'),(528,'Knoxville',50,1,NULL,0,0,'published','2022-01-19 07:35:25','2022-01-19 07:35:25','knoxville'),(529,'Hayward',6,1,NULL,0,0,'published','2022-01-19 07:35:25','2022-01-19 07:35:25','hayward'),(530,'Flagstaff',4,1,NULL,0,0,'published','2022-01-19 07:35:25','2022-01-19 07:35:25','flagstaff'),(531,'Wichita Falls',51,1,NULL,0,0,'published','2022-01-19 07:35:25','2022-01-19 07:35:25','wichita-falls'),(532,'Minneapolis',28,1,NULL,0,0,'published','2022-01-19 07:35:25','2022-01-19 07:35:25','minneapolis'),(533,'Canton',41,1,NULL,0,0,'published','2022-01-19 07:35:25','2022-01-19 07:35:25','canton'),(534,'Glen Burnie',25,1,NULL,0,0,'published','2022-01-19 07:35:25','2022-01-19 07:35:25','glen-burnie'),(535,'Laguna Niguel',6,1,NULL,0,0,'published','2022-01-19 07:35:25','2022-01-19 07:35:25','laguna-niguel'),(536,'Bethlehem',45,1,NULL,0,0,'published','2022-01-19 07:35:25','2022-01-19 07:35:25','bethlehem'),(537,'Palo Alto',6,1,NULL,0,0,'published','2022-01-19 07:35:25','2022-01-19 07:35:25','palo-alto'),(538,'Saint George',52,1,NULL,0,0,'published','2022-01-19 07:35:25','2022-01-19 07:35:25','saint-george'),(539,'Yuba City',6,1,NULL,0,0,'published','2022-01-19 07:35:25','2022-01-19 07:35:25','yuba-city'),(540,'El Monte',6,1,NULL,0,0,'published','2022-01-19 07:35:25','2022-01-19 07:35:25','el-monte'),(541,'Orlando',12,1,NULL,0,0,'published','2022-01-19 07:35:25','2022-01-19 07:35:25','orlando'),(542,'Stockton',6,1,NULL,0,0,'published','2022-01-19 07:35:25','2022-01-19 07:35:25','stockton'),(543,'Yuma',4,1,NULL,0,0,'published','2022-01-19 07:35:25','2022-01-19 07:35:25','yuma'),(544,'Indianapolis',18,1,NULL,0,0,'published','2022-01-19 07:35:25','2022-01-19 07:35:25','indianapolis'),(545,'Edinburg',51,1,NULL,0,0,'published','2022-01-19 07:35:25','2022-01-19 07:35:25','edinburg'),(546,'Warren',27,1,NULL,0,0,'published','2022-01-19 07:35:25','2022-01-19 07:35:25','warren'),(547,'Ontario',6,1,NULL,0,0,'published','2022-01-19 07:35:25','2022-01-19 07:35:25','ontario'),(548,'Kennewick',56,1,NULL,0,0,'published','2022-01-19 07:35:25','2022-01-19 07:35:25','kennewick'),(549,'Birmingham',1,1,NULL,0,0,'published','2022-01-19 07:35:25','2022-01-19 07:35:25','birmingham'),(550,'Rockville',25,1,NULL,0,0,'published','2022-01-19 07:35:25','2022-01-19 07:35:25','rockville'),(551,'Muncie',18,1,NULL,0,0,'published','2022-01-19 07:35:25','2022-01-19 07:35:25','muncie'),(552,'Overland Park',20,1,NULL,0,0,'published','2022-01-19 07:35:25','2022-01-19 07:35:25','overland-park'),(553,'Centreville',55,1,NULL,0,0,'published','2022-01-19 07:35:25','2022-01-19 07:35:25','centreville'),(554,'Santa Monica',6,1,NULL,0,0,'published','2022-01-19 07:35:25','2022-01-19 07:35:25','santa-monica'),(555,'Dayton',41,1,NULL,0,0,'published','2022-01-19 07:35:25','2022-01-19 07:35:25','dayton'),(556,'Salem',43,1,NULL,0,0,'published','2022-01-19 07:35:25','2022-01-19 07:35:25','salem'),(557,'Ponce',46,1,NULL,0,0,'published','2022-01-19 07:35:25','2022-01-19 07:35:25','ponce'),(558,'Pomona',6,1,NULL,0,0,'published','2022-01-19 07:35:25','2022-01-19 07:35:25','pomona'),(559,'Fall River',26,1,NULL,0,0,'published','2022-01-19 07:35:25','2022-01-19 07:35:25','fall-river'),(560,'Palatine',17,1,NULL,0,0,'published','2022-01-19 07:35:25','2022-01-19 07:35:25','palatine'),(561,'Bayamón',46,1,NULL,0,0,'published','2022-01-19 07:35:26','2022-01-19 07:35:26','bayamon'),(562,'South Bend',18,1,NULL,0,0,'published','2022-01-19 07:35:26','2022-01-19 07:35:26','south-bend'),(563,'Temple',51,1,NULL,0,0,'published','2022-01-19 07:35:26','2022-01-19 07:35:26','temple'),(564,'Denver',7,1,NULL,0,0,'published','2022-01-19 07:35:26','2022-01-19 07:35:26','denver'),(565,'Broomfield',7,1,NULL,0,0,'published','2022-01-19 07:35:26','2022-01-19 07:35:26','broomfield'),(566,'Walnut Creek',6,1,NULL,0,0,'published','2022-01-19 07:35:26','2022-01-19 07:35:26','walnut-creek'),(567,'Fort Myers',12,1,NULL,0,0,'published','2022-01-19 07:35:26','2022-01-19 07:35:26','fort-myers'),(568,'Airdrie',60,2,NULL,0,0,'published','2022-01-19 07:35:26','2022-01-19 07:35:26','airdrie'),(569,'Grande Prairie',60,2,NULL,0,0,'published','2022-01-19 07:35:26','2022-01-19 07:35:26','grande-prairie'),(570,'Red Deer',60,2,NULL,0,0,'published','2022-01-19 07:35:26','2022-01-19 07:35:26','red-deer'),(571,'Beaumont',60,2,NULL,0,0,'published','2022-01-19 07:35:26','2022-01-19 07:35:26','beaumont-alberta'),(572,'Hanna',60,2,NULL,0,0,'published','2022-01-19 07:35:26','2022-01-19 07:35:26','hanna'),(573,'St. Albert',60,2,NULL,0,0,'published','2022-01-19 07:35:26','2022-01-19 07:35:26','st-albert'),(574,'Bonnyville',60,2,NULL,0,0,'published','2022-01-19 07:35:26','2022-01-19 07:35:26','bonnyville'),(575,'Hinton',60,2,NULL,0,0,'published','2022-01-19 07:35:26','2022-01-19 07:35:26','hinton'),(576,'Spruce Grove',60,2,NULL,0,0,'published','2022-01-19 07:35:26','2022-01-19 07:35:26','spruce-grove'),(577,'Brazeau',60,2,NULL,0,0,'published','2022-01-19 07:35:26','2022-01-19 07:35:27','brazeau'),(578,'Irricana',60,2,NULL,0,0,'published','2022-01-19 07:35:27','2022-01-19 07:35:27','irricana'),(579,'Strathcona County',60,2,NULL,0,0,'published','2022-01-19 07:35:27','2022-01-19 07:35:27','strathcona-county'),(580,'Breton',60,2,NULL,0,0,'published','2022-01-19 07:35:27','2022-01-19 07:35:27','breton'),(581,'Lacombe',60,2,NULL,0,0,'published','2022-01-19 07:35:27','2022-01-19 07:35:27','lacombe'),(582,'Strathmore',60,2,NULL,0,0,'published','2022-01-19 07:35:27','2022-01-19 07:35:27','strathmore'),(583,'Calgary',60,2,NULL,0,0,'published','2022-01-19 07:35:27','2022-01-19 07:35:27','calgary'),(584,'Leduc',60,2,NULL,0,0,'published','2022-01-19 07:35:27','2022-01-19 07:35:27','leduc'),(585,'Sylvan Lake',60,2,NULL,0,0,'published','2022-01-19 07:35:27','2022-01-19 07:35:27','sylvan-lake'),(586,'Camrose',60,2,NULL,0,0,'published','2022-01-19 07:35:27','2022-01-19 07:35:27','camrose'),(587,'Lethbridge',60,2,NULL,0,0,'published','2022-01-19 07:35:27','2022-01-19 07:35:27','lethbridge'),(588,'Swan Hills',60,2,NULL,0,0,'published','2022-01-19 07:35:27','2022-01-19 07:35:27','swan-hills'),(589,'Canmore',60,2,NULL,0,0,'published','2022-01-19 07:35:27','2022-01-19 07:35:27','canmore'),(590,'McLennan',60,2,NULL,0,0,'published','2022-01-19 07:35:27','2022-01-19 07:35:27','mclennan'),(591,'Taber',60,2,NULL,0,0,'published','2022-01-19 07:35:27','2022-01-19 07:35:27','taber'),(592,'Didzbury',60,2,NULL,0,0,'published','2022-01-19 07:35:27','2022-01-19 07:35:27','didzbury'),(593,'Medicine Hat',60,2,NULL,0,0,'published','2022-01-19 07:35:27','2022-01-19 07:35:27','medicine-hat'),(594,'Turner Valley',60,2,NULL,0,0,'published','2022-01-19 07:35:27','2022-01-19 07:35:27','turner-valley'),(595,'Drayton Valley',60,2,NULL,0,0,'published','2022-01-19 07:35:27','2022-01-19 07:35:27','drayton-valley'),(596,'Olds',60,2,NULL,0,0,'published','2022-01-19 07:35:27','2022-01-19 07:35:27','olds'),(597,'Vermillion',60,2,NULL,0,0,'published','2022-01-19 07:35:27','2022-01-19 07:35:27','vermillion'),(598,'Edmonton',60,2,NULL,0,0,'published','2022-01-19 07:35:27','2022-01-19 07:35:27','edmonton'),(599,'Onoway',60,2,NULL,0,0,'published','2022-01-19 07:35:27','2022-01-19 07:35:27','onoway'),(600,'Wood Buffalo',60,2,NULL,0,0,'published','2022-01-19 07:35:27','2022-01-19 07:35:27','wood-buffalo'),(601,'Ft. Saskatchewan',60,2,NULL,0,0,'published','2022-01-19 07:35:27','2022-01-19 07:35:27','ft-saskatchewan'),(602,'Provost',60,2,NULL,0,0,'published','2022-01-19 07:35:27','2022-01-19 07:35:27','provost'),(603,'Burnaby',61,2,NULL,0,0,'published','2022-01-19 07:35:27','2022-01-19 07:35:27','burnaby'),(604,'Lumby',61,2,NULL,0,0,'published','2022-01-19 07:35:27','2022-01-19 07:35:27','lumby'),(605,'City of Port Moody',61,2,NULL,0,0,'published','2022-01-19 07:35:27','2022-01-19 07:35:27','city-of-port-moody'),(606,'Cache Creek',61,2,NULL,0,0,'published','2022-01-19 07:35:27','2022-01-19 07:35:27','cache-creek'),(607,'Maple Ridge',61,2,NULL,0,0,'published','2022-01-19 07:35:27','2022-01-19 07:35:27','maple-ridge'),(608,'Prince George',61,2,NULL,0,0,'published','2022-01-19 07:35:27','2022-01-19 07:35:27','prince-george'),(609,'Castlegar',61,2,NULL,0,0,'published','2022-01-19 07:35:27','2022-01-19 07:35:27','castlegar'),(610,'Merritt',61,2,NULL,0,0,'published','2022-01-19 07:35:27','2022-01-19 07:35:27','merritt'),(611,'Prince Rupert',61,2,NULL,0,0,'published','2022-01-19 07:35:27','2022-01-19 07:35:27','prince-rupert'),(612,'Chemainus',61,2,NULL,0,0,'published','2022-01-19 07:35:27','2022-01-19 07:35:27','chemainus'),(613,'Mission',61,2,NULL,0,0,'published','2022-01-19 07:35:27','2022-01-19 07:35:27','mission-british-columbia'),(614,'Richmond',61,2,NULL,0,0,'published','2022-01-19 07:35:27','2022-01-19 07:35:27','richmond-british-columbia'),(615,'Chilliwack',61,2,NULL,0,0,'published','2022-01-19 07:35:27','2022-01-19 07:35:27','chilliwack'),(616,'Nanaimo',61,2,NULL,0,0,'published','2022-01-19 07:35:27','2022-01-19 07:35:27','nanaimo'),(617,'Saanich',61,2,NULL,0,0,'published','2022-01-19 07:35:27','2022-01-19 07:35:27','saanich'),(618,'Clearwater',61,2,NULL,0,0,'published','2022-01-19 07:35:27','2022-01-19 07:35:27','clearwater-british-columbia'),(619,'Nelson',61,2,NULL,0,0,'published','2022-01-19 07:35:27','2022-01-19 07:35:27','nelson'),(620,'Sooke',61,2,NULL,0,0,'published','2022-01-19 07:35:27','2022-01-19 07:35:27','sooke'),(621,'Colwood',61,2,NULL,0,0,'published','2022-01-19 07:35:27','2022-01-19 07:35:27','colwood'),(622,'New Westminster',61,2,NULL,0,0,'published','2022-01-19 07:35:27','2022-01-19 07:35:27','new-westminster'),(623,'Sparwood',61,2,NULL,0,0,'published','2022-01-19 07:35:27','2022-01-19 07:35:27','sparwood'),(624,'Coquitlam',61,2,NULL,0,0,'published','2022-01-19 07:35:27','2022-01-19 07:35:27','coquitlam'),(625,'North Cowichan',61,2,NULL,0,0,'published','2022-01-19 07:35:27','2022-01-19 07:35:27','north-cowichan'),(626,'Surrey',61,2,NULL,0,0,'published','2022-01-19 07:35:27','2022-01-19 07:35:27','surrey'),(627,'Cranbrook',61,2,NULL,0,0,'published','2022-01-19 07:35:27','2022-01-19 07:35:27','cranbrook'),(628,'North Vancouver',61,2,NULL,0,0,'published','2022-01-19 07:35:27','2022-01-19 07:35:27','north-vancouver'),(629,'Terrace',61,2,NULL,0,0,'published','2022-01-19 07:35:27','2022-01-19 07:35:27','terrace'),(630,'Dawson Creek',61,2,NULL,0,0,'published','2022-01-19 07:35:27','2022-01-19 07:35:27','dawson-creek'),(631,'North Vancouver',61,2,NULL,0,0,'published','2022-01-19 07:35:27','2022-01-19 07:35:27','north-vancouver-british-columbia'),(632,'Tumbler',61,2,NULL,0,0,'published','2022-01-19 07:35:27','2022-01-19 07:35:27','tumbler'),(633,'Delta',61,2,NULL,0,0,'published','2022-01-19 07:35:27','2022-01-19 07:35:27','delta'),(634,'Osoyoos',61,2,NULL,0,0,'published','2022-01-19 07:35:27','2022-01-19 07:35:27','osoyoos'),(635,'Vancouver',61,2,NULL,0,0,'published','2022-01-19 07:35:27','2022-01-19 07:35:27','vancouver-british-columbia'),(636,'Fernie',61,2,NULL,0,0,'published','2022-01-19 07:35:28','2022-01-19 07:35:28','fernie'),(637,'Parksville',61,2,NULL,0,0,'published','2022-01-19 07:35:28','2022-01-19 07:35:28','parksville'),(638,'Vancouver',61,2,NULL,0,0,'published','2022-01-19 07:35:28','2022-01-19 07:35:28','vancouver-1'),(639,'Invermere',61,2,NULL,0,0,'published','2022-01-19 07:35:28','2022-01-19 07:35:28','invermere'),(640,'Peace River',61,2,NULL,0,0,'published','2022-01-19 07:35:28','2022-01-19 07:35:28','peace-river'),(641,'Vernon',61,2,NULL,0,0,'published','2022-01-19 07:35:28','2022-01-19 07:35:28','vernon'),(642,'Kamloops',61,2,NULL,0,0,'published','2022-01-19 07:35:28','2022-01-19 07:35:28','kamloops'),(643,'Penticton',61,2,NULL,0,0,'published','2022-01-19 07:35:28','2022-01-19 07:35:28','penticton'),(644,'Victoria',61,2,NULL,0,0,'published','2022-01-19 07:35:28','2022-01-19 07:35:28','victoria-british-columbia'),(645,'Kaslo',61,2,NULL,0,0,'published','2022-01-19 07:35:28','2022-01-19 07:35:28','kaslo'),(646,'Port Alberni',61,2,NULL,0,0,'published','2022-01-19 07:35:28','2022-01-19 07:35:28','port-alberni'),(647,'Whistler',61,2,NULL,0,0,'published','2022-01-19 07:35:28','2022-01-19 07:35:28','whistler'),(648,'Langley',61,2,NULL,0,0,'published','2022-01-19 07:35:28','2022-01-19 07:35:28','langley'),(649,'Port Hardy',61,2,NULL,0,0,'published','2022-01-19 07:35:28','2022-01-19 07:35:28','port-hardy'),(650,'Birtle',62,2,NULL,0,0,'published','2022-01-19 07:35:28','2022-01-19 07:35:28','birtle'),(651,'Flin Flon',62,2,NULL,0,0,'published','2022-01-19 07:35:28','2022-01-19 07:35:28','flin-flon'),(652,'Swan River',62,2,NULL,0,0,'published','2022-01-19 07:35:28','2022-01-19 07:35:28','swan-river'),(653,'Brandon',62,2,NULL,0,0,'published','2022-01-19 07:35:28','2022-01-19 07:35:28','brandon-manitoba'),(654,'Snow Lake',62,2,NULL,0,0,'published','2022-01-19 07:35:28','2022-01-19 07:35:28','snow-lake'),(655,'The Pas',62,2,NULL,0,0,'published','2022-01-19 07:35:28','2022-01-19 07:35:28','the-pas'),(656,'Cranberry Portage',62,2,NULL,0,0,'published','2022-01-19 07:35:28','2022-01-19 07:35:28','cranberry-portage'),(657,'Steinbach',62,2,NULL,0,0,'published','2022-01-19 07:35:28','2022-01-19 07:35:28','steinbach'),(658,'Thompson',62,2,NULL,0,0,'published','2022-01-19 07:35:28','2022-01-19 07:35:28','thompson'),(659,'Dauphin',62,2,NULL,0,0,'published','2022-01-19 07:35:28','2022-01-19 07:35:28','dauphin'),(660,'Stonewall',62,2,NULL,0,0,'published','2022-01-19 07:35:28','2022-01-19 07:35:28','stonewall'),(661,'Winnipeg',62,2,NULL,0,0,'published','2022-01-19 07:35:28','2022-01-19 07:35:28','winnipeg'),(662,'Cap-Pele',63,2,NULL,0,0,'published','2022-01-19 07:35:28','2022-01-19 07:35:28','cap-pele'),(663,'Miramichi',63,2,NULL,0,0,'published','2022-01-19 07:35:28','2022-01-19 07:35:28','miramichi'),(664,'Saint John',63,2,NULL,0,0,'published','2022-01-19 07:35:28','2022-01-19 07:35:28','saint-john'),(665,'Fredericton',63,2,NULL,0,0,'published','2022-01-19 07:35:28','2022-01-19 07:35:28','fredericton'),(666,'Moncton',63,2,NULL,0,0,'published','2022-01-19 07:35:28','2022-01-19 07:35:28','moncton'),(667,'Saint Stephen',63,2,NULL,0,0,'published','2022-01-19 07:35:28','2022-01-19 07:35:28','saint-stephen'),(668,'Grand Bay-Westfield',63,2,NULL,0,0,'published','2022-01-19 07:35:28','2022-01-19 07:35:28','grand-bay-westfield'),(669,'Oromocto',63,2,NULL,0,0,'published','2022-01-19 07:35:28','2022-01-19 07:35:28','oromocto'),(670,'Shippagan',63,2,NULL,0,0,'published','2022-01-19 07:35:28','2022-01-19 07:35:28','shippagan'),(671,'Grand Falls',63,2,NULL,0,0,'published','2022-01-19 07:35:28','2022-01-19 07:35:28','grand-falls'),(672,'Port Elgin',63,2,NULL,0,0,'published','2022-01-19 07:35:28','2022-01-19 07:35:28','port-elgin'),(673,'Sussex',63,2,NULL,0,0,'published','2022-01-19 07:35:28','2022-01-19 07:35:28','sussex'),(674,'Memramcook',63,2,NULL,0,0,'published','2022-01-19 07:35:28','2022-01-19 07:35:28','memramcook'),(675,'Sackville',63,2,NULL,0,0,'published','2022-01-19 07:35:28','2022-01-19 07:35:28','sackville'),(676,'Tracadie-Sheila',63,2,NULL,0,0,'published','2022-01-19 07:35:28','2022-01-19 07:35:28','tracadie-sheila'),(677,'Town of Hay River',65,2,NULL,0,0,'published','2022-01-19 07:35:28','2022-01-19 07:35:28','town-of-hay-river'),(678,'Town of Inuvik',65,2,NULL,0,0,'published','2022-01-19 07:35:28','2022-01-19 07:35:28','town-of-inuvik'),(679,'Yellowknife',65,2,NULL,0,0,'published','2022-01-19 07:35:28','2022-01-19 07:35:28','yellowknife'),(680,'Amherst',66,2,NULL,0,0,'published','2022-01-19 07:35:28','2022-01-19 07:35:28','amherst'),(681,'Hants County',66,2,NULL,0,0,'published','2022-01-19 07:35:28','2022-01-19 07:35:28','hants-county'),(682,'Pictou',66,2,NULL,0,0,'published','2022-01-19 07:35:28','2022-01-19 07:35:28','pictou'),(683,'Annapolis',66,2,NULL,0,0,'published','2022-01-19 07:35:28','2022-01-19 07:35:28','annapolis'),(684,'Inverness County',66,2,NULL,0,0,'published','2022-01-19 07:35:28','2022-01-19 07:35:28','inverness-county'),(685,'Pictou County',66,2,NULL,0,0,'published','2022-01-19 07:35:28','2022-01-19 07:35:28','pictou-county'),(686,'Argyle',66,2,NULL,0,0,'published','2022-01-19 07:35:28','2022-01-19 07:35:28','argyle'),(687,'Kentville',66,2,NULL,0,0,'published','2022-01-19 07:35:28','2022-01-19 07:35:28','kentville'),(688,'Queens',66,2,NULL,0,0,'published','2022-01-19 07:35:28','2022-01-19 07:35:28','queens'),(689,'Baddeck',66,2,NULL,0,0,'published','2022-01-19 07:35:28','2022-01-19 07:35:28','baddeck'),(690,'County of Kings',66,2,NULL,0,0,'published','2022-01-19 07:35:28','2022-01-19 07:35:28','county-of-kings'),(691,'Richmond',66,2,NULL,0,0,'published','2022-01-19 07:35:28','2022-01-19 07:35:28','richmond-nova-scotia'),(692,'Bridgewater',66,2,NULL,0,0,'published','2022-01-19 07:35:28','2022-01-19 07:35:28','bridgewater'),(693,'Lunenburg',66,2,NULL,0,0,'published','2022-01-19 07:35:28','2022-01-19 07:35:28','lunenburg'),(694,'Shelburne',66,2,NULL,0,0,'published','2022-01-19 07:35:28','2022-01-19 07:35:28','shelburne'),(695,'Cape Breton',66,2,NULL,0,0,'published','2022-01-19 07:35:28','2022-01-19 07:35:29','cape-breton'),(696,'Lunenburg County',66,2,NULL,0,0,'published','2022-01-19 07:35:29','2022-01-19 07:35:29','lunenburg-county'),(697,'Stellarton',66,2,NULL,0,0,'published','2022-01-19 07:35:29','2022-01-19 07:35:29','stellarton'),(698,'Chester',66,2,NULL,0,0,'published','2022-01-19 07:35:29','2022-01-19 07:35:29','chester'),(699,'Mahone Bay',66,2,NULL,0,0,'published','2022-01-19 07:35:29','2022-01-19 07:35:29','mahone-bay'),(700,'Truro',66,2,NULL,0,0,'published','2022-01-19 07:35:29','2022-01-19 07:35:29','truro'),(701,'Cumberland County',66,2,NULL,0,0,'published','2022-01-19 07:35:29','2022-01-19 07:35:29','cumberland-county'),(702,'New Glasgow',66,2,NULL,0,0,'published','2022-01-19 07:35:29','2022-01-19 07:35:29','new-glasgow'),(703,'Windsor',66,2,NULL,0,0,'published','2022-01-19 07:35:29','2022-01-19 07:35:29','windsor'),(704,'East Hants',66,2,NULL,0,0,'published','2022-01-19 07:35:29','2022-01-19 07:35:29','east-hants'),(705,'New Minas',66,2,NULL,0,0,'published','2022-01-19 07:35:29','2022-01-19 07:35:29','new-minas'),(706,'Yarmouth',66,2,NULL,0,0,'published','2022-01-19 07:35:29','2022-01-19 07:35:29','yarmouth'),(707,'Halifax',66,2,NULL,0,0,'published','2022-01-19 07:35:29','2022-01-19 07:35:29','halifax'),(708,'Parrsboro',66,2,NULL,0,0,'published','2022-01-19 07:35:29','2022-01-19 07:35:29','parrsboro'),(709,'Ajax',68,2,NULL,0,0,'published','2022-01-19 07:35:29','2022-01-19 07:35:29','ajax'),(710,'Halton',68,2,NULL,0,0,'published','2022-01-19 07:35:29','2022-01-19 07:35:29','halton'),(711,'Peterborough',68,2,NULL,0,0,'published','2022-01-19 07:35:29','2022-01-19 07:35:29','peterborough'),(712,'Atikokan',68,2,NULL,0,0,'published','2022-01-19 07:35:29','2022-01-19 07:35:29','atikokan'),(713,'Halton Hills',68,2,NULL,0,0,'published','2022-01-19 07:35:29','2022-01-19 07:35:29','halton-hills'),(714,'Pickering',68,2,NULL,0,0,'published','2022-01-19 07:35:29','2022-01-19 07:35:29','pickering'),(715,'Barrie',68,2,NULL,0,0,'published','2022-01-19 07:35:29','2022-01-19 07:35:29','barrie'),(716,'Hamilton',68,2,NULL,0,0,'published','2022-01-19 07:35:29','2022-01-19 07:35:29','hamilton'),(717,'Port Bruce',68,2,NULL,0,0,'published','2022-01-19 07:35:29','2022-01-19 07:35:29','port-bruce'),(718,'Belleville',68,2,NULL,0,0,'published','2022-01-19 07:35:29','2022-01-19 07:35:29','belleville'),(719,'Hamilton-Wentworth',68,2,NULL,0,0,'published','2022-01-19 07:35:29','2022-01-19 07:35:29','hamilton-wentworth'),(720,'Port Burwell',68,2,NULL,0,0,'published','2022-01-19 07:35:29','2022-01-19 07:35:29','port-burwell'),(721,'Blandford-Blenheim',68,2,NULL,0,0,'published','2022-01-19 07:35:29','2022-01-19 07:35:29','blandford-blenheim'),(722,'Hearst',68,2,NULL,0,0,'published','2022-01-19 07:35:29','2022-01-19 07:35:29','hearst'),(723,'Port Colborne',68,2,NULL,0,0,'published','2022-01-19 07:35:29','2022-01-19 07:35:29','port-colborne'),(724,'Blind River',68,2,NULL,0,0,'published','2022-01-19 07:35:29','2022-01-19 07:35:29','blind-river'),(725,'Huntsville',68,2,NULL,0,0,'published','2022-01-19 07:35:29','2022-01-19 07:35:29','huntsville-ontario'),(726,'Port Hope',68,2,NULL,0,0,'published','2022-01-19 07:35:29','2022-01-19 07:35:29','port-hope'),(727,'Brampton',68,2,NULL,0,0,'published','2022-01-19 07:35:29','2022-01-19 07:35:29','brampton'),(728,'Ingersoll',68,2,NULL,0,0,'published','2022-01-19 07:35:29','2022-01-19 07:35:29','ingersoll'),(729,'Prince Edward',68,2,NULL,0,0,'published','2022-01-19 07:35:29','2022-01-19 07:35:29','prince-edward'),(730,'Brant',68,2,NULL,0,0,'published','2022-01-19 07:35:29','2022-01-19 07:35:29','brant'),(731,'James',68,2,NULL,0,0,'published','2022-01-19 07:35:29','2022-01-19 07:35:29','james'),(732,'Quinte West',68,2,NULL,0,0,'published','2022-01-19 07:35:29','2022-01-19 07:35:29','quinte-west'),(733,'Brantford',68,2,NULL,0,0,'published','2022-01-19 07:35:29','2022-01-19 07:35:29','brantford'),(734,'Kanata',68,2,NULL,0,0,'published','2022-01-19 07:35:29','2022-01-19 07:35:29','kanata'),(735,'Renfrew',68,2,NULL,0,0,'published','2022-01-19 07:35:29','2022-01-19 07:35:29','renfrew'),(736,'Brock',68,2,NULL,0,0,'published','2022-01-19 07:35:29','2022-01-19 07:35:29','brock'),(737,'Kincardine',68,2,NULL,0,0,'published','2022-01-19 07:35:29','2022-01-19 07:35:29','kincardine'),(738,'Richmond Hill',68,2,NULL,0,0,'published','2022-01-19 07:35:29','2022-01-19 07:35:29','richmond-hill'),(739,'Brockville',68,2,NULL,0,0,'published','2022-01-19 07:35:29','2022-01-19 07:35:29','brockville'),(740,'King',68,2,NULL,0,0,'published','2022-01-19 07:35:29','2022-01-19 07:35:29','king'),(741,'Sarnia',68,2,NULL,0,0,'published','2022-01-19 07:35:29','2022-01-19 07:35:30','sarnia'),(742,'Burlington',68,2,NULL,0,0,'published','2022-01-19 07:35:30','2022-01-19 07:35:30','burlington'),(743,'Kingston',68,2,NULL,0,0,'published','2022-01-19 07:35:30','2022-01-19 07:35:30','kingston'),(744,'Sault Ste. Marie',68,2,NULL,0,0,'published','2022-01-19 07:35:30','2022-01-19 07:35:30','sault-ste-marie'),(745,'Caledon',68,2,NULL,0,0,'published','2022-01-19 07:35:30','2022-01-19 07:35:30','caledon'),(746,'Kirkland Lake',68,2,NULL,0,0,'published','2022-01-19 07:35:30','2022-01-19 07:35:30','kirkland-lake'),(747,'Scarborough',68,2,NULL,0,0,'published','2022-01-19 07:35:30','2022-01-19 07:35:30','scarborough'),(748,'Cambridge',68,2,NULL,0,0,'published','2022-01-19 07:35:30','2022-01-19 07:35:30','cambridge-ontario'),(749,'Kitchener',68,2,NULL,0,0,'published','2022-01-19 07:35:30','2022-01-19 07:35:30','kitchener'),(750,'Scugog',68,2,NULL,0,0,'published','2022-01-19 07:35:30','2022-01-19 07:35:30','scugog'),(751,'Chatham-Kent',68,2,NULL,0,0,'published','2022-01-19 07:35:30','2022-01-19 07:35:30','chatham-kent'),(752,'Larder Lake',68,2,NULL,0,0,'published','2022-01-19 07:35:30','2022-01-19 07:35:30','larder-lake'),(753,'Souix Lookout CoC Sioux Lookout',68,2,NULL,0,0,'published','2022-01-19 07:35:30','2022-01-19 07:35:30','souix-lookout-coc-sioux-lookout'),(754,'Chesterville',68,2,NULL,0,0,'published','2022-01-19 07:35:30','2022-01-19 07:35:30','chesterville'),(755,'Leamington',68,2,NULL,0,0,'published','2022-01-19 07:35:30','2022-01-19 07:35:30','leamington'),(756,'Smiths Falls',68,2,NULL,0,0,'published','2022-01-19 07:35:30','2022-01-19 07:35:30','smiths-falls'),(757,'Clarington',68,2,NULL,0,0,'published','2022-01-19 07:35:30','2022-01-19 07:35:30','clarington'),(758,'Lennox-Addington',68,2,NULL,0,0,'published','2022-01-19 07:35:30','2022-01-19 07:35:30','lennox-addington'),(759,'South-West Oxford',68,2,NULL,0,0,'published','2022-01-19 07:35:30','2022-01-19 07:35:30','south-west-oxford'),(760,'Cobourg',68,2,NULL,0,0,'published','2022-01-19 07:35:30','2022-01-19 07:35:30','cobourg'),(761,'Lincoln',68,2,NULL,0,0,'published','2022-01-19 07:35:30','2022-01-19 07:35:30','lincoln-ontario'),(762,'St. Catharines',68,2,NULL,0,0,'published','2022-01-19 07:35:30','2022-01-19 07:35:30','st-catharines'),(763,'Cochrane',68,2,NULL,0,0,'published','2022-01-19 07:35:30','2022-01-19 07:35:30','cochrane'),(764,'Lindsay',68,2,NULL,0,0,'published','2022-01-19 07:35:30','2022-01-19 07:35:30','lindsay'),(765,'St. Thomas',68,2,NULL,0,0,'published','2022-01-19 07:35:30','2022-01-19 07:35:30','st-thomas'),(766,'Collingwood',68,2,NULL,0,0,'published','2022-01-19 07:35:30','2022-01-19 07:35:30','collingwood'),(767,'London',68,2,NULL,0,0,'published','2022-01-19 07:35:30','2022-01-19 07:35:30','london'),(768,'Stoney Creek',68,2,NULL,0,0,'published','2022-01-19 07:35:30','2022-01-19 07:35:30','stoney-creek'),(769,'Cornwall',68,2,NULL,0,0,'published','2022-01-19 07:35:30','2022-01-19 07:35:30','cornwall'),(770,'Loyalist Township',68,2,NULL,0,0,'published','2022-01-19 07:35:30','2022-01-19 07:35:30','loyalist-township'),(771,'Stratford',68,2,NULL,0,0,'published','2022-01-19 07:35:30','2022-01-19 07:35:30','stratford'),(772,'Cumberland',68,2,NULL,0,0,'published','2022-01-19 07:35:30','2022-01-19 07:35:30','cumberland'),(773,'Markham',68,2,NULL,0,0,'published','2022-01-19 07:35:30','2022-01-19 07:35:30','markham'),(774,'Sudbury',68,2,NULL,0,0,'published','2022-01-19 07:35:30','2022-01-19 07:35:30','sudbury'),(775,'Deep River',68,2,NULL,0,0,'published','2022-01-19 07:35:30','2022-01-19 07:35:30','deep-river'),(776,'Metro Toronto',68,2,NULL,0,0,'published','2022-01-19 07:35:30','2022-01-19 07:35:30','metro-toronto'),(777,'Temagami',68,2,NULL,0,0,'published','2022-01-19 07:35:30','2022-01-19 07:35:30','temagami'),(778,'Dundas',68,2,NULL,0,0,'published','2022-01-19 07:35:30','2022-01-19 07:35:30','dundas'),(779,'Merrickville',68,2,NULL,0,0,'published','2022-01-19 07:35:30','2022-01-19 07:35:30','merrickville'),(780,'Thorold',68,2,NULL,0,0,'published','2022-01-19 07:35:30','2022-01-19 07:35:30','thorold'),(781,'Durham',68,2,NULL,0,0,'published','2022-01-19 07:35:30','2022-01-19 07:35:30','durham-ontario'),(782,'Milton',68,2,NULL,0,0,'published','2022-01-19 07:35:30','2022-01-19 07:35:30','milton'),(783,'Thunder Bay',68,2,NULL,0,0,'published','2022-01-19 07:35:30','2022-01-19 07:35:30','thunder-bay'),(784,'Dymond',68,2,NULL,0,0,'published','2022-01-19 07:35:30','2022-01-19 07:35:30','dymond'),(785,'Nepean',68,2,NULL,0,0,'published','2022-01-19 07:35:30','2022-01-19 07:35:30','nepean'),(786,'Tillsonburg',68,2,NULL,0,0,'published','2022-01-19 07:35:30','2022-01-19 07:35:30','tillsonburg'),(787,'Ear Falls',68,2,NULL,0,0,'published','2022-01-19 07:35:30','2022-01-19 07:35:30','ear-falls'),(788,'Newmarket',68,2,NULL,0,0,'published','2022-01-19 07:35:30','2022-01-19 07:35:30','newmarket'),(789,'Timmins',68,2,NULL,0,0,'published','2022-01-19 07:35:30','2022-01-19 07:35:30','timmins'),(790,'East Gwillimbury',68,2,NULL,0,0,'published','2022-01-19 07:35:30','2022-01-19 07:35:30','east-gwillimbury'),(791,'Niagara',68,2,NULL,0,0,'published','2022-01-19 07:35:30','2022-01-19 07:35:30','niagara'),(792,'Toronto',68,2,NULL,0,0,'published','2022-01-19 07:35:30','2022-01-19 07:35:30','toronto'),(793,'East Zorra-Tavistock',68,2,NULL,0,0,'published','2022-01-19 07:35:30','2022-01-19 07:35:30','east-zorra-tavistock'),(794,'Niagara Falls',68,2,NULL,0,0,'published','2022-01-19 07:35:30','2022-01-19 07:35:30','niagara-falls'),(795,'Uxbridge',68,2,NULL,0,0,'published','2022-01-19 07:35:30','2022-01-19 07:35:30','uxbridge'),(796,'Elgin',68,2,NULL,0,0,'published','2022-01-19 07:35:30','2022-01-19 07:35:30','elgin-ontario'),(797,'Niagara-on-the-Lake',68,2,NULL,0,0,'published','2022-01-19 07:35:30','2022-01-19 07:35:30','niagara-on-the-lake'),(798,'Vaughan',68,2,NULL,0,0,'published','2022-01-19 07:35:30','2022-01-19 07:35:30','vaughan'),(799,'Elliot Lake',68,2,NULL,0,0,'published','2022-01-19 07:35:30','2022-01-19 07:35:30','elliot-lake'),(800,'North Bay',68,2,NULL,0,0,'published','2022-01-19 07:35:30','2022-01-19 07:35:31','north-bay'),(801,'Wainfleet',68,2,NULL,0,0,'published','2022-01-19 07:35:31','2022-01-19 07:35:31','wainfleet'),(802,'Flamborough',68,2,NULL,0,0,'published','2022-01-19 07:35:31','2022-01-19 07:35:31','flamborough'),(803,'North Dorchester',68,2,NULL,0,0,'published','2022-01-19 07:35:31','2022-01-19 07:35:31','north-dorchester'),(804,'Wasaga Beach',68,2,NULL,0,0,'published','2022-01-19 07:35:31','2022-01-19 07:35:31','wasaga-beach'),(805,'Fort Erie',68,2,NULL,0,0,'published','2022-01-19 07:35:31','2022-01-19 07:35:31','fort-erie'),(806,'North Dumfries',68,2,NULL,0,0,'published','2022-01-19 07:35:31','2022-01-19 07:35:31','north-dumfries'),(807,'Waterloo',68,2,NULL,0,0,'published','2022-01-19 07:35:31','2022-01-19 07:35:31','waterloo-ontario'),(808,'Fort Frances',68,2,NULL,0,0,'published','2022-01-19 07:35:31','2022-01-19 07:35:31','fort-frances'),(809,'North York',68,2,NULL,0,0,'published','2022-01-19 07:35:31','2022-01-19 07:35:31','north-york'),(810,'Waterloo',68,2,NULL,0,0,'published','2022-01-19 07:35:31','2022-01-19 07:35:31','waterloo-1'),(811,'Gananoque',68,2,NULL,0,0,'published','2022-01-19 07:35:31','2022-01-19 07:35:31','gananoque'),(812,'Norwich',68,2,NULL,0,0,'published','2022-01-19 07:35:31','2022-01-19 07:35:31','norwich'),(813,'Welland',68,2,NULL,0,0,'published','2022-01-19 07:35:31','2022-01-19 07:35:31','welland'),(814,'Georgina',68,2,NULL,0,0,'published','2022-01-19 07:35:31','2022-01-19 07:35:31','georgina'),(815,'Oakville',68,2,NULL,0,0,'published','2022-01-19 07:35:31','2022-01-19 07:35:31','oakville'),(816,'Wellesley',68,2,NULL,0,0,'published','2022-01-19 07:35:31','2022-01-19 07:35:31','wellesley'),(817,'Glanbrook',68,2,NULL,0,0,'published','2022-01-19 07:35:31','2022-01-19 07:35:31','glanbrook'),(818,'Orangeville',68,2,NULL,0,0,'published','2022-01-19 07:35:31','2022-01-19 07:35:31','orangeville'),(819,'West Carleton',68,2,NULL,0,0,'published','2022-01-19 07:35:31','2022-01-19 07:35:31','west-carleton'),(820,'Gloucester',68,2,NULL,0,0,'published','2022-01-19 07:35:31','2022-01-19 07:35:31','gloucester'),(821,'Orillia',68,2,NULL,0,0,'published','2022-01-19 07:35:31','2022-01-19 07:35:31','orillia'),(822,'West Lincoln',68,2,NULL,0,0,'published','2022-01-19 07:35:31','2022-01-19 07:35:31','west-lincoln'),(823,'Goulbourn',68,2,NULL,0,0,'published','2022-01-19 07:35:31','2022-01-19 07:35:31','goulbourn'),(824,'Osgoode',68,2,NULL,0,0,'published','2022-01-19 07:35:31','2022-01-19 07:35:31','osgoode'),(825,'Whitby',68,2,NULL,0,0,'published','2022-01-19 07:35:31','2022-01-19 07:35:31','whitby'),(826,'Gravenhurst',68,2,NULL,0,0,'published','2022-01-19 07:35:31','2022-01-19 07:35:31','gravenhurst'),(827,'Oshawa',68,2,NULL,0,0,'published','2022-01-19 07:35:31','2022-01-19 07:35:31','oshawa'),(828,'Wilmot',68,2,NULL,0,0,'published','2022-01-19 07:35:31','2022-01-19 07:35:31','wilmot'),(829,'Grimsby',68,2,NULL,0,0,'published','2022-01-19 07:35:31','2022-01-19 07:35:31','grimsby'),(830,'Ottawa',68,2,NULL,0,0,'published','2022-01-19 07:35:31','2022-01-19 07:35:31','ottawa'),(831,'Windsor',68,2,NULL,0,0,'published','2022-01-19 07:35:31','2022-01-19 07:35:31','windsor-ontario'),(832,'Guelph',68,2,NULL,0,0,'published','2022-01-19 07:35:31','2022-01-19 07:35:31','guelph'),(833,'Ottawa-Carleton',68,2,NULL,0,0,'published','2022-01-19 07:35:31','2022-01-19 07:35:31','ottawa-carleton'),(834,'Woolwich',68,2,NULL,0,0,'published','2022-01-19 07:35:31','2022-01-19 07:35:31','woolwich'),(835,'Haldimand-Norfork',68,2,NULL,0,0,'published','2022-01-19 07:35:31','2022-01-19 07:35:31','haldimand-norfork'),(836,'Owen Sound',68,2,NULL,0,0,'published','2022-01-19 07:35:31','2022-01-19 07:35:31','owen-sound'),(837,'York',68,2,NULL,0,0,'published','2022-01-19 07:35:31','2022-01-19 07:35:31','york'),(838,'Alberton',69,2,NULL,0,0,'published','2022-01-19 07:35:31','2022-01-19 07:35:31','alberton'),(839,'Montague',69,2,NULL,0,0,'published','2022-01-19 07:35:31','2022-01-19 07:35:31','montague'),(840,'Stratford',69,2,NULL,0,0,'published','2022-01-19 07:35:31','2022-01-19 07:35:31','stratford-prince-edward-island'),(841,'Charlottetown',69,2,NULL,0,0,'published','2022-01-19 07:35:31','2022-01-19 07:35:31','charlottetown'),(842,'Souris',69,2,NULL,0,0,'published','2022-01-19 07:35:31','2022-01-19 07:35:31','souris'),(843,'Summerside',69,2,NULL,0,0,'published','2022-01-19 07:35:31','2022-01-19 07:35:31','summerside'),(844,'Cornwall',69,2,NULL,0,0,'published','2022-01-19 07:35:31','2022-01-19 07:35:31','cornwall-prince-edward-island'),(845,'Alma',70,2,NULL,0,0,'published','2022-01-19 07:35:31','2022-01-19 07:35:31','alma'),(846,'Fleurimont',70,2,NULL,0,0,'published','2022-01-19 07:35:31','2022-01-19 07:35:31','fleurimont'),(847,'Longueuil',70,2,NULL,0,0,'published','2022-01-19 07:35:31','2022-01-19 07:35:31','longueuil'),(848,'Amos',70,2,NULL,0,0,'published','2022-01-19 07:35:31','2022-01-19 07:35:31','amos'),(849,'Gaspe',70,2,NULL,0,0,'published','2022-01-19 07:35:31','2022-01-19 07:35:31','gaspe'),(850,'Marieville',70,2,NULL,0,0,'published','2022-01-19 07:35:31','2022-01-19 07:35:31','marieville'),(851,'Anjou',70,2,NULL,0,0,'published','2022-01-19 07:35:31','2022-01-19 07:35:31','anjou'),(852,'Gatineau',70,2,NULL,0,0,'published','2022-01-19 07:35:31','2022-01-19 07:35:31','gatineau'),(853,'Mount Royal',70,2,NULL,0,0,'published','2022-01-19 07:35:32','2022-01-19 07:35:32','mount-royal'),(854,'Aylmer',70,2,NULL,0,0,'published','2022-01-19 07:35:32','2022-01-19 07:35:32','aylmer'),(855,'Hull',70,2,NULL,0,0,'published','2022-01-19 07:35:32','2022-01-19 07:35:32','hull'),(856,'Montreal',70,2,NULL,0,0,'published','2022-01-19 07:35:32','2022-01-19 07:35:32','montreal'),(857,'Beauport',70,2,NULL,0,0,'published','2022-01-19 07:35:32','2022-01-19 07:35:32','beauport'),(858,'Joliette',70,2,NULL,0,0,'published','2022-01-19 07:35:32','2022-01-19 07:35:32','joliette'),(859,'Montreal Region',70,2,NULL,0,0,'published','2022-01-19 07:35:32','2022-01-19 07:35:32','montreal-region'),(860,'Bromptonville',70,2,NULL,0,0,'published','2022-01-19 07:35:32','2022-01-19 07:35:32','bromptonville'),(861,'Jonquiere',70,2,NULL,0,0,'published','2022-01-19 07:35:32','2022-01-19 07:35:32','jonquiere'),(862,'Montreal-Est',70,2,NULL,0,0,'published','2022-01-19 07:35:32','2022-01-19 07:35:32','montreal-est'),(863,'Brosssard',70,2,NULL,0,0,'published','2022-01-19 07:35:32','2022-01-19 07:35:32','brosssard'),(864,'Lachine',70,2,NULL,0,0,'published','2022-01-19 07:35:32','2022-01-19 07:35:32','lachine'),(865,'Quebec',70,2,NULL,0,0,'published','2022-01-19 07:35:32','2022-01-19 07:35:32','quebec'),(866,'Chateauguay',70,2,NULL,0,0,'published','2022-01-19 07:35:32','2022-01-19 07:35:32','chateauguay'),(867,'Lasalle',70,2,NULL,0,0,'published','2022-01-19 07:35:32','2022-01-19 07:35:32','lasalle'),(868,'Saint-Leonard',70,2,NULL,0,0,'published','2022-01-19 07:35:32','2022-01-19 07:35:32','saint-leonard'),(869,'Chicoutimi',70,2,NULL,0,0,'published','2022-01-19 07:35:32','2022-01-19 07:35:32','chicoutimi'),(870,'Laurentides',70,2,NULL,0,0,'published','2022-01-19 07:35:32','2022-01-19 07:35:32','laurentides'),(871,'Sherbrooke',70,2,NULL,0,0,'published','2022-01-19 07:35:32','2022-01-19 07:35:32','sherbrooke'),(872,'Coaticook',70,2,NULL,0,0,'published','2022-01-19 07:35:32','2022-01-19 07:35:32','coaticook'),(873,'LaSalle',70,2,NULL,0,0,'published','2022-01-19 07:35:32','2022-01-19 07:35:32','lasalle-quebec'),(874,'Sorel',70,2,NULL,0,0,'published','2022-01-19 07:35:32','2022-01-19 07:35:32','sorel'),(875,'Coaticook',70,2,NULL,0,0,'published','2022-01-19 07:35:32','2022-01-19 07:35:32','coaticook-quebec'),(876,'Laval',70,2,NULL,0,0,'published','2022-01-19 07:35:32','2022-01-19 07:35:32','laval'),(877,'Thetford Mines',70,2,NULL,0,0,'published','2022-01-19 07:35:32','2022-01-19 07:35:32','thetford-mines'),(878,'Dorval',70,2,NULL,0,0,'published','2022-01-19 07:35:32','2022-01-19 07:35:32','dorval'),(879,'Lennoxville',70,2,NULL,0,0,'published','2022-01-19 07:35:32','2022-01-19 07:35:32','lennoxville'),(880,'Victoriaville',70,2,NULL,0,0,'published','2022-01-19 07:35:32','2022-01-19 07:35:32','victoriaville'),(881,'Drummondville',70,2,NULL,0,0,'published','2022-01-19 07:35:32','2022-01-19 07:35:32','drummondville'),(882,'Levis',70,2,NULL,0,0,'published','2022-01-19 07:35:32','2022-01-19 07:35:32','levis'),(883,'Avonlea',71,2,NULL,0,0,'published','2022-01-19 07:35:32','2022-01-19 07:35:32','avonlea'),(884,'Melfort',71,2,NULL,0,0,'published','2022-01-19 07:35:32','2022-01-19 07:35:32','melfort'),(885,'Swift Current',71,2,NULL,0,0,'published','2022-01-19 07:35:32','2022-01-19 07:35:32','swift-current'),(886,'Colonsay',71,2,NULL,0,0,'published','2022-01-19 07:35:32','2022-01-19 07:35:32','colonsay'),(887,'Nipawin',71,2,NULL,0,0,'published','2022-01-19 07:35:32','2022-01-19 07:35:32','nipawin'),(888,'Tisdale',71,2,NULL,0,0,'published','2022-01-19 07:35:32','2022-01-19 07:35:32','tisdale'),(889,'Craik',71,2,NULL,0,0,'published','2022-01-19 07:35:32','2022-01-19 07:35:32','craik'),(890,'Prince Albert',71,2,NULL,0,0,'published','2022-01-19 07:35:32','2022-01-19 07:35:32','prince-albert'),(891,'Unity',71,2,NULL,0,0,'published','2022-01-19 07:35:32','2022-01-19 07:35:32','unity'),(892,'Creighton',71,2,NULL,0,0,'published','2022-01-19 07:35:32','2022-01-19 07:35:32','creighton'),(893,'Regina',71,2,NULL,0,0,'published','2022-01-19 07:35:32','2022-01-19 07:35:32','regina'),(894,'Weyburn',71,2,NULL,0,0,'published','2022-01-19 07:35:32','2022-01-19 07:35:32','weyburn'),(895,'Eastend',71,2,NULL,0,0,'published','2022-01-19 07:35:32','2022-01-19 07:35:32','eastend'),(896,'Saskatoon',71,2,NULL,0,0,'published','2022-01-19 07:35:32','2022-01-19 07:35:32','saskatoon'),(897,'Wynyard',71,2,NULL,0,0,'published','2022-01-19 07:35:32','2022-01-19 07:35:32','wynyard'),(898,'Esterhazy',71,2,NULL,0,0,'published','2022-01-19 07:35:32','2022-01-19 07:35:32','esterhazy'),(899,'Shell Lake',71,2,NULL,0,0,'published','2022-01-19 07:35:32','2022-01-19 07:35:32','shell-lake'),(900,'Yorkton',71,2,NULL,0,0,'published','2022-01-19 07:35:32','2022-01-19 07:35:32','yorkton'),(901,'Gravelbourg',71,2,NULL,0,0,'published','2022-01-19 07:35:32','2022-01-19 07:35:32','gravelbourg'),(902,'Carcross',72,2,NULL,0,0,'published','2022-01-19 07:35:32','2022-01-19 07:35:32','carcross'),(903,'Whitehorse',72,2,NULL,0,0,'published','2022-01-19 07:35:32','2022-01-19 07:35:32','whitehorse');
/*!40000 ALTER TABLE `cities` ENABLE KEYS */;
UNLOCK TABLES;

--
-- Table structure for table `cities_backup`
--

DROP TABLE IF EXISTS `cities_backup`;
/*!40101 SET @saved_cs_client     = @@character_set_client */;
/*!50503 SET character_set_client = utf8mb4 */;
CREATE TABLE `cities_backup` (
  `id` bigint(20) unsigned NOT NULL AUTO_INCREMENT,
  `name` varchar(120) COLLATE utf8mb4_unicode_ci NOT NULL,
  `state_id` int(10) unsigned DEFAULT NULL,
  `country_id` int(10) unsigned DEFAULT NULL,
  `record_id` varchar(40) COLLATE utf8mb4_unicode_ci DEFAULT NULL,
  `order` tinyint(4) NOT NULL DEFAULT '0',
  `is_featured` tinyint(3) unsigned NOT NULL DEFAULT '0',
  `status` varchar(60) COLLATE utf8mb4_unicode_ci NOT NULL DEFAULT 'published',
  `created_at` timestamp NULL DEFAULT NULL,
  `updated_at` timestamp NULL DEFAULT NULL,
  PRIMARY KEY (`id`)
) ENGINE=InnoDB DEFAULT CHARSET=utf8mb4 COLLATE=utf8mb4_unicode_ci;
/*!40101 SET character_set_client = @saved_cs_client */;

--
-- Dumping data for table `cities_backup`
--

LOCK TABLES `cities_backup` WRITE;
/*!40000 ALTER TABLE `cities_backup` DISABLE KEYS */;
/*!40000 ALTER TABLE `cities_backup` ENABLE KEYS */;
UNLOCK TABLES;

--
-- Table structure for table `cities_translations`
--

DROP TABLE IF EXISTS `cities_translations`;
/*!40101 SET @saved_cs_client     = @@character_set_client */;
/*!50503 SET character_set_client = utf8mb4 */;
CREATE TABLE `cities_translations` (
  `lang_code` varchar(191) COLLATE utf8mb4_unicode_ci NOT NULL,
  `cities_id` int(11) NOT NULL,
  `name` varchar(120) COLLATE utf8mb4_unicode_ci DEFAULT NULL,
  PRIMARY KEY (`lang_code`,`cities_id`)
) ENGINE=InnoDB DEFAULT CHARSET=utf8mb4 COLLATE=utf8mb4_unicode_ci;
/*!40101 SET character_set_client = @saved_cs_client */;

--
-- Dumping data for table `cities_translations`
--

LOCK TABLES `cities_translations` WRITE;
/*!40000 ALTER TABLE `cities_translations` DISABLE KEYS */;
/*!40000 ALTER TABLE `cities_translations` ENABLE KEYS */;
UNLOCK TABLES;

--
-- Table structure for table `contact_replies`
--

DROP TABLE IF EXISTS `contact_replies`;
/*!40101 SET @saved_cs_client     = @@character_set_client */;
/*!50503 SET character_set_client = utf8mb4 */;
CREATE TABLE `contact_replies` (
  `id` bigint(20) unsigned NOT NULL AUTO_INCREMENT,
  `message` longtext COLLATE utf8mb4_unicode_ci NOT NULL,
  `contact_id` int(11) NOT NULL,
  `created_at` timestamp NULL DEFAULT NULL,
  `updated_at` timestamp NULL DEFAULT NULL,
  PRIMARY KEY (`id`)
) ENGINE=InnoDB DEFAULT CHARSET=utf8mb4 COLLATE=utf8mb4_unicode_ci;
/*!40101 SET character_set_client = @saved_cs_client */;

--
-- Dumping data for table `contact_replies`
--

LOCK TABLES `contact_replies` WRITE;
/*!40000 ALTER TABLE `contact_replies` DISABLE KEYS */;
/*!40000 ALTER TABLE `contact_replies` ENABLE KEYS */;
UNLOCK TABLES;

--
-- Table structure for table `contacts`
--

DROP TABLE IF EXISTS `contacts`;
/*!40101 SET @saved_cs_client     = @@character_set_client */;
/*!50503 SET character_set_client = utf8mb4 */;
CREATE TABLE `contacts` (
  `id` bigint(20) unsigned NOT NULL AUTO_INCREMENT,
  `name` varchar(60) COLLATE utf8mb4_unicode_ci NOT NULL,
  `email` varchar(60) COLLATE utf8mb4_unicode_ci NOT NULL,
  `phone` varchar(60) COLLATE utf8mb4_unicode_ci DEFAULT NULL,
  `address` varchar(120) COLLATE utf8mb4_unicode_ci DEFAULT NULL,
  `subject` varchar(120) COLLATE utf8mb4_unicode_ci DEFAULT NULL,
  `content` longtext COLLATE utf8mb4_unicode_ci NOT NULL,
  `status` varchar(60) COLLATE utf8mb4_unicode_ci NOT NULL DEFAULT 'unread',
  `created_at` timestamp NULL DEFAULT NULL,
  `updated_at` timestamp NULL DEFAULT NULL,
  PRIMARY KEY (`id`)
) ENGINE=InnoDB DEFAULT CHARSET=utf8mb4 COLLATE=utf8mb4_unicode_ci;
/*!40101 SET character_set_client = @saved_cs_client */;

--
-- Dumping data for table `contacts`
--

LOCK TABLES `contacts` WRITE;
/*!40000 ALTER TABLE `contacts` DISABLE KEYS */;
/*!40000 ALTER TABLE `contacts` ENABLE KEYS */;
UNLOCK TABLES;

--
-- Table structure for table `countries`
--

DROP TABLE IF EXISTS `countries`;
/*!40101 SET @saved_cs_client     = @@character_set_client */;
/*!50503 SET character_set_client = utf8mb4 */;
CREATE TABLE `countries` (
  `id` bigint(20) unsigned NOT NULL AUTO_INCREMENT,
  `name` varchar(120) COLLATE utf8mb4_unicode_ci NOT NULL,
  `nationality` varchar(120) COLLATE utf8mb4_unicode_ci NOT NULL,
  `order` tinyint(4) NOT NULL DEFAULT '0',
  `is_featured` tinyint(3) unsigned NOT NULL DEFAULT '0',
  `status` varchar(60) COLLATE utf8mb4_unicode_ci NOT NULL DEFAULT 'published',
  `created_at` timestamp NULL DEFAULT NULL,
  `updated_at` timestamp NULL DEFAULT NULL,
  PRIMARY KEY (`id`)
) ENGINE=InnoDB AUTO_INCREMENT=4 DEFAULT CHARSET=utf8mb4 COLLATE=utf8mb4_unicode_ci;
/*!40101 SET character_set_client = @saved_cs_client */;

--
-- Dumping data for table `countries`
--

LOCK TABLES `countries` WRITE;
/*!40000 ALTER TABLE `countries` DISABLE KEYS */;
INSERT INTO `countries` VALUES (1,'United States of America','Americans',0,1,'published','2022-01-19 07:35:13','2022-01-19 07:35:13'),(2,'Canada','Canada',1,0,'published','2022-01-19 07:35:26','2022-01-19 07:35:26');
/*!40000 ALTER TABLE `countries` ENABLE KEYS */;
UNLOCK TABLES;

--
-- Table structure for table `countries_backup`
--

DROP TABLE IF EXISTS `countries_backup`;
/*!40101 SET @saved_cs_client     = @@character_set_client */;
/*!50503 SET character_set_client = utf8mb4 */;
CREATE TABLE `countries_backup` (
  `id` bigint(20) unsigned NOT NULL AUTO_INCREMENT,
  `name` varchar(120) COLLATE utf8mb4_unicode_ci NOT NULL,
  `nationality` varchar(120) COLLATE utf8mb4_unicode_ci NOT NULL,
  `order` tinyint(4) NOT NULL DEFAULT '0',
  `is_featured` tinyint(3) unsigned NOT NULL DEFAULT '0',
  `status` varchar(60) COLLATE utf8mb4_unicode_ci NOT NULL DEFAULT 'published',
  `created_at` timestamp NULL DEFAULT NULL,
  `updated_at` timestamp NULL DEFAULT NULL,
  PRIMARY KEY (`id`)
) ENGINE=InnoDB DEFAULT CHARSET=utf8mb4 COLLATE=utf8mb4_unicode_ci;
/*!40101 SET character_set_client = @saved_cs_client */;

--
-- Dumping data for table `countries_backup`
--

LOCK TABLES `countries_backup` WRITE;
/*!40000 ALTER TABLE `countries_backup` DISABLE KEYS */;
/*!40000 ALTER TABLE `countries_backup` ENABLE KEYS */;
UNLOCK TABLES;

--
-- Table structure for table `countries_translations`
--

DROP TABLE IF EXISTS `countries_translations`;
/*!40101 SET @saved_cs_client     = @@character_set_client */;
/*!50503 SET character_set_client = utf8mb4 */;
CREATE TABLE `countries_translations` (
  `lang_code` varchar(191) COLLATE utf8mb4_unicode_ci NOT NULL,
  `countries_id` int(11) NOT NULL,
  `name` varchar(120) COLLATE utf8mb4_unicode_ci DEFAULT NULL,
  `nationality` varchar(120) COLLATE utf8mb4_unicode_ci DEFAULT NULL,
  PRIMARY KEY (`lang_code`,`countries_id`)
) ENGINE=InnoDB DEFAULT CHARSET=utf8mb4 COLLATE=utf8mb4_unicode_ci;
/*!40101 SET character_set_client = @saved_cs_client */;

--
-- Dumping data for table `countries_translations`
--

LOCK TABLES `countries_translations` WRITE;
/*!40000 ALTER TABLE `countries_translations` DISABLE KEYS */;
/*!40000 ALTER TABLE `countries_translations` ENABLE KEYS */;
UNLOCK TABLES;

--
-- Table structure for table `dashboard_widget_settings`
--

DROP TABLE IF EXISTS `dashboard_widget_settings`;
/*!40101 SET @saved_cs_client     = @@character_set_client */;
/*!50503 SET character_set_client = utf8mb4 */;
CREATE TABLE `dashboard_widget_settings` (
  `id` bigint(20) unsigned NOT NULL AUTO_INCREMENT,
  `settings` text COLLATE utf8mb4_unicode_ci,
  `user_id` int(10) unsigned NOT NULL,
  `widget_id` int(10) unsigned NOT NULL,
  `order` tinyint(3) unsigned NOT NULL DEFAULT '0',
  `status` tinyint(3) unsigned NOT NULL DEFAULT '1',
  `created_at` timestamp NULL DEFAULT NULL,
  `updated_at` timestamp NULL DEFAULT NULL,
  PRIMARY KEY (`id`),
  KEY `dashboard_widget_settings_user_id_index` (`user_id`),
  KEY `dashboard_widget_settings_widget_id_index` (`widget_id`)
) ENGINE=InnoDB DEFAULT CHARSET=utf8mb4 COLLATE=utf8mb4_unicode_ci;
/*!40101 SET character_set_client = @saved_cs_client */;

--
-- Dumping data for table `dashboard_widget_settings`
--

LOCK TABLES `dashboard_widget_settings` WRITE;
/*!40000 ALTER TABLE `dashboard_widget_settings` DISABLE KEYS */;
/*!40000 ALTER TABLE `dashboard_widget_settings` ENABLE KEYS */;
UNLOCK TABLES;

--
-- Table structure for table `dashboard_widgets`
--

DROP TABLE IF EXISTS `dashboard_widgets`;
/*!40101 SET @saved_cs_client     = @@character_set_client */;
/*!50503 SET character_set_client = utf8mb4 */;
CREATE TABLE `dashboard_widgets` (
  `id` bigint(20) unsigned NOT NULL AUTO_INCREMENT,
  `name` varchar(120) COLLATE utf8mb4_unicode_ci NOT NULL,
  `created_at` timestamp NULL DEFAULT NULL,
  `updated_at` timestamp NULL DEFAULT NULL,
  PRIMARY KEY (`id`)
) ENGINE=InnoDB DEFAULT CHARSET=utf8mb4 COLLATE=utf8mb4_unicode_ci;
/*!40101 SET character_set_client = @saved_cs_client */;

--
-- Dumping data for table `dashboard_widgets`
--

LOCK TABLES `dashboard_widgets` WRITE;
/*!40000 ALTER TABLE `dashboard_widgets` DISABLE KEYS */;
/*!40000 ALTER TABLE `dashboard_widgets` ENABLE KEYS */;
UNLOCK TABLES;

--
-- Table structure for table `failed_jobs`
--

DROP TABLE IF EXISTS `failed_jobs`;
/*!40101 SET @saved_cs_client     = @@character_set_client */;
/*!50503 SET character_set_client = utf8mb4 */;
CREATE TABLE `failed_jobs` (
  `id` bigint(20) unsigned NOT NULL AUTO_INCREMENT,
  `uuid` varchar(191) COLLATE utf8mb4_unicode_ci NOT NULL,
  `connection` text COLLATE utf8mb4_unicode_ci NOT NULL,
  `queue` text COLLATE utf8mb4_unicode_ci NOT NULL,
  `payload` longtext COLLATE utf8mb4_unicode_ci NOT NULL,
  `exception` longtext COLLATE utf8mb4_unicode_ci NOT NULL,
  `failed_at` timestamp NOT NULL DEFAULT CURRENT_TIMESTAMP,
  PRIMARY KEY (`id`),
  UNIQUE KEY `failed_jobs_uuid_unique` (`uuid`)
) ENGINE=InnoDB DEFAULT CHARSET=utf8mb4 COLLATE=utf8mb4_unicode_ci;
/*!40101 SET character_set_client = @saved_cs_client */;

--
-- Dumping data for table `failed_jobs`
--

LOCK TABLES `failed_jobs` WRITE;
/*!40000 ALTER TABLE `failed_jobs` DISABLE KEYS */;
/*!40000 ALTER TABLE `failed_jobs` ENABLE KEYS */;
UNLOCK TABLES;

--
-- Table structure for table `jobs`
--

DROP TABLE IF EXISTS `jobs`;
/*!40101 SET @saved_cs_client     = @@character_set_client */;
/*!50503 SET character_set_client = utf8mb4 */;
CREATE TABLE `jobs` (
  `id` bigint(20) unsigned NOT NULL AUTO_INCREMENT,
  `queue` varchar(191) COLLATE utf8mb4_unicode_ci NOT NULL,
  `payload` longtext COLLATE utf8mb4_unicode_ci NOT NULL,
  `attempts` tinyint(3) unsigned NOT NULL,
  `reserved_at` int(10) unsigned DEFAULT NULL,
  `available_at` int(10) unsigned NOT NULL,
  `created_at` int(10) unsigned NOT NULL,
  PRIMARY KEY (`id`),
  KEY `jobs_queue_index` (`queue`)
) ENGINE=InnoDB DEFAULT CHARSET=utf8mb4 COLLATE=utf8mb4_unicode_ci;
/*!40101 SET character_set_client = @saved_cs_client */;

--
-- Dumping data for table `jobs`
--

LOCK TABLES `jobs` WRITE;
/*!40000 ALTER TABLE `jobs` DISABLE KEYS */;
/*!40000 ALTER TABLE `jobs` ENABLE KEYS */;
UNLOCK TABLES;

--
-- Table structure for table `language_meta`
--

DROP TABLE IF EXISTS `language_meta`;
/*!40101 SET @saved_cs_client     = @@character_set_client */;
/*!50503 SET character_set_client = utf8mb4 */;
CREATE TABLE `language_meta` (
  `lang_meta_id` int(10) unsigned NOT NULL AUTO_INCREMENT,
  `lang_meta_code` text COLLATE utf8mb4_unicode_ci,
  `lang_meta_origin` varchar(255) COLLATE utf8mb4_unicode_ci NOT NULL,
  `reference_id` int(10) unsigned NOT NULL,
  `reference_type` varchar(120) COLLATE utf8mb4_unicode_ci NOT NULL,
  PRIMARY KEY (`lang_meta_id`),
  KEY `language_meta_reference_id_index` (`reference_id`)
) ENGINE=InnoDB AUTO_INCREMENT=11 DEFAULT CHARSET=utf8mb4 COLLATE=utf8mb4_unicode_ci;
/*!40101 SET character_set_client = @saved_cs_client */;

--
-- Dumping data for table `language_meta`
--

LOCK TABLES `language_meta` WRITE;
/*!40000 ALTER TABLE `language_meta` DISABLE KEYS */;
INSERT INTO `language_meta` VALUES (1,'en_US','1e80f9ce8f050d186735259075da12b8',1,'Botble\\Menu\\Models\\MenuLocation'),(2,'en_US','001e3d55e3f9b892d69aa28d04e7519e',1,'Botble\\Menu\\Models\\Menu'),(3,'en_US','6cb9250b2cb6a766f2190526c7b63f2e',2,'Botble\\Menu\\Models\\Menu'),(4,'en_US','5a9b5c83a2bad70713e180563de64648',3,'Botble\\Menu\\Models\\Menu'),(5,'en_US','84fd9113418156537cc737b9cbbc3dea',4,'Botble\\Menu\\Models\\Menu'),(6,'vi','713f457f2dc4f482fe434d3113a60ee5',2,'Botble\\Menu\\Models\\MenuLocation'),(7,'vi','001e3d55e3f9b892d69aa28d04e7519e',5,'Botble\\Menu\\Models\\Menu'),(8,'vi','6cb9250b2cb6a766f2190526c7b63f2e',6,'Botble\\Menu\\Models\\Menu'),(9,'vi','5a9b5c83a2bad70713e180563de64648',7,'Botble\\Menu\\Models\\Menu'),(10,'vi','84fd9113418156537cc737b9cbbc3dea',8,'Botble\\Menu\\Models\\Menu');
/*!40000 ALTER TABLE `language_meta` ENABLE KEYS */;
UNLOCK TABLES;

--
-- Table structure for table `language_meta_backup`
--

DROP TABLE IF EXISTS `language_meta_backup`;
/*!40101 SET @saved_cs_client     = @@character_set_client */;
/*!50503 SET character_set_client = utf8mb4 */;
CREATE TABLE `language_meta_backup` (
  `lang_meta_id` int(10) unsigned NOT NULL AUTO_INCREMENT,
  `lang_meta_code` text COLLATE utf8mb4_unicode_ci,
  `lang_meta_origin` varchar(255) COLLATE utf8mb4_unicode_ci NOT NULL,
  `reference_id` int(10) unsigned NOT NULL,
  `reference_type` varchar(120) COLLATE utf8mb4_unicode_ci NOT NULL,
  PRIMARY KEY (`lang_meta_id`),
  KEY `language_meta_reference_id_index` (`reference_id`)
) ENGINE=InnoDB DEFAULT CHARSET=utf8mb4 COLLATE=utf8mb4_unicode_ci;
/*!40101 SET character_set_client = @saved_cs_client */;

--
-- Dumping data for table `language_meta_backup`
--

LOCK TABLES `language_meta_backup` WRITE;
/*!40000 ALTER TABLE `language_meta_backup` DISABLE KEYS */;
/*!40000 ALTER TABLE `language_meta_backup` ENABLE KEYS */;
UNLOCK TABLES;

--
-- Table structure for table `languages`
--

DROP TABLE IF EXISTS `languages`;
/*!40101 SET @saved_cs_client     = @@character_set_client */;
/*!50503 SET character_set_client = utf8mb4 */;
CREATE TABLE `languages` (
  `lang_id` int(10) unsigned NOT NULL AUTO_INCREMENT,
  `lang_name` varchar(120) COLLATE utf8mb4_unicode_ci NOT NULL,
  `lang_locale` varchar(20) COLLATE utf8mb4_unicode_ci NOT NULL,
  `lang_code` varchar(20) COLLATE utf8mb4_unicode_ci NOT NULL,
  `lang_flag` varchar(20) COLLATE utf8mb4_unicode_ci DEFAULT NULL,
  `lang_is_default` tinyint(3) unsigned NOT NULL DEFAULT '0',
  `lang_order` int(11) NOT NULL DEFAULT '0',
  `lang_is_rtl` tinyint(3) unsigned NOT NULL DEFAULT '0',
  PRIMARY KEY (`lang_id`)
) ENGINE=InnoDB AUTO_INCREMENT=3 DEFAULT CHARSET=utf8mb4 COLLATE=utf8mb4_unicode_ci;
/*!40101 SET character_set_client = @saved_cs_client */;

--
-- Dumping data for table `languages`
--

LOCK TABLES `languages` WRITE;
/*!40000 ALTER TABLE `languages` DISABLE KEYS */;
INSERT INTO `languages` VALUES (1,'English','en','en_US','us',1,0,0),(2,'Tiếng Việt','vi','vi','vn',0,0,0);
/*!40000 ALTER TABLE `languages` ENABLE KEYS */;
UNLOCK TABLES;

--
-- Table structure for table `media_files`
--

DROP TABLE IF EXISTS `media_files`;
/*!40101 SET @saved_cs_client     = @@character_set_client */;
/*!50503 SET character_set_client = utf8mb4 */;
CREATE TABLE `media_files` (
  `id` bigint(20) unsigned NOT NULL AUTO_INCREMENT,
  `user_id` int(10) unsigned NOT NULL,
  `name` varchar(255) COLLATE utf8mb4_unicode_ci NOT NULL,
  `folder_id` int(10) unsigned NOT NULL DEFAULT '0',
  `mime_type` varchar(120) COLLATE utf8mb4_unicode_ci NOT NULL,
  `size` int(11) NOT NULL,
  `url` varchar(255) COLLATE utf8mb4_unicode_ci NOT NULL,
  `options` text COLLATE utf8mb4_unicode_ci,
  `created_at` timestamp NULL DEFAULT NULL,
  `updated_at` timestamp NULL DEFAULT NULL,
  `deleted_at` timestamp NULL DEFAULT NULL,
  PRIMARY KEY (`id`),
  KEY `media_files_user_id_index` (`user_id`)
) ENGINE=InnoDB AUTO_INCREMENT=197 DEFAULT CHARSET=utf8mb4 COLLATE=utf8mb4_unicode_ci;
/*!40101 SET character_set_client = @saved_cs_client */;

--
-- Dumping data for table `media_files`
--

LOCK TABLES `media_files` WRITE;
/*!40000 ALTER TABLE `media_files` DISABLE KEYS */;
INSERT INTO `media_files` VALUES (102,0,'c-1',11,'image/png',138074,'cities/c-1.png','[]','2022-01-19 07:35:11','2022-01-19 07:35:11',NULL),(103,0,'c-2',11,'image/png',157272,'cities/c-2.png','[]','2022-01-19 07:35:11','2022-01-19 07:35:11',NULL),(104,0,'c-3',11,'image/png',137387,'cities/c-3.png','[]','2022-01-19 07:35:11','2022-01-19 07:35:11',NULL),(105,0,'c-4',11,'image/png',145476,'cities/c-4.png','[]','2022-01-19 07:35:12','2022-01-19 07:35:12',NULL),(106,0,'c-5',11,'image/png',134127,'cities/c-5.png','[]','2022-01-19 07:35:12','2022-01-19 07:35:12',NULL),(107,0,'c-6',11,'image/png',148207,'cities/c-6.png','[]','2022-01-19 07:35:13','2022-01-19 07:35:13',NULL),(108,0,'avatar',12,'image/jpeg',151486,'users/avatar.jpg','[]','2022-01-19 07:35:32','2022-01-19 07:35:32',NULL),(109,0,'sb',13,'image/png',102140,'block/sb.png','[]','2022-01-19 07:35:33','2022-01-19 07:35:33',NULL),(110,0,'vec-2',13,'image/png',227757,'block/vec-2.png','[]','2022-01-19 07:35:33','2022-01-19 07:35:33',NULL),(111,0,'app',14,'image/png',159623,'banners/app.png','[]','2022-01-19 07:35:34','2022-01-19 07:35:34',NULL),(112,0,'banner-1',14,'image/jpeg',271728,'banners/banner-1.jpg','[]','2022-01-19 07:35:34','2022-01-19 07:35:34',NULL),(113,0,'banner-2',14,'image/jpeg',201045,'banners/banner-2.jpg','[]','2022-01-19 07:35:36','2022-01-19 07:35:36',NULL),(114,0,'banner-3',14,'image/jpeg',329351,'banners/banner-3.jpg','[]','2022-01-19 07:35:37','2022-01-19 07:35:37',NULL),(115,0,'banner-4',14,'image/png',264428,'banners/banner-4.png','[]','2022-01-19 07:35:38','2022-01-19 07:35:38',NULL),(116,0,'banner-5',14,'image/png',402790,'banners/banner-5.png','[]','2022-01-19 07:35:39','2022-01-19 07:35:39',NULL),(117,0,'banner-6',14,'image/png',236548,'banners/banner-6.png','[]','2022-01-19 07:35:40','2022-01-19 07:35:40',NULL),(118,0,'banner-svg',14,'image/jpeg',38459,'banners/banner-svg.jpg','[]','2022-01-19 07:35:40','2022-01-19 07:35:40',NULL),(119,0,'banner',14,'video/mp4',9886072,'banners/banner.mp4','[]','2022-01-19 07:35:41','2022-01-19 07:35:41',NULL),(120,0,'banner-7',14,'image/svg+xml',20027,'banners/banner-7.svg','[]','2022-01-19 07:35:41','2022-01-19 07:35:41',NULL),(121,0,'home-2',14,'image/png',33319,'banners/home-2.png','[]','2022-01-19 07:35:41','2022-01-19 07:35:41',NULL),(122,0,'new-banner',14,'image/jpeg',350945,'banners/new-banner.jpg','[]','2022-01-19 07:35:42','2022-01-19 07:35:42',NULL),(123,0,'favicon',15,'image/png',3178,'general/favicon.png','[]','2022-01-19 07:35:44','2022-01-19 07:35:44',NULL),(124,0,'img-loading',15,'image/jpeg',786,'general/img-loading.jpg','[]','2022-01-19 07:35:44','2022-01-19 07:35:44',NULL),(125,0,'logo-light',15,'image/png',10875,'general/logo-light.png','[]','2022-01-19 07:35:44','2022-01-19 07:35:44',NULL),(126,0,'logo',15,'image/png',11350,'general/logo.png','[]','2022-01-19 07:35:44','2022-01-19 07:35:44',NULL),(127,0,'screenshot',15,'image/png',165692,'general/screenshot.png','[]','2022-01-19 07:35:45','2022-01-19 07:35:45',NULL),(128,0,'1',16,'image/jpeg',136733,'news/1.jpg','[]','2022-01-19 07:35:46','2022-01-19 07:35:46',NULL),(129,0,'10',16,'image/jpeg',107306,'news/10.jpg','[]','2022-01-19 07:35:46','2022-01-19 07:35:46',NULL),(130,0,'11',16,'image/jpeg',158705,'news/11.jpg','[]','2022-01-19 07:35:46','2022-01-19 07:35:46',NULL),(131,0,'12',16,'image/jpeg',169224,'news/12.jpg','[]','2022-01-19 07:35:47','2022-01-19 07:35:47',NULL),(132,0,'13',16,'image/jpeg',209836,'news/13.jpg','[]','2022-01-19 07:35:47','2022-01-19 07:35:47',NULL),(133,0,'14',16,'image/jpeg',244640,'news/14.jpg','[]','2022-01-19 07:35:48','2022-01-19 07:35:48',NULL),(134,0,'15',16,'image/jpeg',215801,'news/15.jpg','[]','2022-01-19 07:35:48','2022-01-19 07:35:48',NULL),(135,0,'16',16,'image/jpeg',127110,'news/16.jpg','[]','2022-01-19 07:35:49','2022-01-19 07:35:49',NULL),(136,0,'17',16,'image/jpeg',178736,'news/17.jpg','[]','2022-01-19 07:35:49','2022-01-19 07:35:49',NULL),(137,0,'18',16,'image/jpeg',127500,'news/18.jpg','[]','2022-01-19 07:35:49','2022-01-19 07:35:49',NULL),(138,0,'19',16,'image/jpeg',148213,'news/19.jpg','[]','2022-01-19 07:35:50','2022-01-19 07:35:50',NULL),(139,0,'2',16,'image/jpeg',140241,'news/2.jpg','[]','2022-01-19 07:35:50','2022-01-19 07:35:50',NULL),(140,0,'20',16,'image/jpeg',123100,'news/20.jpg','[]','2022-01-19 07:35:51','2022-01-19 07:35:51',NULL),(141,0,'21',16,'image/jpeg',108630,'news/21.jpg','[]','2022-01-19 07:35:51','2022-01-19 07:35:51',NULL),(142,0,'22',16,'image/jpeg',120108,'news/22.jpg','[]','2022-01-19 07:35:51','2022-01-19 07:35:51',NULL),(143,0,'23',16,'image/jpeg',98530,'news/23.jpg','[]','2022-01-19 07:35:52','2022-01-19 07:35:52',NULL),(144,0,'24',16,'image/jpeg',134237,'news/24.jpg','[]','2022-01-19 07:35:52','2022-01-19 07:35:52',NULL),(145,0,'25',16,'image/jpeg',124532,'news/25.jpg','[]','2022-01-19 07:35:52','2022-01-19 07:35:52',NULL),(146,0,'26',16,'image/jpeg',134643,'news/26.jpg','[]','2022-01-19 07:35:53','2022-01-19 07:35:53',NULL),(147,0,'27',16,'image/jpeg',165965,'news/27.jpg','[]','2022-01-19 07:35:53','2022-01-19 07:35:53',NULL),(148,0,'3',16,'image/jpeg',199060,'news/3.jpg','[]','2022-01-19 07:35:54','2022-01-19 07:35:54',NULL),(149,0,'4',16,'image/jpeg',158031,'news/4.jpg','[]','2022-01-19 07:35:54','2022-01-19 07:35:54',NULL),(150,0,'5',16,'image/jpeg',135774,'news/5.jpg','[]','2022-01-19 07:35:54','2022-01-19 07:35:54',NULL),(151,0,'6',16,'image/jpeg',100187,'news/6.jpg','[]','2022-01-19 07:35:55','2022-01-19 07:35:55',NULL),(152,0,'7',16,'image/jpeg',206113,'news/7.jpg','[]','2022-01-19 07:35:55','2022-01-19 07:35:55',NULL),(153,0,'8',16,'image/jpeg',184904,'news/8.jpg','[]','2022-01-19 07:35:56','2022-01-19 07:35:56',NULL),(154,0,'9',16,'image/jpeg',150106,'news/9.jpg','[]','2022-01-19 07:35:56','2022-01-19 07:35:56',NULL),(155,0,'1',17,'image/jpeg',39008,'accounts/1.jpg','[]','2022-01-19 07:35:58','2022-01-19 07:35:58',NULL),(156,0,'10',17,'image/jpeg',27814,'accounts/10.jpg','[]','2022-01-19 07:35:58','2022-01-19 07:35:58',NULL),(157,0,'2',17,'image/jpeg',56376,'accounts/2.jpg','[]','2022-01-19 07:35:58','2022-01-19 07:35:58',NULL),(158,0,'3',17,'image/jpeg',62502,'accounts/3.jpg','[]','2022-01-19 07:35:58','2022-01-19 07:35:58',NULL),(159,0,'4',17,'image/jpeg',36259,'accounts/4.jpg','[]','2022-01-19 07:35:59','2022-01-19 07:35:59',NULL),(160,0,'5',17,'image/jpeg',64833,'accounts/5.jpg','[]','2022-01-19 07:35:59','2022-01-19 07:35:59',NULL),(161,0,'6',17,'image/jpeg',57568,'accounts/6.jpg','[]','2022-01-19 07:35:59','2022-01-19 07:35:59',NULL),(162,0,'7',17,'image/jpeg',88003,'accounts/7.jpg','[]','2022-01-19 07:36:00','2022-01-19 07:36:00',NULL),(163,0,'8',17,'image/jpeg',28009,'accounts/8.jpg','[]','2022-01-19 07:36:00','2022-01-19 07:36:00',NULL),(164,0,'9',17,'image/jpeg',49079,'accounts/9.jpg','[]','2022-01-19 07:36:00','2022-01-19 07:36:00',NULL),(165,0,'p-1',18,'image/jpeg',136733,'properties/p-1.jpg','[]','2022-01-19 07:36:03','2022-01-19 07:36:03',NULL),(166,0,'p-10',18,'image/jpeg',107306,'properties/p-10.jpg','[]','2022-01-19 07:36:03','2022-01-19 07:36:03',NULL),(167,0,'p-11',18,'image/jpeg',158705,'properties/p-11.jpg','[]','2022-01-19 07:36:03','2022-01-19 07:36:03',NULL),(168,0,'p-12',18,'image/jpeg',169224,'properties/p-12.jpg','[]','2022-01-19 07:36:04','2022-01-19 07:36:04',NULL),(169,0,'p-13',18,'image/jpeg',209836,'properties/p-13.jpg','[]','2022-01-19 07:36:04','2022-01-19 07:36:04',NULL),(170,0,'p-14',18,'image/jpeg',244640,'properties/p-14.jpg','[]','2022-01-19 07:36:05','2022-01-19 07:36:05',NULL),(171,0,'p-15',18,'image/jpeg',215801,'properties/p-15.jpg','[]','2022-01-19 07:36:05','2022-01-19 07:36:05',NULL),(172,0,'p-16',18,'image/jpeg',127110,'properties/p-16.jpg','[]','2022-01-19 07:36:06','2022-01-19 07:36:06',NULL),(173,0,'p-17',18,'image/jpeg',178736,'properties/p-17.jpg','[]','2022-01-19 07:36:06','2022-01-19 07:36:06',NULL),(174,0,'p-18',18,'image/jpeg',127500,'properties/p-18.jpg','[]','2022-01-19 07:36:06','2022-01-19 07:36:06',NULL),(175,0,'p-19',18,'image/jpeg',148213,'properties/p-19.jpg','[]','2022-01-19 07:36:07','2022-01-19 07:36:07',NULL),(176,0,'p-2',18,'image/jpeg',140241,'properties/p-2.jpg','[]','2022-01-19 07:36:07','2022-01-19 07:36:07',NULL),(177,0,'p-20',18,'image/jpeg',123100,'properties/p-20.jpg','[]','2022-01-19 07:36:08','2022-01-19 07:36:08',NULL),(178,0,'p-21',18,'image/jpeg',108630,'properties/p-21.jpg','[]','2022-01-19 07:36:08','2022-01-19 07:36:08',NULL),(179,0,'p-22',18,'image/jpeg',120108,'properties/p-22.jpg','[]','2022-01-19 07:36:08','2022-01-19 07:36:08',NULL),(180,0,'p-23',18,'image/jpeg',98530,'properties/p-23.jpg','[]','2022-01-19 07:36:09','2022-01-19 07:36:09',NULL),(181,0,'p-24',18,'image/jpeg',134237,'properties/p-24.jpg','[]','2022-01-19 07:36:09','2022-01-19 07:36:09',NULL),(182,0,'p-25',18,'image/jpeg',124532,'properties/p-25.jpg','[]','2022-01-19 07:36:10','2022-01-19 07:36:10',NULL),(183,0,'p-26',18,'image/jpeg',134643,'properties/p-26.jpg','[]','2022-01-19 07:36:10','2022-01-19 07:36:10',NULL),(184,0,'p-27',18,'image/jpeg',165965,'properties/p-27.jpg','[]','2022-01-19 07:36:10','2022-01-19 07:36:10',NULL),(185,0,'p-3',18,'image/jpeg',199060,'properties/p-3.jpg','[]','2022-01-19 07:36:11','2022-01-19 07:36:11',NULL),(186,0,'p-4',18,'image/jpeg',158031,'properties/p-4.jpg','[]','2022-01-19 07:36:11','2022-01-19 07:36:11',NULL),(187,0,'p-5',18,'image/jpeg',135774,'properties/p-5.jpg','[]','2022-01-19 07:36:12','2022-01-19 07:36:12',NULL),(188,0,'p-6',18,'image/jpeg',100187,'properties/p-6.jpg','[]','2022-01-19 07:36:12','2022-01-19 07:36:12',NULL),(189,0,'p-7',18,'image/jpeg',206113,'properties/p-7.jpg','[]','2022-01-19 07:36:13','2022-01-19 07:36:13',NULL),(190,0,'p-8',18,'image/jpeg',184904,'properties/p-8.jpg','[]','2022-01-19 07:36:13','2022-01-19 07:36:13',NULL),(191,0,'p-9',18,'image/jpeg',150106,'properties/p-9.jpg','[]','2022-01-19 07:36:13','2022-01-19 07:36:13',NULL),(192,0,'1',19,'image/jpeg',62502,'testimonials/1.jpg','[]','2022-01-19 07:36:23','2022-01-19 07:36:23',NULL),(193,0,'2',19,'image/jpeg',36259,'testimonials/2.jpg','[]','2022-01-19 07:36:24','2022-01-19 07:36:24',NULL),(194,0,'3',19,'image/jpeg',64833,'testimonials/3.jpg','[]','2022-01-19 07:36:24','2022-01-19 07:36:24',NULL),(195,0,'4',19,'image/jpeg',57568,'testimonials/4.jpg','[]','2022-01-19 07:36:24','2022-01-19 07:36:24',NULL),(196,0,'5',19,'image/jpeg',28009,'testimonials/5.jpg','[]','2022-01-19 07:36:25','2022-01-19 07:36:25',NULL);
/*!40000 ALTER TABLE `media_files` ENABLE KEYS */;
UNLOCK TABLES;

--
-- Table structure for table `media_folders`
--

DROP TABLE IF EXISTS `media_folders`;
/*!40101 SET @saved_cs_client     = @@character_set_client */;
/*!50503 SET character_set_client = utf8mb4 */;
CREATE TABLE `media_folders` (
  `id` bigint(20) unsigned NOT NULL AUTO_INCREMENT,
  `user_id` int(10) unsigned NOT NULL,
  `name` varchar(191) COLLATE utf8mb4_unicode_ci DEFAULT NULL,
  `slug` varchar(191) COLLATE utf8mb4_unicode_ci DEFAULT NULL,
  `parent_id` int(11) NOT NULL DEFAULT '0',
  `created_at` timestamp NULL DEFAULT NULL,
  `updated_at` timestamp NULL DEFAULT NULL,
  `deleted_at` timestamp NULL DEFAULT NULL,
  PRIMARY KEY (`id`),
  KEY `media_folders_user_id_index` (`user_id`)
) ENGINE=InnoDB AUTO_INCREMENT=20 DEFAULT CHARSET=utf8mb4 COLLATE=utf8mb4_unicode_ci;
/*!40101 SET character_set_client = @saved_cs_client */;

--
-- Dumping data for table `media_folders`
--

LOCK TABLES `media_folders` WRITE;
/*!40000 ALTER TABLE `media_folders` DISABLE KEYS */;
INSERT INTO `media_folders` VALUES (11,0,'cities','cities',0,'2022-01-19 07:35:11','2022-01-19 07:35:11',NULL),(12,0,'users','users',0,'2022-01-19 07:35:32','2022-01-19 07:35:32',NULL),(13,0,'block','block',0,'2022-01-19 07:35:33','2022-01-19 07:35:33',NULL),(14,0,'banners','banners',0,'2022-01-19 07:35:34','2022-01-19 07:35:34',NULL),(15,0,'general','general',0,'2022-01-19 07:35:44','2022-01-19 07:35:44',NULL),(16,0,'news','news',0,'2022-01-19 07:35:46','2022-01-19 07:35:46',NULL),(17,0,'accounts','accounts',0,'2022-01-19 07:35:58','2022-01-19 07:35:58',NULL),(18,0,'properties','properties',0,'2022-01-19 07:36:03','2022-01-19 07:36:03',NULL),(19,0,'testimonials','testimonials',0,'2022-01-19 07:36:23','2022-01-19 07:36:23',NULL);
/*!40000 ALTER TABLE `media_folders` ENABLE KEYS */;
UNLOCK TABLES;

--
-- Table structure for table `media_settings`
--

DROP TABLE IF EXISTS `media_settings`;
/*!40101 SET @saved_cs_client     = @@character_set_client */;
/*!50503 SET character_set_client = utf8mb4 */;
CREATE TABLE `media_settings` (
  `id` bigint(20) unsigned NOT NULL AUTO_INCREMENT,
  `key` varchar(120) COLLATE utf8mb4_unicode_ci NOT NULL,
  `value` text COLLATE utf8mb4_unicode_ci,
  `media_id` int(11) DEFAULT NULL,
  `user_id` int(11) DEFAULT NULL,
  `created_at` timestamp NULL DEFAULT NULL,
  `updated_at` timestamp NULL DEFAULT NULL,
  PRIMARY KEY (`id`)
) ENGINE=InnoDB DEFAULT CHARSET=utf8mb4 COLLATE=utf8mb4_unicode_ci;
/*!40101 SET character_set_client = @saved_cs_client */;

--
-- Dumping data for table `media_settings`
--

LOCK TABLES `media_settings` WRITE;
/*!40000 ALTER TABLE `media_settings` DISABLE KEYS */;
/*!40000 ALTER TABLE `media_settings` ENABLE KEYS */;
UNLOCK TABLES;

--
-- Table structure for table `menu_locations`
--

DROP TABLE IF EXISTS `menu_locations`;
/*!40101 SET @saved_cs_client     = @@character_set_client */;
/*!50503 SET character_set_client = utf8mb4 */;
CREATE TABLE `menu_locations` (
  `id` bigint(20) unsigned NOT NULL AUTO_INCREMENT,
  `menu_id` int(10) unsigned NOT NULL,
  `location` varchar(120) COLLATE utf8mb4_unicode_ci NOT NULL,
  `created_at` timestamp NULL DEFAULT NULL,
  `updated_at` timestamp NULL DEFAULT NULL,
  PRIMARY KEY (`id`)
) ENGINE=InnoDB AUTO_INCREMENT=3 DEFAULT CHARSET=utf8mb4 COLLATE=utf8mb4_unicode_ci;
/*!40101 SET character_set_client = @saved_cs_client */;

--
-- Dumping data for table `menu_locations`
--

LOCK TABLES `menu_locations` WRITE;
/*!40000 ALTER TABLE `menu_locations` DISABLE KEYS */;
INSERT INTO `menu_locations` VALUES (1,1,'main-menu','2022-01-19 07:35:43','2022-01-19 07:35:43'),(2,5,'main-menu','2022-01-19 07:35:43','2022-01-19 07:35:43');
/*!40000 ALTER TABLE `menu_locations` ENABLE KEYS */;
UNLOCK TABLES;

--
-- Table structure for table `menu_nodes`
--

DROP TABLE IF EXISTS `menu_nodes`;
/*!40101 SET @saved_cs_client     = @@character_set_client */;
/*!50503 SET character_set_client = utf8mb4 */;
CREATE TABLE `menu_nodes` (
  `id` bigint(20) unsigned NOT NULL AUTO_INCREMENT,
  `menu_id` int(10) unsigned NOT NULL,
  `parent_id` int(10) unsigned NOT NULL DEFAULT '0',
  `reference_id` int(10) unsigned DEFAULT NULL,
  `reference_type` varchar(255) COLLATE utf8mb4_unicode_ci DEFAULT NULL,
  `url` varchar(120) COLLATE utf8mb4_unicode_ci DEFAULT NULL,
  `icon_font` varchar(50) COLLATE utf8mb4_unicode_ci DEFAULT NULL,
  `position` tinyint(3) unsigned NOT NULL DEFAULT '0',
  `title` varchar(120) COLLATE utf8mb4_unicode_ci DEFAULT NULL,
  `css_class` varchar(120) COLLATE utf8mb4_unicode_ci DEFAULT NULL,
  `target` varchar(20) COLLATE utf8mb4_unicode_ci NOT NULL DEFAULT '_self',
  `has_child` tinyint(3) unsigned NOT NULL DEFAULT '0',
  `created_at` timestamp NULL DEFAULT NULL,
  `updated_at` timestamp NULL DEFAULT NULL,
  PRIMARY KEY (`id`),
  KEY `menu_nodes_menu_id_index` (`menu_id`),
  KEY `menu_nodes_parent_id_index` (`parent_id`)
) ENGINE=InnoDB AUTO_INCREMENT=107 DEFAULT CHARSET=utf8mb4 COLLATE=utf8mb4_unicode_ci;
/*!40101 SET character_set_client = @saved_cs_client */;

--
-- Dumping data for table `menu_nodes`
--

LOCK TABLES `menu_nodes` WRITE;
/*!40000 ALTER TABLE `menu_nodes` DISABLE KEYS */;
INSERT INTO `menu_nodes` VALUES (1,1,0,NULL,NULL,'/',NULL,0,'Home',NULL,'_self',1,'2022-01-19 07:35:43','2022-01-19 07:35:43'),(2,1,1,NULL,NULL,'/',NULL,0,'Home layout 1',NULL,'_self',0,'2022-01-19 07:35:43','2022-01-19 07:35:43'),(3,1,1,2,'Botble\\Page\\Models\\Page','/home-layout-2',NULL,0,'Home layout 2',NULL,'_self',0,'2022-01-19 07:35:43','2022-01-19 07:35:44'),(4,1,1,3,'Botble\\Page\\Models\\Page','/home-layout-3',NULL,0,'Home layout 3',NULL,'_self',0,'2022-01-19 07:35:43','2022-01-19 07:35:44'),(5,1,1,4,'Botble\\Page\\Models\\Page','/home-layout-4',NULL,0,'Home layout 4',NULL,'_self',0,'2022-01-19 07:35:43','2022-01-19 07:35:44'),(6,1,1,5,'Botble\\Page\\Models\\Page','/home-layout-5',NULL,0,'Home layout 5',NULL,'_self',0,'2022-01-19 07:35:43','2022-01-19 07:35:44'),(7,1,1,6,'Botble\\Page\\Models\\Page','/home-layout-6',NULL,0,'Home layout 6',NULL,'_self',0,'2022-01-19 07:35:43','2022-01-19 07:35:44'),(8,1,1,7,'Botble\\Page\\Models\\Page','/home-layout-7',NULL,0,'Home layout 7',NULL,'_self',0,'2022-01-19 07:35:43','2022-01-19 07:35:44'),(9,1,1,8,'Botble\\Page\\Models\\Page','/home-layout-8',NULL,0,'Home layout 8',NULL,'_self',0,'2022-01-19 07:35:43','2022-01-19 07:35:44'),(10,1,1,9,'Botble\\Page\\Models\\Page','/home-layout-9',NULL,0,'Home layout 9',NULL,'_self',0,'2022-01-19 07:35:43','2022-01-19 07:35:44'),(11,1,1,10,'Botble\\Page\\Models\\Page','/map-home-layout',NULL,0,'Map home layout',NULL,'_self',0,'2022-01-19 07:35:43','2022-01-19 07:35:44'),(12,1,0,NULL,NULL,'/properties',NULL,0,'Listings',NULL,'_self',1,'2022-01-19 07:35:43','2022-01-19 07:35:43'),(13,1,12,NULL,NULL,'/properties?layout=sidebar',NULL,0,'List Layout',NULL,'_self',1,'2022-01-19 07:35:43','2022-01-19 07:35:43'),(14,1,13,NULL,NULL,'/properties?layout=sidebar',NULL,0,'With Sidebar',NULL,'_self',0,'2022-01-19 07:35:43','2022-01-19 07:35:43'),(15,1,13,NULL,NULL,'/properties?layout=map',NULL,0,'With Map',NULL,'_self',0,'2022-01-19 07:35:43','2022-01-19 07:35:43'),(16,1,13,NULL,NULL,'/properties?layout=full',NULL,0,'Full width',NULL,'_self',0,'2022-01-19 07:35:43','2022-01-19 07:35:43'),(17,1,12,NULL,NULL,'/properties?layout=grid_sidebar',NULL,0,'Grid Layout',NULL,'_self',1,'2022-01-19 07:35:43','2022-01-19 07:35:43'),(18,1,17,NULL,NULL,'/properties?layout=grid_sidebar',NULL,0,'With Sidebar',NULL,'_self',0,'2022-01-19 07:35:43','2022-01-19 07:35:43'),(19,1,17,NULL,NULL,'/properties?layout=grid_map',NULL,0,'With Map',NULL,'_self',0,'2022-01-19 07:35:43','2022-01-19 07:35:43'),(20,1,17,NULL,NULL,'/properties?layout=grid_full',NULL,0,'Full width',NULL,'_self',0,'2022-01-19 07:35:43','2022-01-19 07:35:43'),(21,1,12,NULL,NULL,'/properties?layout=half_map',NULL,0,'Half Map Search',NULL,'_self',0,'2022-01-19 07:35:43','2022-01-19 07:35:43'),(22,1,0,NULL,NULL,'/',NULL,0,'Features',NULL,'_self',1,'2022-01-19 07:35:43','2022-01-19 07:35:43'),(23,1,22,NULL,NULL,'/',NULL,0,'Single Property',NULL,'_self',1,'2022-01-19 07:35:43','2022-01-19 07:35:43'),(24,1,23,1,'Botble\\RealEstate\\Models\\Property','/properties/6007-applegate-lane',NULL,0,'Single Property 1',NULL,'_self',0,'2022-01-19 07:35:43','2022-01-19 07:35:44'),(25,1,23,2,'Botble\\RealEstate\\Models\\Property','/properties/2721-lindsay-avenue',NULL,0,'Single Property 2',NULL,'_self',0,'2022-01-19 07:35:43','2022-01-19 07:35:44'),(26,1,23,3,'Botble\\RealEstate\\Models\\Property','/properties/2203-7th-street-road',NULL,0,'Single Property 3',NULL,'_self',0,'2022-01-19 07:35:43','2022-01-19 07:35:44'),(27,1,22,NULL,NULL,'/',NULL,0,'Agents',NULL,'_self',1,'2022-01-19 07:35:43','2022-01-19 07:35:43'),(28,1,27,NULL,NULL,'/agents',NULL,0,'Agents List',NULL,'_self',0,'2022-01-19 07:35:43','2022-01-19 07:35:43'),(29,1,27,NULL,NULL,'/agents/thesky9',NULL,0,'Agents Detail Page',NULL,'_self',0,'2022-01-19 07:35:43','2022-01-19 07:35:43'),(30,1,22,NULL,NULL,'/',NULL,0,'My Account',NULL,'_self',1,'2022-01-19 07:35:43','2022-01-19 07:35:43'),(31,1,30,NULL,NULL,'/account/dashboard',NULL,0,'User Dashboard',NULL,'_self',0,'2022-01-19 07:35:43','2022-01-19 07:35:43'),(32,1,30,NULL,NULL,'/account/properties',NULL,0,'Properties',NULL,'_self',0,'2022-01-19 07:35:43','2022-01-19 07:35:43'),(33,1,30,NULL,NULL,'/account/settings',NULL,0,'My Profile',NULL,'_self',0,'2022-01-19 07:35:43','2022-01-19 07:35:43'),(34,1,30,NULL,NULL,'/account/packages',NULL,0,'Packages',NULL,'_self',0,'2022-01-19 07:35:43','2022-01-19 07:35:43'),(35,1,30,NULL,NULL,'/account/security',NULL,0,'Change Password',NULL,'_self',0,'2022-01-19 07:35:43','2022-01-19 07:35:43'),(36,1,22,NULL,NULL,'/account/properties/create',NULL,0,'Submit Property',NULL,'_self',0,'2022-01-19 07:35:43','2022-01-19 07:35:43'),(37,1,0,NULL,NULL,'/',NULL,0,'Pages',NULL,'_self',1,'2022-01-19 07:35:43','2022-01-19 07:35:43'),(38,1,37,12,'Botble\\Page\\Models\\Page','/news',NULL,0,'Blogs Page',NULL,'_self',0,'2022-01-19 07:35:43','2022-01-19 07:35:44'),(39,1,37,1,'Botble\\Blog\\Models\\Post','/news/why-people-choose-listio-for-own-properties',NULL,0,'Blog Detail',NULL,'_self',0,'2022-01-19 07:35:43','2022-01-19 07:35:44'),(40,1,37,NULL,NULL,'/home#pricing-section',NULL,0,'Pricing',NULL,'_self',0,'2022-01-19 07:35:43','2022-01-19 07:35:43'),(41,1,37,39,'Botble\\Page\\Models\\Page','/error-page',NULL,0,'Error Page',NULL,'_self',0,'2022-01-19 07:35:43','2022-01-19 07:35:43'),(42,1,37,14,'Botble\\Page\\Models\\Page','/contact',NULL,0,'Contact',NULL,'_self',0,'2022-01-19 07:35:43','2022-01-19 07:35:44'),(43,1,0,NULL,NULL,'/register',NULL,0,'Sign Up',NULL,'_self',0,'2022-01-19 07:35:43','2022-01-19 07:35:43'),(44,2,0,13,'Botble\\Page\\Models\\Page','/about-us',NULL,0,'About us',NULL,'_self',0,'2022-01-19 07:35:43','2022-01-19 07:35:44'),(45,2,0,14,'Botble\\Page\\Models\\Page','/contact',NULL,0,'Contact us',NULL,'_self',0,'2022-01-19 07:35:43','2022-01-19 07:35:44'),(46,2,0,15,'Botble\\Page\\Models\\Page','/terms-conditions',NULL,0,'Terms & Conditions',NULL,'_self',0,'2022-01-19 07:35:43','2022-01-19 07:35:44'),(47,3,0,NULL,NULL,'/properties',NULL,0,'All properties',NULL,'_self',0,'2022-01-19 07:35:43','2022-01-19 07:35:43'),(48,3,0,NULL,NULL,'/properties?type=sale',NULL,0,'Houses for sale',NULL,'_self',0,'2022-01-19 07:35:43','2022-01-19 07:35:43'),(49,3,0,NULL,NULL,'/properties?type=rent',NULL,0,'Houses for rent',NULL,'_self',0,'2022-01-19 07:35:43','2022-01-19 07:35:43'),(50,4,0,NULL,NULL,'/news',NULL,0,'Latest news',NULL,'_self',0,'2022-01-19 07:35:43','2022-01-19 07:35:43'),(51,4,0,NULL,NULL,'/house-architecture',NULL,0,'House architecture',NULL,'_self',0,'2022-01-19 07:35:43','2022-01-19 07:35:43'),(52,4,0,NULL,NULL,'/house-design',NULL,0,'House design',NULL,'_self',0,'2022-01-19 07:35:43','2022-01-19 07:35:43'),(53,4,0,NULL,NULL,'/building-materials',NULL,0,'Building materials',NULL,'_self',0,'2022-01-19 07:35:43','2022-01-19 07:35:43'),(54,5,0,1,'Botble\\Page\\Models\\Page','',NULL,0,'Trang chủ',NULL,'_self',1,'2022-01-19 07:35:44','2022-01-19 07:35:44'),(55,5,54,1,'Botble\\Page\\Models\\Page','',NULL,0,'Trang chủ 1',NULL,'_self',0,'2022-01-19 07:35:44','2022-01-19 07:35:44'),(56,5,54,2,'Botble\\Page\\Models\\Page','/home-layout-2',NULL,0,'Trang chủ 2',NULL,'_self',0,'2022-01-19 07:35:44','2022-01-19 07:35:44'),(57,5,54,3,'Botble\\Page\\Models\\Page','/home-layout-3',NULL,0,'Trang chủ 3',NULL,'_self',0,'2022-01-19 07:35:44','2022-01-19 07:35:44'),(58,5,54,4,'Botble\\Page\\Models\\Page','/home-layout-4',NULL,0,'Trang chủ 4',NULL,'_self',0,'2022-01-19 07:35:44','2022-01-19 07:35:44'),(59,5,54,5,'Botble\\Page\\Models\\Page','/home-layout-5',NULL,0,'Trang chủ 5',NULL,'_self',0,'2022-01-19 07:35:44','2022-01-19 07:35:44'),(60,5,54,6,'Botble\\Page\\Models\\Page','/home-layout-6',NULL,0,'Trang chủ 6',NULL,'_self',0,'2022-01-19 07:35:44','2022-01-19 07:35:44'),(61,5,54,7,'Botble\\Page\\Models\\Page','/home-layout-7',NULL,0,'Trang chủ 7',NULL,'_self',0,'2022-01-19 07:35:44','2022-01-19 07:35:44'),(62,5,54,8,'Botble\\Page\\Models\\Page','/home-layout-8',NULL,0,'Trang chủ 8',NULL,'_self',0,'2022-01-19 07:35:44','2022-01-19 07:35:44'),(63,5,54,9,'Botble\\Page\\Models\\Page','/home-layout-9',NULL,0,'Trang chủ 9',NULL,'_self',0,'2022-01-19 07:35:44','2022-01-19 07:35:44'),(64,5,54,10,'Botble\\Page\\Models\\Page','/map-home-layout',NULL,0,'Trang chủ bản đồ',NULL,'_self',0,'2022-01-19 07:35:44','2022-01-19 07:35:44'),(65,5,0,NULL,NULL,'/properties?layout=sidebar',NULL,0,'Danh sách',NULL,'_self',1,'2022-01-19 07:35:44','2022-01-19 07:35:44'),(66,5,65,NULL,NULL,'/properties?layout=sidebar',NULL,0,'Dạng list',NULL,'_self',1,'2022-01-19 07:35:44','2022-01-19 07:35:44'),(67,5,66,NULL,NULL,'/properties?layout=sidebar',NULL,0,'Có thanh bên',NULL,'_self',0,'2022-01-19 07:35:44','2022-01-19 07:35:44'),(68,5,66,NULL,NULL,'/properties?layout=full',NULL,0,'Chiều rộng đầy đủ',NULL,'_self',0,'2022-01-19 07:35:44','2022-01-19 07:35:44'),(69,5,66,NULL,NULL,'/properties?layout=map',NULL,0,'Có Bản Đồ',NULL,'_self',0,'2022-01-19 07:35:44','2022-01-19 07:35:44'),(70,5,65,NULL,NULL,'/properties?layout=grid_sidebar',NULL,0,'Dạng cột',NULL,'_self',1,'2022-01-19 07:35:44','2022-01-19 07:35:44'),(71,5,70,NULL,NULL,'/properties?layout=grid_sidebar',NULL,0,'Có thanh bên',NULL,'_self',0,'2022-01-19 07:35:44','2022-01-19 07:35:44'),(72,5,70,NULL,NULL,'/properties?layout=grid_map',NULL,0,'Có Map',NULL,'_self',0,'2022-01-19 07:35:44','2022-01-19 07:35:44'),(73,5,70,NULL,NULL,'/properties?layout=grid_full',NULL,0,'Chiều rộng đầy đủ',NULL,'_self',0,'2022-01-19 07:35:44','2022-01-19 07:35:44'),(74,5,65,NULL,NULL,'/properties?layout=half_map',NULL,0,'Có 1/2 bản đồ',NULL,'_self',0,'2022-01-19 07:35:44','2022-01-19 07:35:44'),(75,5,0,NULL,NULL,NULL,NULL,0,'Tính năng',NULL,'_self',1,'2022-01-19 07:35:44','2022-01-19 07:35:44'),(76,5,75,21,'Botble\\RealEstate\\Models\\Property',NULL,NULL,0,'Chi tiết bất động sản',NULL,'_self',1,'2022-01-19 07:35:44','2022-01-19 07:35:44'),(77,5,76,21,'Botble\\RealEstate\\Models\\Property',NULL,NULL,0,'Chi tiết bất động sản 1',NULL,'_self',0,'2022-01-19 07:35:44','2022-01-19 07:35:44'),(78,5,76,22,'Botble\\RealEstate\\Models\\Property',NULL,NULL,0,'Chi tiết bất động sản 2',NULL,'_self',0,'2022-01-19 07:35:44','2022-01-19 07:35:44'),(79,5,76,23,'Botble\\RealEstate\\Models\\Property',NULL,NULL,0,'Chi tiết bất động sản 3',NULL,'_self',0,'2022-01-19 07:35:44','2022-01-19 07:35:44'),(80,5,75,NULL,NULL,'#',NULL,0,'Đại lý và người đại lý',NULL,'_self',1,'2022-01-19 07:35:44','2022-01-19 07:35:44'),(81,5,80,NULL,NULL,'/agents',NULL,0,'Danh sách đại lý',NULL,'_self',0,'2022-01-19 07:35:44','2022-01-19 07:35:44'),(82,5,80,NULL,NULL,'/agents/thesky9',NULL,0,'Chi tiết địa lý',NULL,'_self',0,'2022-01-19 07:35:44','2022-01-19 07:35:44'),(83,5,75,NULL,NULL,'#',NULL,0,'Tài khoản',NULL,'_self',1,'2022-01-19 07:35:44','2022-01-19 07:35:44'),(84,5,83,NULL,NULL,'/account/dashboard',NULL,0,'My Dashboard',NULL,'_self',0,'2022-01-19 07:35:44','2022-01-19 07:35:44'),(85,5,83,NULL,NULL,'/account/properties',NULL,0,'Properties',NULL,'_self',0,'2022-01-19 07:35:44','2022-01-19 07:35:44'),(86,5,83,NULL,NULL,'/account/settings',NULL,0,'My Profile',NULL,'_self',0,'2022-01-19 07:35:44','2022-01-19 07:35:44'),(87,5,83,NULL,NULL,'/account/packages',NULL,0,'Packages',NULL,'_self',0,'2022-01-19 07:35:44','2022-01-19 07:35:44'),(88,5,83,NULL,NULL,'/account/security',NULL,0,'Đổi mật khẩu',NULL,'_self',0,'2022-01-19 07:35:44','2022-01-19 07:35:44'),(89,5,75,NULL,NULL,'/account/properties/create',NULL,0,'Đăng bất động sản',NULL,'_self',0,'2022-01-19 07:35:44','2022-01-19 07:35:44'),(90,5,0,NULL,NULL,'/',NULL,0,'Trang',NULL,'_self',1,'2022-01-19 07:35:44','2022-01-19 07:35:44'),(91,5,90,28,'Botble\\Page\\Models\\Page',NULL,NULL,0,'Trang blog',NULL,'_self',0,'2022-01-19 07:35:44','2022-01-19 07:35:44'),(92,5,90,20,'Botble\\Blog\\Models\\Post',NULL,NULL,0,'Bài viết chi tiết',NULL,'_self',0,'2022-01-19 07:35:44','2022-01-19 07:35:44'),(93,5,90,NULL,NULL,'/home#pricing-section',NULL,0,'Bảng giá',NULL,'_self',0,'2022-01-19 07:35:44','2022-01-19 07:35:44'),(94,5,90,NULL,NULL,'/error-page',NULL,0,'Page lỗi',NULL,'_self',0,'2022-01-19 07:35:44','2022-01-19 07:35:44'),(95,5,90,30,'Botble\\Page\\Models\\Page',NULL,NULL,0,'Liên hệ',NULL,'_self',0,'2022-01-19 07:35:44','2022-01-19 07:35:44'),(96,5,0,NULL,NULL,'/register',NULL,0,'Đăng ký',NULL,'_self',0,'2022-01-19 07:35:44','2022-01-19 07:35:44'),(97,6,0,9,'Botble\\Page\\Models\\Page','/home-layout-9',NULL,0,'Về chúng tôi',NULL,'_self',0,'2022-01-19 07:35:44','2022-01-19 07:35:44'),(98,6,0,10,'Botble\\Page\\Models\\Page','/map-home-layout',NULL,0,'Liên hệ',NULL,'_self',0,'2022-01-19 07:35:44','2022-01-19 07:35:44'),(99,6,0,11,'Botble\\Page\\Models\\Page','/properties',NULL,0,'Điều khoản và quy định',NULL,'_self',0,'2022-01-19 07:35:44','2022-01-19 07:35:44'),(100,7,0,NULL,NULL,'/properties',NULL,0,'Nhà - Căn hộ',NULL,'_self',0,'2022-01-19 07:35:44','2022-01-19 07:35:44'),(101,7,0,NULL,NULL,'/properties?type=sale',NULL,0,'Nhà bán',NULL,'_self',0,'2022-01-19 07:35:44','2022-01-19 07:35:44'),(102,7,0,NULL,NULL,'/properties?type=rent',NULL,0,'Nhà cho thuê',NULL,'_self',0,'2022-01-19 07:35:44','2022-01-19 07:35:44'),(103,8,0,2,'Botble\\Page\\Models\\Page','/home-layout-2',NULL,0,'Tin tức mới nhất',NULL,'_self',0,'2022-01-19 07:35:44','2022-01-19 07:35:44'),(104,8,0,NULL,NULL,'/kien-truc-nha',NULL,0,'Kiến trúc nhà',NULL,'_self',0,'2022-01-19 07:35:44','2022-01-19 07:35:44'),(105,8,0,NULL,NULL,'/thiet-ke-nha',NULL,0,'Thiết kế nhà',NULL,'_self',0,'2022-01-19 07:35:44','2022-01-19 07:35:44'),(106,8,0,NULL,NULL,'/vat-lieu-xay-dung',NULL,0,'Vật liệu xây dựng',NULL,'_self',0,'2022-01-19 07:35:44','2022-01-19 07:35:44');
/*!40000 ALTER TABLE `menu_nodes` ENABLE KEYS */;
UNLOCK TABLES;

--
-- Table structure for table `menus`
--

DROP TABLE IF EXISTS `menus`;
/*!40101 SET @saved_cs_client     = @@character_set_client */;
/*!50503 SET character_set_client = utf8mb4 */;
CREATE TABLE `menus` (
  `id` bigint(20) unsigned NOT NULL AUTO_INCREMENT,
  `name` varchar(120) COLLATE utf8mb4_unicode_ci NOT NULL,
  `slug` varchar(120) COLLATE utf8mb4_unicode_ci DEFAULT NULL,
  `status` varchar(60) COLLATE utf8mb4_unicode_ci NOT NULL DEFAULT 'published',
  `created_at` timestamp NULL DEFAULT NULL,
  `updated_at` timestamp NULL DEFAULT NULL,
  PRIMARY KEY (`id`),
  UNIQUE KEY `menus_slug_unique` (`slug`)
) ENGINE=InnoDB AUTO_INCREMENT=9 DEFAULT CHARSET=utf8mb4 COLLATE=utf8mb4_unicode_ci;
/*!40101 SET character_set_client = @saved_cs_client */;

--
-- Dumping data for table `menus`
--

LOCK TABLES `menus` WRITE;
/*!40000 ALTER TABLE `menus` DISABLE KEYS */;
INSERT INTO `menus` VALUES (1,'Main menu','main-menu','published','2022-01-19 07:35:43','2022-01-19 07:35:43'),(2,'About','about','published','2022-01-19 07:35:43','2022-01-19 07:35:43'),(3,'More information','more-information','published','2022-01-19 07:35:43','2022-01-19 07:35:43'),(4,'News','news','published','2022-01-19 07:35:43','2022-01-19 07:35:43'),(5,'Menu chính','menu-chinh','published','2022-01-19 07:35:43','2022-01-19 07:35:43'),(6,'Về chúng tôi','ve-chung-toi','published','2022-01-19 07:35:44','2022-01-19 07:35:44'),(7,'Thông tin thêm','thong-tin-them','published','2022-01-19 07:35:44','2022-01-19 07:35:44'),(8,'Tin tức','tin-tuc','published','2022-01-19 07:35:44','2022-01-19 07:35:44');
/*!40000 ALTER TABLE `menus` ENABLE KEYS */;
UNLOCK TABLES;

--
-- Table structure for table `meta_boxes`
--

DROP TABLE IF EXISTS `meta_boxes`;
/*!40101 SET @saved_cs_client     = @@character_set_client */;
/*!50503 SET character_set_client = utf8mb4 */;
CREATE TABLE `meta_boxes` (
  `id` bigint(20) unsigned NOT NULL AUTO_INCREMENT,
  `meta_key` varchar(255) COLLATE utf8mb4_unicode_ci NOT NULL,
  `meta_value` text COLLATE utf8mb4_unicode_ci,
  `reference_id` int(10) unsigned NOT NULL,
  `reference_type` varchar(120) COLLATE utf8mb4_unicode_ci NOT NULL,
  `created_at` timestamp NULL DEFAULT NULL,
  `updated_at` timestamp NULL DEFAULT NULL,
  PRIMARY KEY (`id`),
  KEY `meta_boxes_reference_id_index` (`reference_id`)
) ENGINE=InnoDB AUTO_INCREMENT=608 DEFAULT CHARSET=utf8mb4 COLLATE=utf8mb4_unicode_ci;
/*!40101 SET character_set_client = @saved_cs_client */;

--
-- Dumping data for table `meta_boxes`
--

LOCK TABLES `meta_boxes` WRITE;
/*!40000 ALTER TABLE `meta_boxes` DISABLE KEYS */;
INSERT INTO `meta_boxes` VALUES (1,'image','[\"cities\\/c-1.png\"]',1,'Botble\\Location\\Models\\City','2022-01-19 07:27:12','2022-01-19 07:27:12'),(2,'image','[\"cities\\/c-2.png\"]',2,'Botble\\Location\\Models\\City','2022-01-19 07:29:57','2022-01-19 07:29:57'),(3,'image','[\"cities\\/c-3.png\"]',3,'Botble\\Location\\Models\\City','2022-01-19 07:29:57','2022-01-19 07:29:57'),(4,'image','[\"cities\\/c-4.png\"]',4,'Botble\\Location\\Models\\City','2022-01-19 07:29:57','2022-01-19 07:29:57'),(5,'image','[\"cities\\/c-5.png\"]',5,'Botble\\Location\\Models\\City','2022-01-19 07:29:57','2022-01-19 07:29:57'),(6,'image','[\"cities\\/c-6.png\"]',6,'Botble\\Location\\Models\\City','2022-01-19 07:29:57','2022-01-19 07:29:57'),(7,'image','[\"cities\\/c-7.png\"]',7,'Botble\\Location\\Models\\City','2022-01-19 07:29:57','2022-01-19 07:29:57'),(8,'image','[\"cities\\/c-8.png\"]',8,'Botble\\Location\\Models\\City','2022-01-19 07:29:57','2022-01-19 07:29:57'),(9,'image','[\"cities\\/c-9.png\"]',9,'Botble\\Location\\Models\\City','2022-01-19 07:29:57','2022-01-19 07:29:57'),(10,'image','[\"cities\\/c-10.png\"]',10,'Botble\\Location\\Models\\City','2022-01-19 07:29:57','2022-01-19 07:29:57'),(11,'image','[\"cities\\/c-11.png\"]',11,'Botble\\Location\\Models\\City','2022-01-19 07:29:57','2022-01-19 07:29:57'),(12,'image','[\"cities\\/c-12.png\"]',12,'Botble\\Location\\Models\\City','2022-01-19 07:29:57','2022-01-19 07:29:57'),(13,'image','[\"cities\\/c-13.png\"]',13,'Botble\\Location\\Models\\City','2022-01-19 07:29:57','2022-01-19 07:29:57'),(14,'image','[\"cities\\/c-14.png\"]',14,'Botble\\Location\\Models\\City','2022-01-19 07:29:57','2022-01-19 07:29:57'),(15,'image','[\"cities\\/c-15.png\"]',15,'Botble\\Location\\Models\\City','2022-01-19 07:29:57','2022-01-19 07:29:57'),(16,'image','[\"cities\\/c-16.png\"]',16,'Botble\\Location\\Models\\City','2022-01-19 07:29:57','2022-01-19 07:29:57'),(17,'image','[\"cities\\/c-18.png\"]',17,'Botble\\Location\\Models\\City','2022-01-19 07:29:57','2022-01-19 07:29:57'),(18,'image','[\"cities\\/c-19.png\"]',18,'Botble\\Location\\Models\\City','2022-01-19 07:29:57','2022-01-19 07:29:57'),(19,'image','[\"cities\\/c-20.png\"]',19,'Botble\\Location\\Models\\City','2022-01-19 07:29:57','2022-01-19 07:29:57'),(20,'image','[\"cities\\/c-21.png\"]',20,'Botble\\Location\\Models\\City','2022-01-19 07:29:57','2022-01-19 07:29:57'),(21,'image','[\"cities\\/c-23.png\"]',21,'Botble\\Location\\Models\\City','2022-01-19 07:29:57','2022-01-19 07:29:57'),(22,'image','[\"cities\\/c-24.png\"]',22,'Botble\\Location\\Models\\City','2022-01-19 07:29:57','2022-01-19 07:29:57'),(23,'image','[\"cities\\/c-25.png\"]',23,'Botble\\Location\\Models\\City','2022-01-19 07:29:57','2022-01-19 07:29:57'),(24,'image','[\"cities\\/c-26.png\"]',24,'Botble\\Location\\Models\\City','2022-01-19 07:29:57','2022-01-19 07:29:57'),(25,'image','[\"cities\\/c-27.png\"]',25,'Botble\\Location\\Models\\City','2022-01-19 07:29:57','2022-01-19 07:29:57'),(26,'image','[\"cities\\/c-28.png\"]',26,'Botble\\Location\\Models\\City','2022-01-19 07:29:57','2022-01-19 07:29:57'),(27,'image','[\"cities\\/c-29.png\"]',27,'Botble\\Location\\Models\\City','2022-01-19 07:29:57','2022-01-19 07:29:57'),(28,'image','[\"cities\\/c-30.png\"]',28,'Botble\\Location\\Models\\City','2022-01-19 07:29:57','2022-01-19 07:29:57'),(29,'image','[\"cities\\/c-31.png\"]',29,'Botble\\Location\\Models\\City','2022-01-19 07:29:57','2022-01-19 07:29:57'),(30,'image','[\"cities\\/c-32.png\"]',30,'Botble\\Location\\Models\\City','2022-01-19 07:29:57','2022-01-19 07:29:57'),(31,'image','[\"cities\\/c-33.png\"]',31,'Botble\\Location\\Models\\City','2022-01-19 07:29:57','2022-01-19 07:29:57'),(32,'image','[\"cities\\/c-34.png\"]',32,'Botble\\Location\\Models\\City','2022-01-19 07:29:57','2022-01-19 07:29:57'),(33,'image','[\"cities\\/c-35.png\"]',33,'Botble\\Location\\Models\\City','2022-01-19 07:29:57','2022-01-19 07:29:57'),(34,'image','[\"cities\\/c-36.png\"]',34,'Botble\\Location\\Models\\City','2022-01-19 07:29:57','2022-01-19 07:29:57'),(35,'image','[\"cities\\/c-37.png\"]',35,'Botble\\Location\\Models\\City','2022-01-19 07:29:58','2022-01-19 07:29:58'),(36,'image','[\"cities\\/c-38.png\"]',36,'Botble\\Location\\Models\\City','2022-01-19 07:29:58','2022-01-19 07:29:58'),(37,'image','[\"cities\\/c-39.png\"]',37,'Botble\\Location\\Models\\City','2022-01-19 07:29:58','2022-01-19 07:29:58'),(38,'image','[\"cities\\/c-41.png\"]',38,'Botble\\Location\\Models\\City','2022-01-19 07:29:58','2022-01-19 07:29:58'),(39,'image','[\"cities\\/c-42.png\"]',39,'Botble\\Location\\Models\\City','2022-01-19 07:29:58','2022-01-19 07:29:58'),(40,'image','[\"cities\\/c-43.png\"]',40,'Botble\\Location\\Models\\City','2022-01-19 07:29:58','2022-01-19 07:29:58'),(41,'image','[\"cities\\/c-44.png\"]',41,'Botble\\Location\\Models\\City','2022-01-19 07:29:58','2022-01-19 07:29:58'),(42,'image','[\"cities\\/c-45.png\"]',42,'Botble\\Location\\Models\\City','2022-01-19 07:29:58','2022-01-19 07:29:58'),(43,'image','[\"cities\\/c-46.png\"]',43,'Botble\\Location\\Models\\City','2022-01-19 07:29:58','2022-01-19 07:29:58'),(44,'image','[\"cities\\/c-47.png\"]',44,'Botble\\Location\\Models\\City','2022-01-19 07:29:58','2022-01-19 07:29:58'),(45,'image','[\"cities\\/c-48.png\"]',45,'Botble\\Location\\Models\\City','2022-01-19 07:29:58','2022-01-19 07:29:58'),(46,'image','[\"cities\\/c-49.png\"]',46,'Botble\\Location\\Models\\City','2022-01-19 07:29:58','2022-01-19 07:29:58'),(47,'image','[\"cities\\/c-50.png\"]',47,'Botble\\Location\\Models\\City','2022-01-19 07:29:58','2022-01-19 07:29:58'),(48,'image','[\"cities\\/c-51.png\"]',48,'Botble\\Location\\Models\\City','2022-01-19 07:29:58','2022-01-19 07:29:58'),(49,'image','[\"cities\\/c-52.png\"]',49,'Botble\\Location\\Models\\City','2022-01-19 07:29:58','2022-01-19 07:29:58'),(50,'image','[\"cities\\/c-54.png\"]',50,'Botble\\Location\\Models\\City','2022-01-19 07:29:58','2022-01-19 07:29:58'),(51,'image','[\"cities\\/c-55.png\"]',51,'Botble\\Location\\Models\\City','2022-01-19 07:29:58','2022-01-19 07:29:58'),(52,'image','[\"cities\\/c-56.png\"]',52,'Botble\\Location\\Models\\City','2022-01-19 07:29:58','2022-01-19 07:29:58'),(53,'image','[\"cities\\/c-57.png\"]',53,'Botble\\Location\\Models\\City','2022-01-19 07:29:58','2022-01-19 07:29:58'),(54,'image','[\"cities\\/c-58.png\"]',54,'Botble\\Location\\Models\\City','2022-01-19 07:29:58','2022-01-19 07:29:58'),(55,'image','[\"cities\\/c-59.png\"]',55,'Botble\\Location\\Models\\City','2022-01-19 07:29:58','2022-01-19 07:29:58'),(56,'image','[\"cities\\/c-60.png\"]',56,'Botble\\Location\\Models\\City','2022-01-19 07:29:58','2022-01-19 07:29:58'),(57,'image','[\"cities\\/c-61.png\"]',57,'Botble\\Location\\Models\\City','2022-01-19 07:29:58','2022-01-19 07:29:58'),(58,'image','[\"cities\\/c-62.png\"]',58,'Botble\\Location\\Models\\City','2022-01-19 07:29:58','2022-01-19 07:29:58'),(59,'image','[\"cities\\/c-63.png\"]',59,'Botble\\Location\\Models\\City','2022-01-19 07:29:58','2022-01-19 07:29:58'),(60,'image','[\"cities\\/c-64.png\"]',60,'Botble\\Location\\Models\\City','2022-01-19 07:29:58','2022-01-19 07:29:58'),(61,'image','[\"cities\\/c-65.png\"]',61,'Botble\\Location\\Models\\City','2022-01-19 07:29:58','2022-01-19 07:29:58'),(62,'image','[\"cities\\/c-66.png\"]',62,'Botble\\Location\\Models\\City','2022-01-19 07:29:58','2022-01-19 07:29:58'),(63,'image','[\"cities\\/c-67.png\"]',63,'Botble\\Location\\Models\\City','2022-01-19 07:29:58','2022-01-19 07:29:58'),(64,'image','[\"cities\\/c-68.png\"]',64,'Botble\\Location\\Models\\City','2022-01-19 07:29:58','2022-01-19 07:29:58'),(65,'image','[\"cities\\/c-69.png\"]',65,'Botble\\Location\\Models\\City','2022-01-19 07:29:58','2022-01-19 07:29:58'),(66,'image','[\"cities\\/c-70.png\"]',66,'Botble\\Location\\Models\\City','2022-01-19 07:29:58','2022-01-19 07:29:58'),(67,'image','[\"cities\\/c-71.png\"]',67,'Botble\\Location\\Models\\City','2022-01-19 07:29:58','2022-01-19 07:29:58'),(68,'image','[\"cities\\/c-72.png\"]',68,'Botble\\Location\\Models\\City','2022-01-19 07:29:58','2022-01-19 07:29:58'),(69,'image','[\"cities\\/c-73.png\"]',69,'Botble\\Location\\Models\\City','2022-01-19 07:29:58','2022-01-19 07:29:58'),(70,'image','[\"cities\\/c-74.png\"]',70,'Botble\\Location\\Models\\City','2022-01-19 07:29:58','2022-01-19 07:29:58'),(71,'image','[\"cities\\/c-75.png\"]',71,'Botble\\Location\\Models\\City','2022-01-19 07:29:58','2022-01-19 07:29:58'),(72,'image','[\"cities\\/c-76.png\"]',72,'Botble\\Location\\Models\\City','2022-01-19 07:29:59','2022-01-19 07:29:59'),(73,'image','[\"cities\\/c-77.png\"]',73,'Botble\\Location\\Models\\City','2022-01-19 07:29:59','2022-01-19 07:29:59'),(74,'image','[\"cities\\/c-78.png\"]',74,'Botble\\Location\\Models\\City','2022-01-19 07:29:59','2022-01-19 07:29:59'),(75,'image','[\"cities\\/c-79.png\"]',75,'Botble\\Location\\Models\\City','2022-01-19 07:29:59','2022-01-19 07:29:59'),(76,'image','[\"cities\\/c-80.png\"]',76,'Botble\\Location\\Models\\City','2022-01-19 07:29:59','2022-01-19 07:29:59'),(77,'image','[\"cities\\/c-81.png\"]',77,'Botble\\Location\\Models\\City','2022-01-19 07:29:59','2022-01-19 07:29:59'),(78,'image','[\"cities\\/c-82.png\"]',78,'Botble\\Location\\Models\\City','2022-01-19 07:29:59','2022-01-19 07:29:59'),(79,'image','[\"cities\\/c-84.png\"]',79,'Botble\\Location\\Models\\City','2022-01-19 07:29:59','2022-01-19 07:29:59'),(80,'image','[\"cities\\/c-85.png\"]',80,'Botble\\Location\\Models\\City','2022-01-19 07:29:59','2022-01-19 07:29:59'),(81,'image','[\"cities\\/c-86.png\"]',81,'Botble\\Location\\Models\\City','2022-01-19 07:29:59','2022-01-19 07:29:59'),(82,'image','[\"cities\\/c-87.png\"]',82,'Botble\\Location\\Models\\City','2022-01-19 07:29:59','2022-01-19 07:29:59'),(83,'image','[\"cities\\/c-88.png\"]',83,'Botble\\Location\\Models\\City','2022-01-19 07:29:59','2022-01-19 07:29:59'),(84,'image','[\"cities\\/c-89.png\"]',84,'Botble\\Location\\Models\\City','2022-01-19 07:29:59','2022-01-19 07:29:59'),(85,'image','[\"cities\\/c-90.png\"]',85,'Botble\\Location\\Models\\City','2022-01-19 07:29:59','2022-01-19 07:29:59'),(86,'image','[\"cities\\/c-91.png\"]',86,'Botble\\Location\\Models\\City','2022-01-19 07:29:59','2022-01-19 07:29:59'),(87,'image','[\"cities\\/c-92.png\"]',87,'Botble\\Location\\Models\\City','2022-01-19 07:29:59','2022-01-19 07:29:59'),(88,'image','[\"cities\\/c-95.png\"]',88,'Botble\\Location\\Models\\City','2022-01-19 07:29:59','2022-01-19 07:29:59'),(89,'image','[\"cities\\/c-96.png\"]',89,'Botble\\Location\\Models\\City','2022-01-19 07:29:59','2022-01-19 07:29:59'),(90,'image','[\"cities\\/c-97.png\"]',90,'Botble\\Location\\Models\\City','2022-01-19 07:29:59','2022-01-19 07:29:59'),(91,'image','[\"cities\\/c-98.png\"]',91,'Botble\\Location\\Models\\City','2022-01-19 07:29:59','2022-01-19 07:29:59'),(92,'image','[\"cities\\/c-100.png\"]',92,'Botble\\Location\\Models\\City','2022-01-19 07:29:59','2022-01-19 07:29:59'),(93,'image','[\"cities\\/c-102.png\"]',93,'Botble\\Location\\Models\\City','2022-01-19 07:29:59','2022-01-19 07:29:59'),(94,'image','[\"cities\\/c-103.png\"]',94,'Botble\\Location\\Models\\City','2022-01-19 07:29:59','2022-01-19 07:29:59'),(95,'image','[\"cities\\/c-105.png\"]',95,'Botble\\Location\\Models\\City','2022-01-19 07:29:59','2022-01-19 07:29:59'),(96,'image','[\"cities\\/c-106.png\"]',96,'Botble\\Location\\Models\\City','2022-01-19 07:29:59','2022-01-19 07:29:59'),(97,'image','[\"cities\\/c-111.png\"]',97,'Botble\\Location\\Models\\City','2022-01-19 07:29:59','2022-01-19 07:29:59'),(98,'image','[\"cities\\/c-112.png\"]',98,'Botble\\Location\\Models\\City','2022-01-19 07:29:59','2022-01-19 07:29:59'),(99,'image','[\"cities\\/c-113.png\"]',99,'Botble\\Location\\Models\\City','2022-01-19 07:29:59','2022-01-19 07:29:59'),(100,'image','[\"cities\\/c-115.png\"]',100,'Botble\\Location\\Models\\City','2022-01-19 07:29:59','2022-01-19 07:29:59'),(101,'image','[\"cities\\/c-116.png\"]',101,'Botble\\Location\\Models\\City','2022-01-19 07:29:59','2022-01-19 07:29:59'),(102,'image','[\"cities\\/c-117.png\"]',102,'Botble\\Location\\Models\\City','2022-01-19 07:29:59','2022-01-19 07:29:59'),(103,'image','[\"cities\\/c-118.png\"]',103,'Botble\\Location\\Models\\City','2022-01-19 07:29:59','2022-01-19 07:29:59'),(104,'image','[\"cities\\/c-119.png\"]',104,'Botble\\Location\\Models\\City','2022-01-19 07:29:59','2022-01-19 07:29:59'),(105,'image','[\"cities\\/c-120.png\"]',105,'Botble\\Location\\Models\\City','2022-01-19 07:29:59','2022-01-19 07:29:59'),(106,'image','[\"cities\\/c-121.png\"]',106,'Botble\\Location\\Models\\City','2022-01-19 07:29:59','2022-01-19 07:29:59'),(107,'image','[\"cities\\/c-122.png\"]',107,'Botble\\Location\\Models\\City','2022-01-19 07:29:59','2022-01-19 07:29:59'),(108,'image','[\"cities\\/c-123.png\"]',108,'Botble\\Location\\Models\\City','2022-01-19 07:30:00','2022-01-19 07:30:00'),(109,'image','[\"cities\\/c-124.png\"]',109,'Botble\\Location\\Models\\City','2022-01-19 07:30:00','2022-01-19 07:30:00'),(110,'image','[\"cities\\/c-125.png\"]',110,'Botble\\Location\\Models\\City','2022-01-19 07:30:00','2022-01-19 07:30:00'),(111,'image','[\"cities\\/c-126.png\"]',111,'Botble\\Location\\Models\\City','2022-01-19 07:30:00','2022-01-19 07:30:00'),(112,'image','[\"cities\\/c-127.png\"]',112,'Botble\\Location\\Models\\City','2022-01-19 07:30:00','2022-01-19 07:30:00'),(113,'image','[\"cities\\/c-128.png\"]',113,'Botble\\Location\\Models\\City','2022-01-19 07:30:00','2022-01-19 07:30:00'),(114,'image','[\"cities\\/c-130.png\"]',114,'Botble\\Location\\Models\\City','2022-01-19 07:30:00','2022-01-19 07:30:00'),(115,'image','[\"cities\\/c-132.png\"]',115,'Botble\\Location\\Models\\City','2022-01-19 07:30:00','2022-01-19 07:30:00'),(116,'image','[\"cities\\/c-133.png\"]',116,'Botble\\Location\\Models\\City','2022-01-19 07:30:00','2022-01-19 07:30:00'),(117,'image','[\"cities\\/c-137.png\"]',117,'Botble\\Location\\Models\\City','2022-01-19 07:30:00','2022-01-19 07:30:00'),(118,'image','[\"cities\\/c-138.png\"]',118,'Botble\\Location\\Models\\City','2022-01-19 07:30:00','2022-01-19 07:30:00'),(119,'image','[\"cities\\/c-139.png\"]',119,'Botble\\Location\\Models\\City','2022-01-19 07:30:00','2022-01-19 07:30:00'),(120,'image','[\"cities\\/c-140.png\"]',120,'Botble\\Location\\Models\\City','2022-01-19 07:30:00','2022-01-19 07:30:00'),(121,'image','[\"cities\\/c-142.png\"]',121,'Botble\\Location\\Models\\City','2022-01-19 07:30:00','2022-01-19 07:30:00'),(122,'image','[\"cities\\/c-144.png\"]',122,'Botble\\Location\\Models\\City','2022-01-19 07:30:00','2022-01-19 07:30:00'),(123,'image','[\"cities\\/c-145.png\"]',123,'Botble\\Location\\Models\\City','2022-01-19 07:30:00','2022-01-19 07:30:00'),(124,'image','[\"cities\\/c-147.png\"]',124,'Botble\\Location\\Models\\City','2022-01-19 07:30:00','2022-01-19 07:30:00'),(125,'image','[\"cities\\/c-148.png\"]',125,'Botble\\Location\\Models\\City','2022-01-19 07:30:00','2022-01-19 07:30:00'),(126,'image','[\"cities\\/c-149.png\"]',126,'Botble\\Location\\Models\\City','2022-01-19 07:30:00','2022-01-19 07:30:00'),(127,'image','[\"cities\\/c-151.png\"]',127,'Botble\\Location\\Models\\City','2022-01-19 07:30:00','2022-01-19 07:30:00'),(128,'image','[\"cities\\/c-153.png\"]',128,'Botble\\Location\\Models\\City','2022-01-19 07:30:00','2022-01-19 07:30:00'),(129,'image','[\"cities\\/c-154.png\"]',129,'Botble\\Location\\Models\\City','2022-01-19 07:30:00','2022-01-19 07:30:00'),(130,'image','[\"cities\\/c-155.png\"]',130,'Botble\\Location\\Models\\City','2022-01-19 07:30:00','2022-01-19 07:30:00'),(131,'image','[\"cities\\/c-157.png\"]',131,'Botble\\Location\\Models\\City','2022-01-19 07:30:00','2022-01-19 07:30:00'),(132,'image','[\"cities\\/c-158.png\"]',132,'Botble\\Location\\Models\\City','2022-01-19 07:30:00','2022-01-19 07:30:00'),(133,'image','[\"cities\\/c-159.png\"]',133,'Botble\\Location\\Models\\City','2022-01-19 07:30:00','2022-01-19 07:30:00'),(134,'image','[\"cities\\/c-160.png\"]',134,'Botble\\Location\\Models\\City','2022-01-19 07:30:00','2022-01-19 07:30:00'),(135,'image','[\"cities\\/c-161.png\"]',135,'Botble\\Location\\Models\\City','2022-01-19 07:30:00','2022-01-19 07:30:00'),(136,'image','[\"cities\\/c-162.png\"]',136,'Botble\\Location\\Models\\City','2022-01-19 07:30:00','2022-01-19 07:30:00'),(137,'image','[\"cities\\/c-163.png\"]',137,'Botble\\Location\\Models\\City','2022-01-19 07:30:00','2022-01-19 07:30:00'),(138,'image','[\"cities\\/c-164.png\"]',138,'Botble\\Location\\Models\\City','2022-01-19 07:30:00','2022-01-19 07:30:00'),(139,'image','[\"cities\\/c-165.png\"]',139,'Botble\\Location\\Models\\City','2022-01-19 07:30:00','2022-01-19 07:30:00'),(140,'image','[\"cities\\/c-166.png\"]',140,'Botble\\Location\\Models\\City','2022-01-19 07:30:00','2022-01-19 07:30:00'),(141,'image','[\"cities\\/c-167.png\"]',141,'Botble\\Location\\Models\\City','2022-01-19 07:30:00','2022-01-19 07:30:00'),(142,'image','[\"cities\\/c-168.png\"]',142,'Botble\\Location\\Models\\City','2022-01-19 07:30:00','2022-01-19 07:30:00'),(143,'image','[\"cities\\/c-169.png\"]',143,'Botble\\Location\\Models\\City','2022-01-19 07:30:00','2022-01-19 07:30:00'),(144,'image','[\"cities\\/c-170.png\"]',144,'Botble\\Location\\Models\\City','2022-01-19 07:30:01','2022-01-19 07:30:01'),(145,'image','[\"cities\\/c-171.png\"]',145,'Botble\\Location\\Models\\City','2022-01-19 07:30:01','2022-01-19 07:30:01'),(146,'image','[\"cities\\/c-172.png\"]',146,'Botble\\Location\\Models\\City','2022-01-19 07:30:01','2022-01-19 07:30:01'),(147,'image','[\"cities\\/c-173.png\"]',147,'Botble\\Location\\Models\\City','2022-01-19 07:30:01','2022-01-19 07:30:01'),(148,'image','[\"cities\\/c-174.png\"]',148,'Botble\\Location\\Models\\City','2022-01-19 07:30:01','2022-01-19 07:30:01'),(149,'image','[\"cities\\/c-175.png\"]',149,'Botble\\Location\\Models\\City','2022-01-19 07:30:01','2022-01-19 07:30:01'),(150,'image','[\"cities\\/c-176.png\"]',150,'Botble\\Location\\Models\\City','2022-01-19 07:30:01','2022-01-19 07:30:01'),(151,'image','[\"cities\\/c-177.png\"]',151,'Botble\\Location\\Models\\City','2022-01-19 07:30:01','2022-01-19 07:30:01'),(152,'image','[\"cities\\/c-179.png\"]',152,'Botble\\Location\\Models\\City','2022-01-19 07:30:01','2022-01-19 07:30:01'),(153,'image','[\"cities\\/c-180.png\"]',153,'Botble\\Location\\Models\\City','2022-01-19 07:30:01','2022-01-19 07:30:01'),(154,'image','[\"cities\\/c-183.png\"]',154,'Botble\\Location\\Models\\City','2022-01-19 07:30:01','2022-01-19 07:30:01'),(155,'image','[\"cities\\/c-184.png\"]',155,'Botble\\Location\\Models\\City','2022-01-19 07:30:01','2022-01-19 07:30:01'),(156,'image','[\"cities\\/c-185.png\"]',156,'Botble\\Location\\Models\\City','2022-01-19 07:30:01','2022-01-19 07:30:01'),(157,'image','[\"cities\\/c-186.png\"]',157,'Botble\\Location\\Models\\City','2022-01-19 07:30:01','2022-01-19 07:30:01'),(158,'image','[\"cities\\/c-187.png\"]',158,'Botble\\Location\\Models\\City','2022-01-19 07:30:01','2022-01-19 07:30:01'),(159,'image','[\"cities\\/c-188.png\"]',159,'Botble\\Location\\Models\\City','2022-01-19 07:30:01','2022-01-19 07:30:01'),(160,'image','[\"cities\\/c-190.png\"]',160,'Botble\\Location\\Models\\City','2022-01-19 07:30:01','2022-01-19 07:30:01'),(161,'image','[\"cities\\/c-191.png\"]',161,'Botble\\Location\\Models\\City','2022-01-19 07:30:01','2022-01-19 07:30:01'),(162,'image','[\"cities\\/c-193.png\"]',162,'Botble\\Location\\Models\\City','2022-01-19 07:30:01','2022-01-19 07:30:01'),(163,'image','[\"cities\\/c-194.png\"]',163,'Botble\\Location\\Models\\City','2022-01-19 07:30:01','2022-01-19 07:30:01'),(164,'image','[\"cities\\/c-195.png\"]',164,'Botble\\Location\\Models\\City','2022-01-19 07:30:01','2022-01-19 07:30:01'),(165,'image','[\"cities\\/c-196.png\"]',165,'Botble\\Location\\Models\\City','2022-01-19 07:30:01','2022-01-19 07:30:01'),(166,'image','[\"cities\\/c-197.png\"]',166,'Botble\\Location\\Models\\City','2022-01-19 07:30:01','2022-01-19 07:30:01'),(167,'image','[\"cities\\/c-198.png\"]',167,'Botble\\Location\\Models\\City','2022-01-19 07:30:01','2022-01-19 07:30:01'),(168,'image','[\"cities\\/c-199.png\"]',168,'Botble\\Location\\Models\\City','2022-01-19 07:30:01','2022-01-19 07:30:01'),(169,'image','[\"cities\\/c-200.png\"]',169,'Botble\\Location\\Models\\City','2022-01-19 07:30:02','2022-01-19 07:30:02'),(170,'image','[\"cities\\/c-201.png\"]',170,'Botble\\Location\\Models\\City','2022-01-19 07:30:02','2022-01-19 07:30:02'),(171,'image','[\"cities\\/c-202.png\"]',171,'Botble\\Location\\Models\\City','2022-01-19 07:30:02','2022-01-19 07:30:02'),(172,'image','[\"cities\\/c-203.png\"]',172,'Botble\\Location\\Models\\City','2022-01-19 07:30:02','2022-01-19 07:30:02'),(173,'image','[\"cities\\/c-205.png\"]',173,'Botble\\Location\\Models\\City','2022-01-19 07:30:02','2022-01-19 07:30:02'),(174,'image','[\"cities\\/c-206.png\"]',174,'Botble\\Location\\Models\\City','2022-01-19 07:30:02','2022-01-19 07:30:02'),(175,'image','[\"cities\\/c-207.png\"]',175,'Botble\\Location\\Models\\City','2022-01-19 07:30:02','2022-01-19 07:30:02'),(176,'image','[\"cities\\/c-208.png\"]',176,'Botble\\Location\\Models\\City','2022-01-19 07:30:02','2022-01-19 07:30:02'),(177,'image','[\"cities\\/c-209.png\"]',177,'Botble\\Location\\Models\\City','2022-01-19 07:30:02','2022-01-19 07:30:02'),(178,'image','[\"cities\\/c-210.png\"]',178,'Botble\\Location\\Models\\City','2022-01-19 07:30:02','2022-01-19 07:30:02'),(179,'image','[\"cities\\/c-211.png\"]',179,'Botble\\Location\\Models\\City','2022-01-19 07:30:02','2022-01-19 07:30:02'),(180,'image','[\"cities\\/c-213.png\"]',180,'Botble\\Location\\Models\\City','2022-01-19 07:30:02','2022-01-19 07:30:02'),(181,'image','[\"cities\\/c-214.png\"]',181,'Botble\\Location\\Models\\City','2022-01-19 07:30:02','2022-01-19 07:30:02'),(182,'image','[\"cities\\/c-215.png\"]',182,'Botble\\Location\\Models\\City','2022-01-19 07:30:02','2022-01-19 07:30:02'),(183,'image','[\"cities\\/c-216.png\"]',183,'Botble\\Location\\Models\\City','2022-01-19 07:30:02','2022-01-19 07:30:02'),(184,'image','[\"cities\\/c-217.png\"]',184,'Botble\\Location\\Models\\City','2022-01-19 07:30:02','2022-01-19 07:30:02'),(185,'image','[\"cities\\/c-218.png\"]',185,'Botble\\Location\\Models\\City','2022-01-19 07:30:02','2022-01-19 07:30:02'),(186,'image','[\"cities\\/c-219.png\"]',186,'Botble\\Location\\Models\\City','2022-01-19 07:30:02','2022-01-19 07:30:02'),(187,'image','[\"cities\\/c-220.png\"]',187,'Botble\\Location\\Models\\City','2022-01-19 07:30:02','2022-01-19 07:30:02'),(188,'image','[\"cities\\/c-222.png\"]',188,'Botble\\Location\\Models\\City','2022-01-19 07:30:02','2022-01-19 07:30:02'),(189,'image','[\"cities\\/c-224.png\"]',189,'Botble\\Location\\Models\\City','2022-01-19 07:30:02','2022-01-19 07:30:02'),(190,'image','[\"cities\\/c-225.png\"]',190,'Botble\\Location\\Models\\City','2022-01-19 07:30:02','2022-01-19 07:30:02'),(191,'image','[\"cities\\/c-226.png\"]',191,'Botble\\Location\\Models\\City','2022-01-19 07:30:02','2022-01-19 07:30:02'),(192,'image','[\"cities\\/c-228.png\"]',192,'Botble\\Location\\Models\\City','2022-01-19 07:30:02','2022-01-19 07:30:02'),(193,'image','[\"cities\\/c-229.png\"]',193,'Botble\\Location\\Models\\City','2022-01-19 07:30:02','2022-01-19 07:30:02'),(194,'image','[\"cities\\/c-230.png\"]',194,'Botble\\Location\\Models\\City','2022-01-19 07:30:02','2022-01-19 07:30:02'),(195,'image','[\"cities\\/c-231.png\"]',195,'Botble\\Location\\Models\\City','2022-01-19 07:30:02','2022-01-19 07:30:02'),(196,'image','[\"cities\\/c-232.png\"]',196,'Botble\\Location\\Models\\City','2022-01-19 07:30:02','2022-01-19 07:30:02'),(197,'image','[\"cities\\/c-233.png\"]',197,'Botble\\Location\\Models\\City','2022-01-19 07:30:02','2022-01-19 07:30:02'),(198,'image','[\"cities\\/c-234.png\"]',198,'Botble\\Location\\Models\\City','2022-01-19 07:30:02','2022-01-19 07:30:02'),(199,'image','[\"cities\\/c-236.png\"]',199,'Botble\\Location\\Models\\City','2022-01-19 07:30:02','2022-01-19 07:30:02'),(200,'image','[\"cities\\/c-237.png\"]',200,'Botble\\Location\\Models\\City','2022-01-19 07:30:02','2022-01-19 07:30:02'),(201,'image','[\"cities\\/c-238.png\"]',201,'Botble\\Location\\Models\\City','2022-01-19 07:30:02','2022-01-19 07:30:02'),(202,'image','[\"cities\\/c-242.png\"]',202,'Botble\\Location\\Models\\City','2022-01-19 07:30:02','2022-01-19 07:30:02'),(203,'image','[\"cities\\/c-243.png\"]',203,'Botble\\Location\\Models\\City','2022-01-19 07:30:02','2022-01-19 07:30:02'),(204,'image','[\"cities\\/c-244.png\"]',204,'Botble\\Location\\Models\\City','2022-01-19 07:30:02','2022-01-19 07:30:02'),(205,'image','[\"cities\\/c-245.png\"]',205,'Botble\\Location\\Models\\City','2022-01-19 07:30:02','2022-01-19 07:30:02'),(206,'image','[\"cities\\/c-246.png\"]',206,'Botble\\Location\\Models\\City','2022-01-19 07:30:03','2022-01-19 07:30:03'),(207,'image','[\"cities\\/c-247.png\"]',207,'Botble\\Location\\Models\\City','2022-01-19 07:30:03','2022-01-19 07:30:03'),(208,'image','[\"cities\\/c-248.png\"]',208,'Botble\\Location\\Models\\City','2022-01-19 07:30:03','2022-01-19 07:30:03'),(209,'image','[\"cities\\/c-251.png\"]',209,'Botble\\Location\\Models\\City','2022-01-19 07:30:03','2022-01-19 07:30:03'),(210,'image','[\"cities\\/c-252.png\"]',210,'Botble\\Location\\Models\\City','2022-01-19 07:30:03','2022-01-19 07:30:03'),(211,'image','[\"cities\\/c-254.png\"]',211,'Botble\\Location\\Models\\City','2022-01-19 07:30:03','2022-01-19 07:30:03'),(212,'image','[\"cities\\/c-255.png\"]',212,'Botble\\Location\\Models\\City','2022-01-19 07:30:03','2022-01-19 07:30:03'),(213,'image','[\"cities\\/c-256.png\"]',213,'Botble\\Location\\Models\\City','2022-01-19 07:30:03','2022-01-19 07:30:03'),(214,'image','[\"cities\\/c-257.png\"]',214,'Botble\\Location\\Models\\City','2022-01-19 07:30:03','2022-01-19 07:30:03'),(215,'image','[\"cities\\/c-258.png\"]',215,'Botble\\Location\\Models\\City','2022-01-19 07:30:03','2022-01-19 07:30:03'),(216,'image','[\"cities\\/c-259.png\"]',216,'Botble\\Location\\Models\\City','2022-01-19 07:30:03','2022-01-19 07:30:03'),(217,'image','[\"cities\\/c-261.png\"]',217,'Botble\\Location\\Models\\City','2022-01-19 07:30:03','2022-01-19 07:30:03'),(218,'image','[\"cities\\/c-262.png\"]',218,'Botble\\Location\\Models\\City','2022-01-19 07:30:03','2022-01-19 07:30:03'),(219,'image','[\"cities\\/c-266.png\"]',219,'Botble\\Location\\Models\\City','2022-01-19 07:30:03','2022-01-19 07:30:03'),(220,'image','[\"cities\\/c-267.png\"]',220,'Botble\\Location\\Models\\City','2022-01-19 07:30:03','2022-01-19 07:30:03'),(221,'image','[\"cities\\/c-269.png\"]',221,'Botble\\Location\\Models\\City','2022-01-19 07:30:03','2022-01-19 07:30:03'),(222,'image','[\"cities\\/c-270.png\"]',222,'Botble\\Location\\Models\\City','2022-01-19 07:30:03','2022-01-19 07:30:03'),(223,'image','[\"cities\\/c-272.png\"]',223,'Botble\\Location\\Models\\City','2022-01-19 07:30:03','2022-01-19 07:30:03'),(224,'image','[\"cities\\/c-273.png\"]',224,'Botble\\Location\\Models\\City','2022-01-19 07:30:03','2022-01-19 07:30:03'),(225,'image','[\"cities\\/c-274.png\"]',225,'Botble\\Location\\Models\\City','2022-01-19 07:30:03','2022-01-19 07:30:03'),(226,'image','[\"cities\\/c-275.png\"]',226,'Botble\\Location\\Models\\City','2022-01-19 07:30:03','2022-01-19 07:30:03'),(227,'image','[\"cities\\/c-277.png\"]',227,'Botble\\Location\\Models\\City','2022-01-19 07:30:03','2022-01-19 07:30:03'),(228,'image','[\"cities\\/c-278.png\"]',228,'Botble\\Location\\Models\\City','2022-01-19 07:30:03','2022-01-19 07:30:03'),(229,'image','[\"cities\\/c-280.png\"]',229,'Botble\\Location\\Models\\City','2022-01-19 07:30:03','2022-01-19 07:30:03'),(230,'image','[\"cities\\/c-282.png\"]',230,'Botble\\Location\\Models\\City','2022-01-19 07:30:03','2022-01-19 07:30:03'),(231,'image','[\"cities\\/c-283.png\"]',231,'Botble\\Location\\Models\\City','2022-01-19 07:30:03','2022-01-19 07:30:03'),(232,'image','[\"cities\\/c-285.png\"]',232,'Botble\\Location\\Models\\City','2022-01-19 07:30:03','2022-01-19 07:30:03'),(233,'image','[\"cities\\/c-286.png\"]',233,'Botble\\Location\\Models\\City','2022-01-19 07:30:03','2022-01-19 07:30:03'),(234,'image','[\"cities\\/c-288.png\"]',234,'Botble\\Location\\Models\\City','2022-01-19 07:30:03','2022-01-19 07:30:03'),(235,'image','[\"cities\\/c-289.png\"]',235,'Botble\\Location\\Models\\City','2022-01-19 07:30:03','2022-01-19 07:30:03'),(236,'image','[\"cities\\/c-291.png\"]',236,'Botble\\Location\\Models\\City','2022-01-19 07:30:03','2022-01-19 07:30:03'),(237,'image','[\"cities\\/c-292.png\"]',237,'Botble\\Location\\Models\\City','2022-01-19 07:30:03','2022-01-19 07:30:03'),(238,'image','[\"cities\\/c-294.png\"]',238,'Botble\\Location\\Models\\City','2022-01-19 07:30:03','2022-01-19 07:30:03'),(239,'image','[\"cities\\/c-296.png\"]',239,'Botble\\Location\\Models\\City','2022-01-19 07:30:03','2022-01-19 07:30:03'),(240,'image','[\"cities\\/c-297.png\"]',240,'Botble\\Location\\Models\\City','2022-01-19 07:30:03','2022-01-19 07:30:03'),(241,'image','[\"cities\\/c-298.png\"]',241,'Botble\\Location\\Models\\City','2022-01-19 07:30:03','2022-01-19 07:30:03'),(242,'image','[\"cities\\/c-300.png\"]',242,'Botble\\Location\\Models\\City','2022-01-19 07:30:04','2022-01-19 07:30:04'),(243,'image','[\"cities\\/c-302.png\"]',243,'Botble\\Location\\Models\\City','2022-01-19 07:30:04','2022-01-19 07:30:04'),(244,'image','[\"cities\\/c-303.png\"]',244,'Botble\\Location\\Models\\City','2022-01-19 07:30:04','2022-01-19 07:30:04'),(245,'image','[\"cities\\/c-304.png\"]',245,'Botble\\Location\\Models\\City','2022-01-19 07:30:04','2022-01-19 07:30:04'),(246,'image','[\"cities\\/c-307.png\"]',246,'Botble\\Location\\Models\\City','2022-01-19 07:30:04','2022-01-19 07:30:04'),(247,'image','[\"cities\\/c-310.png\"]',247,'Botble\\Location\\Models\\City','2022-01-19 07:30:04','2022-01-19 07:30:04'),(248,'image','[\"cities\\/c-312.png\"]',248,'Botble\\Location\\Models\\City','2022-01-19 07:30:04','2022-01-19 07:30:04'),(249,'image','[\"cities\\/c-315.png\"]',249,'Botble\\Location\\Models\\City','2022-01-19 07:30:04','2022-01-19 07:30:04'),(250,'image','[\"cities\\/c-316.png\"]',250,'Botble\\Location\\Models\\City','2022-01-19 07:30:04','2022-01-19 07:30:04'),(251,'image','[\"cities\\/c-320.png\"]',251,'Botble\\Location\\Models\\City','2022-01-19 07:30:04','2022-01-19 07:30:04'),(252,'image','[\"cities\\/c-324.png\"]',252,'Botble\\Location\\Models\\City','2022-01-19 07:30:04','2022-01-19 07:30:04'),(253,'image','[\"cities\\/c-325.png\"]',253,'Botble\\Location\\Models\\City','2022-01-19 07:30:04','2022-01-19 07:30:04'),(254,'image','[\"cities\\/c-327.png\"]',254,'Botble\\Location\\Models\\City','2022-01-19 07:30:04','2022-01-19 07:30:04'),(255,'image','[\"cities\\/c-329.png\"]',255,'Botble\\Location\\Models\\City','2022-01-19 07:30:04','2022-01-19 07:30:04'),(256,'image','[\"cities\\/c-330.png\"]',256,'Botble\\Location\\Models\\City','2022-01-19 07:30:04','2022-01-19 07:30:04'),(257,'image','[\"cities\\/c-331.png\"]',257,'Botble\\Location\\Models\\City','2022-01-19 07:30:04','2022-01-19 07:30:04'),(258,'image','[\"cities\\/c-332.png\"]',258,'Botble\\Location\\Models\\City','2022-01-19 07:30:04','2022-01-19 07:30:04'),(259,'image','[\"cities\\/c-334.png\"]',259,'Botble\\Location\\Models\\City','2022-01-19 07:30:04','2022-01-19 07:30:04'),(260,'image','[\"cities\\/c-335.png\"]',260,'Botble\\Location\\Models\\City','2022-01-19 07:30:04','2022-01-19 07:30:04'),(261,'image','[\"cities\\/c-337.png\"]',261,'Botble\\Location\\Models\\City','2022-01-19 07:30:04','2022-01-19 07:30:04'),(262,'image','[\"cities\\/c-339.png\"]',262,'Botble\\Location\\Models\\City','2022-01-19 07:30:04','2022-01-19 07:30:04'),(263,'image','[\"cities\\/c-340.png\"]',263,'Botble\\Location\\Models\\City','2022-01-19 07:30:04','2022-01-19 07:30:04'),(264,'image','[\"cities\\/c-341.png\"]',264,'Botble\\Location\\Models\\City','2022-01-19 07:30:04','2022-01-19 07:30:04'),(265,'image','[\"cities\\/c-342.png\"]',265,'Botble\\Location\\Models\\City','2022-01-19 07:30:04','2022-01-19 07:30:04'),(266,'image','[\"cities\\/c-343.png\"]',266,'Botble\\Location\\Models\\City','2022-01-19 07:30:04','2022-01-19 07:30:04'),(267,'image','[\"cities\\/c-344.png\"]',267,'Botble\\Location\\Models\\City','2022-01-19 07:30:04','2022-01-19 07:30:04'),(268,'image','[\"cities\\/c-345.png\"]',268,'Botble\\Location\\Models\\City','2022-01-19 07:30:04','2022-01-19 07:30:04'),(269,'image','[\"cities\\/c-346.png\"]',269,'Botble\\Location\\Models\\City','2022-01-19 07:30:04','2022-01-19 07:30:04'),(270,'image','[\"cities\\/c-347.png\"]',270,'Botble\\Location\\Models\\City','2022-01-19 07:30:04','2022-01-19 07:30:04'),(271,'image','[\"cities\\/c-350.png\"]',271,'Botble\\Location\\Models\\City','2022-01-19 07:30:04','2022-01-19 07:30:04'),(272,'image','[\"cities\\/c-351.png\"]',272,'Botble\\Location\\Models\\City','2022-01-19 07:30:04','2022-01-19 07:30:04'),(273,'image','[\"cities\\/c-353.png\"]',273,'Botble\\Location\\Models\\City','2022-01-19 07:30:04','2022-01-19 07:30:04'),(274,'image','[\"cities\\/c-354.png\"]',274,'Botble\\Location\\Models\\City','2022-01-19 07:30:04','2022-01-19 07:30:04'),(275,'image','[\"cities\\/c-357.png\"]',275,'Botble\\Location\\Models\\City','2022-01-19 07:30:04','2022-01-19 07:30:04'),(276,'image','[\"cities\\/c-358.png\"]',276,'Botble\\Location\\Models\\City','2022-01-19 07:30:04','2022-01-19 07:30:04'),(277,'image','[\"cities\\/c-360.png\"]',277,'Botble\\Location\\Models\\City','2022-01-19 07:30:05','2022-01-19 07:30:05'),(278,'image','[\"cities\\/c-362.png\"]',278,'Botble\\Location\\Models\\City','2022-01-19 07:30:05','2022-01-19 07:30:05'),(279,'image','[\"cities\\/c-364.png\"]',279,'Botble\\Location\\Models\\City','2022-01-19 07:30:05','2022-01-19 07:30:05'),(280,'image','[\"cities\\/c-367.png\"]',280,'Botble\\Location\\Models\\City','2022-01-19 07:30:05','2022-01-19 07:30:05'),(281,'image','[\"cities\\/c-369.png\"]',281,'Botble\\Location\\Models\\City','2022-01-19 07:30:05','2022-01-19 07:30:05'),(282,'image','[\"cities\\/c-370.png\"]',282,'Botble\\Location\\Models\\City','2022-01-19 07:30:05','2022-01-19 07:30:05'),(283,'image','[\"cities\\/c-371.png\"]',283,'Botble\\Location\\Models\\City','2022-01-19 07:30:05','2022-01-19 07:30:05'),(284,'image','[\"cities\\/c-373.png\"]',284,'Botble\\Location\\Models\\City','2022-01-19 07:30:05','2022-01-19 07:30:05'),(285,'image','[\"cities\\/c-376.png\"]',285,'Botble\\Location\\Models\\City','2022-01-19 07:30:05','2022-01-19 07:30:05'),(286,'image','[\"cities\\/c-377.png\"]',286,'Botble\\Location\\Models\\City','2022-01-19 07:30:05','2022-01-19 07:30:05'),(287,'image','[\"cities\\/c-378.png\"]',287,'Botble\\Location\\Models\\City','2022-01-19 07:30:05','2022-01-19 07:30:05'),(288,'image','[\"cities\\/c-381.png\"]',288,'Botble\\Location\\Models\\City','2022-01-19 07:30:05','2022-01-19 07:30:05'),(289,'image','[\"cities\\/c-382.png\"]',289,'Botble\\Location\\Models\\City','2022-01-19 07:30:05','2022-01-19 07:30:05'),(290,'image','[\"cities\\/c-383.png\"]',290,'Botble\\Location\\Models\\City','2022-01-19 07:30:05','2022-01-19 07:30:05'),(291,'image','[\"cities\\/c-384.png\"]',291,'Botble\\Location\\Models\\City','2022-01-19 07:30:05','2022-01-19 07:30:05'),(292,'image','[\"cities\\/c-385.png\"]',292,'Botble\\Location\\Models\\City','2022-01-19 07:30:05','2022-01-19 07:30:05'),(293,'image','[\"cities\\/c-390.png\"]',293,'Botble\\Location\\Models\\City','2022-01-19 07:30:05','2022-01-19 07:30:05'),(294,'image','[\"cities\\/c-391.png\"]',294,'Botble\\Location\\Models\\City','2022-01-19 07:30:05','2022-01-19 07:30:05'),(295,'image','[\"cities\\/c-393.png\"]',295,'Botble\\Location\\Models\\City','2022-01-19 07:30:05','2022-01-19 07:30:05'),(296,'image','[\"cities\\/c-395.png\"]',296,'Botble\\Location\\Models\\City','2022-01-19 07:30:05','2022-01-19 07:30:05'),(297,'image','[\"cities\\/c-396.png\"]',297,'Botble\\Location\\Models\\City','2022-01-19 07:30:05','2022-01-19 07:30:05'),(298,'image','[\"cities\\/c-399.png\"]',298,'Botble\\Location\\Models\\City','2022-01-19 07:30:05','2022-01-19 07:30:05'),(299,'image','[\"cities\\/c-401.png\"]',299,'Botble\\Location\\Models\\City','2022-01-19 07:30:05','2022-01-19 07:30:05'),(300,'image','[\"cities\\/c-403.png\"]',300,'Botble\\Location\\Models\\City','2022-01-19 07:30:05','2022-01-19 07:30:05'),(301,'image','[\"cities\\/c-405.png\"]',301,'Botble\\Location\\Models\\City','2022-01-19 07:30:05','2022-01-19 07:30:05'),(302,'image','[\"cities\\/c-407.png\"]',302,'Botble\\Location\\Models\\City','2022-01-19 07:30:05','2022-01-19 07:30:05'),(303,'image','[\"cities\\/c-408.png\"]',303,'Botble\\Location\\Models\\City','2022-01-19 07:30:05','2022-01-19 07:30:05'),(304,'image','[\"cities\\/c-409.png\"]',304,'Botble\\Location\\Models\\City','2022-01-19 07:30:05','2022-01-19 07:30:05'),(305,'image','[\"cities\\/c-410.png\"]',305,'Botble\\Location\\Models\\City','2022-01-19 07:30:05','2022-01-19 07:30:05'),(306,'image','[\"cities\\/c-411.png\"]',306,'Botble\\Location\\Models\\City','2022-01-19 07:30:05','2022-01-19 07:30:05'),(307,'image','[\"cities\\/c-412.png\"]',307,'Botble\\Location\\Models\\City','2022-01-19 07:30:05','2022-01-19 07:30:05'),(308,'image','[\"cities\\/c-414.png\"]',308,'Botble\\Location\\Models\\City','2022-01-19 07:30:05','2022-01-19 07:30:05'),(309,'image','[\"cities\\/c-415.png\"]',309,'Botble\\Location\\Models\\City','2022-01-19 07:30:05','2022-01-19 07:30:05'),(310,'image','[\"cities\\/c-419.png\"]',310,'Botble\\Location\\Models\\City','2022-01-19 07:30:05','2022-01-19 07:30:05'),(311,'image','[\"cities\\/c-421.png\"]',311,'Botble\\Location\\Models\\City','2022-01-19 07:30:06','2022-01-19 07:30:06'),(312,'image','[\"cities\\/c-423.png\"]',312,'Botble\\Location\\Models\\City','2022-01-19 07:30:06','2022-01-19 07:30:06'),(313,'image','[\"cities\\/c-425.png\"]',313,'Botble\\Location\\Models\\City','2022-01-19 07:30:06','2022-01-19 07:30:06'),(314,'image','[\"cities\\/c-428.png\"]',314,'Botble\\Location\\Models\\City','2022-01-19 07:30:06','2022-01-19 07:30:06'),(315,'image','[\"cities\\/c-429.png\"]',315,'Botble\\Location\\Models\\City','2022-01-19 07:30:06','2022-01-19 07:30:06'),(316,'image','[\"cities\\/c-431.png\"]',316,'Botble\\Location\\Models\\City','2022-01-19 07:30:06','2022-01-19 07:30:06'),(317,'image','[\"cities\\/c-432.png\"]',317,'Botble\\Location\\Models\\City','2022-01-19 07:30:06','2022-01-19 07:30:06'),(318,'image','[\"cities\\/c-433.png\"]',318,'Botble\\Location\\Models\\City','2022-01-19 07:30:06','2022-01-19 07:30:06'),(319,'image','[\"cities\\/c-435.png\"]',319,'Botble\\Location\\Models\\City','2022-01-19 07:30:06','2022-01-19 07:30:06'),(320,'image','[\"cities\\/c-438.png\"]',320,'Botble\\Location\\Models\\City','2022-01-19 07:30:06','2022-01-19 07:30:06'),(321,'image','[\"cities\\/c-441.png\"]',321,'Botble\\Location\\Models\\City','2022-01-19 07:30:06','2022-01-19 07:30:06'),(322,'image','[\"cities\\/c-444.png\"]',322,'Botble\\Location\\Models\\City','2022-01-19 07:30:06','2022-01-19 07:30:06'),(323,'image','[\"cities\\/c-447.png\"]',323,'Botble\\Location\\Models\\City','2022-01-19 07:30:06','2022-01-19 07:30:06'),(324,'image','[\"cities\\/c-448.png\"]',324,'Botble\\Location\\Models\\City','2022-01-19 07:30:06','2022-01-19 07:30:06'),(325,'image','[\"cities\\/c-450.png\"]',325,'Botble\\Location\\Models\\City','2022-01-19 07:30:06','2022-01-19 07:30:06'),(326,'image','[\"cities\\/c-452.png\"]',326,'Botble\\Location\\Models\\City','2022-01-19 07:30:06','2022-01-19 07:30:06'),(327,'image','[\"cities\\/c-453.png\"]',327,'Botble\\Location\\Models\\City','2022-01-19 07:30:06','2022-01-19 07:30:06'),(328,'image','[\"cities\\/c-455.png\"]',328,'Botble\\Location\\Models\\City','2022-01-19 07:30:06','2022-01-19 07:30:06'),(329,'image','[\"cities\\/c-457.png\"]',329,'Botble\\Location\\Models\\City','2022-01-19 07:30:06','2022-01-19 07:30:06'),(330,'image','[\"cities\\/c-458.png\"]',330,'Botble\\Location\\Models\\City','2022-01-19 07:30:06','2022-01-19 07:30:06'),(331,'image','[\"cities\\/c-459.png\"]',331,'Botble\\Location\\Models\\City','2022-01-19 07:30:06','2022-01-19 07:30:06'),(332,'image','[\"cities\\/c-462.png\"]',332,'Botble\\Location\\Models\\City','2022-01-19 07:30:06','2022-01-19 07:30:06'),(333,'image','[\"cities\\/c-463.png\"]',333,'Botble\\Location\\Models\\City','2022-01-19 07:30:06','2022-01-19 07:30:06'),(334,'image','[\"cities\\/c-464.png\"]',334,'Botble\\Location\\Models\\City','2022-01-19 07:30:06','2022-01-19 07:30:06'),(335,'image','[\"cities\\/c-467.png\"]',335,'Botble\\Location\\Models\\City','2022-01-19 07:30:06','2022-01-19 07:30:06'),(336,'image','[\"cities\\/c-468.png\"]',336,'Botble\\Location\\Models\\City','2022-01-19 07:30:06','2022-01-19 07:30:06'),(337,'image','[\"cities\\/c-470.png\"]',337,'Botble\\Location\\Models\\City','2022-01-19 07:30:06','2022-01-19 07:30:06'),(338,'image','[\"cities\\/c-473.png\"]',338,'Botble\\Location\\Models\\City','2022-01-19 07:30:06','2022-01-19 07:30:06'),(339,'image','[\"cities\\/c-479.png\"]',339,'Botble\\Location\\Models\\City','2022-01-19 07:30:06','2022-01-19 07:30:06'),(340,'image','[\"cities\\/c-480.png\"]',340,'Botble\\Location\\Models\\City','2022-01-19 07:30:06','2022-01-19 07:30:06'),(341,'image','[\"cities\\/c-481.png\"]',341,'Botble\\Location\\Models\\City','2022-01-19 07:30:06','2022-01-19 07:30:06'),(342,'image','[\"cities\\/c-482.png\"]',342,'Botble\\Location\\Models\\City','2022-01-19 07:30:06','2022-01-19 07:30:06'),(343,'image','[\"cities\\/c-484.png\"]',343,'Botble\\Location\\Models\\City','2022-01-19 07:30:06','2022-01-19 07:30:06'),(344,'image','[\"cities\\/c-490.png\"]',344,'Botble\\Location\\Models\\City','2022-01-19 07:30:06','2022-01-19 07:30:06'),(345,'image','[\"cities\\/c-491.png\"]',345,'Botble\\Location\\Models\\City','2022-01-19 07:30:06','2022-01-19 07:30:06'),(346,'image','[\"cities\\/c-493.png\"]',346,'Botble\\Location\\Models\\City','2022-01-19 07:30:07','2022-01-19 07:30:07'),(347,'image','[\"cities\\/c-495.png\"]',347,'Botble\\Location\\Models\\City','2022-01-19 07:30:07','2022-01-19 07:30:07'),(348,'image','[\"cities\\/c-504.png\"]',348,'Botble\\Location\\Models\\City','2022-01-19 07:30:07','2022-01-19 07:30:07'),(349,'image','[\"cities\\/c-507.png\"]',349,'Botble\\Location\\Models\\City','2022-01-19 07:30:07','2022-01-19 07:30:07'),(350,'image','[\"cities\\/c-508.png\"]',350,'Botble\\Location\\Models\\City','2022-01-19 07:30:07','2022-01-19 07:30:07'),(351,'image','[\"cities\\/c-509.png\"]',351,'Botble\\Location\\Models\\City','2022-01-19 07:30:07','2022-01-19 07:30:07'),(352,'image','[\"cities\\/c-513.png\"]',352,'Botble\\Location\\Models\\City','2022-01-19 07:30:07','2022-01-19 07:30:07'),(353,'image','[\"cities\\/c-516.png\"]',353,'Botble\\Location\\Models\\City','2022-01-19 07:30:07','2022-01-19 07:30:07'),(354,'image','[\"cities\\/c-519.png\"]',354,'Botble\\Location\\Models\\City','2022-01-19 07:30:07','2022-01-19 07:30:07'),(355,'image','[\"cities\\/c-520.png\"]',355,'Botble\\Location\\Models\\City','2022-01-19 07:30:07','2022-01-19 07:30:07'),(356,'image','[\"cities\\/c-523.png\"]',356,'Botble\\Location\\Models\\City','2022-01-19 07:30:07','2022-01-19 07:30:07'),(357,'image','[\"cities\\/c-526.png\"]',357,'Botble\\Location\\Models\\City','2022-01-19 07:30:07','2022-01-19 07:30:07'),(358,'image','[\"cities\\/c-527.png\"]',358,'Botble\\Location\\Models\\City','2022-01-19 07:30:07','2022-01-19 07:30:07'),(359,'image','[\"cities\\/c-529.png\"]',359,'Botble\\Location\\Models\\City','2022-01-19 07:30:07','2022-01-19 07:30:07'),(360,'image','[\"cities\\/c-533.png\"]',360,'Botble\\Location\\Models\\City','2022-01-19 07:30:07','2022-01-19 07:30:07'),(361,'image','[\"cities\\/c-534.png\"]',361,'Botble\\Location\\Models\\City','2022-01-19 07:30:07','2022-01-19 07:30:07'),(362,'image','[\"cities\\/c-535.png\"]',362,'Botble\\Location\\Models\\City','2022-01-19 07:30:07','2022-01-19 07:30:07'),(363,'image','[\"cities\\/c-536.png\"]',363,'Botble\\Location\\Models\\City','2022-01-19 07:30:07','2022-01-19 07:30:07'),(364,'image','[\"cities\\/c-537.png\"]',364,'Botble\\Location\\Models\\City','2022-01-19 07:30:07','2022-01-19 07:30:07'),(365,'image','[\"cities\\/c-538.png\"]',365,'Botble\\Location\\Models\\City','2022-01-19 07:30:07','2022-01-19 07:30:07'),(366,'image','[\"cities\\/c-542.png\"]',366,'Botble\\Location\\Models\\City','2022-01-19 07:30:07','2022-01-19 07:30:07'),(367,'image','[\"cities\\/c-543.png\"]',367,'Botble\\Location\\Models\\City','2022-01-19 07:30:07','2022-01-19 07:30:07'),(368,'image','[\"cities\\/c-546.png\"]',368,'Botble\\Location\\Models\\City','2022-01-19 07:30:07','2022-01-19 07:30:07'),(369,'image','[\"cities\\/c-548.png\"]',369,'Botble\\Location\\Models\\City','2022-01-19 07:30:07','2022-01-19 07:30:07'),(370,'image','[\"cities\\/c-549.png\"]',370,'Botble\\Location\\Models\\City','2022-01-19 07:30:07','2022-01-19 07:30:07'),(371,'image','[\"cities\\/c-550.png\"]',371,'Botble\\Location\\Models\\City','2022-01-19 07:30:07','2022-01-19 07:30:07'),(372,'image','[\"cities\\/c-551.png\"]',372,'Botble\\Location\\Models\\City','2022-01-19 07:30:07','2022-01-19 07:30:07'),(373,'image','[\"cities\\/c-552.png\"]',373,'Botble\\Location\\Models\\City','2022-01-19 07:30:07','2022-01-19 07:30:07'),(374,'image','[\"cities\\/c-560.png\"]',374,'Botble\\Location\\Models\\City','2022-01-19 07:30:07','2022-01-19 07:30:07'),(375,'image','[\"cities\\/c-561.png\"]',375,'Botble\\Location\\Models\\City','2022-01-19 07:30:07','2022-01-19 07:30:07'),(376,'image','[\"cities\\/c-562.png\"]',376,'Botble\\Location\\Models\\City','2022-01-19 07:30:07','2022-01-19 07:30:07'),(377,'image','[\"cities\\/c-564.png\"]',377,'Botble\\Location\\Models\\City','2022-01-19 07:30:07','2022-01-19 07:30:07'),(378,'image','[\"cities\\/c-565.png\"]',378,'Botble\\Location\\Models\\City','2022-01-19 07:30:07','2022-01-19 07:30:07'),(379,'image','[\"cities\\/c-566.png\"]',379,'Botble\\Location\\Models\\City','2022-01-19 07:30:07','2022-01-19 07:30:07'),(380,'image','[\"cities\\/c-569.png\"]',380,'Botble\\Location\\Models\\City','2022-01-19 07:30:07','2022-01-19 07:30:07'),(381,'image','[\"cities\\/c-572.png\"]',381,'Botble\\Location\\Models\\City','2022-01-19 07:30:08','2022-01-19 07:30:08'),(382,'image','[\"cities\\/c-577.png\"]',382,'Botble\\Location\\Models\\City','2022-01-19 07:30:08','2022-01-19 07:30:08'),(383,'image','[\"cities\\/c-578.png\"]',383,'Botble\\Location\\Models\\City','2022-01-19 07:30:08','2022-01-19 07:30:08'),(384,'image','[\"cities\\/c-580.png\"]',384,'Botble\\Location\\Models\\City','2022-01-19 07:30:08','2022-01-19 07:30:08'),(385,'image','[\"cities\\/c-584.png\"]',385,'Botble\\Location\\Models\\City','2022-01-19 07:30:08','2022-01-19 07:30:08'),(386,'image','[\"cities\\/c-589.png\"]',386,'Botble\\Location\\Models\\City','2022-01-19 07:30:08','2022-01-19 07:30:08'),(387,'image','[\"cities\\/c-590.png\"]',387,'Botble\\Location\\Models\\City','2022-01-19 07:30:08','2022-01-19 07:30:08'),(388,'image','[\"cities\\/c-591.png\"]',388,'Botble\\Location\\Models\\City','2022-01-19 07:30:08','2022-01-19 07:30:08'),(389,'image','[\"cities\\/c-592.png\"]',389,'Botble\\Location\\Models\\City','2022-01-19 07:30:08','2022-01-19 07:30:08'),(390,'image','[\"cities\\/c-594.png\"]',390,'Botble\\Location\\Models\\City','2022-01-19 07:30:08','2022-01-19 07:30:08'),(391,'image','[\"cities\\/c-595.png\"]',391,'Botble\\Location\\Models\\City','2022-01-19 07:30:08','2022-01-19 07:30:08'),(392,'image','[\"cities\\/c-607.png\"]',392,'Botble\\Location\\Models\\City','2022-01-19 07:30:08','2022-01-19 07:30:08'),(393,'image','[\"cities\\/c-610.png\"]',393,'Botble\\Location\\Models\\City','2022-01-19 07:30:08','2022-01-19 07:30:08'),(394,'image','[\"cities\\/c-611.png\"]',394,'Botble\\Location\\Models\\City','2022-01-19 07:30:08','2022-01-19 07:30:08'),(395,'image','[\"cities\\/c-613.png\"]',395,'Botble\\Location\\Models\\City','2022-01-19 07:30:08','2022-01-19 07:30:08'),(396,'image','[\"cities\\/c-615.png\"]',396,'Botble\\Location\\Models\\City','2022-01-19 07:30:08','2022-01-19 07:30:08'),(397,'image','[\"cities\\/c-616.png\"]',397,'Botble\\Location\\Models\\City','2022-01-19 07:30:08','2022-01-19 07:30:08'),(398,'image','[\"cities\\/c-620.png\"]',398,'Botble\\Location\\Models\\City','2022-01-19 07:30:08','2022-01-19 07:30:08'),(399,'image','[\"cities\\/c-622.png\"]',399,'Botble\\Location\\Models\\City','2022-01-19 07:30:08','2022-01-19 07:30:08'),(400,'image','[\"cities\\/c-625.png\"]',400,'Botble\\Location\\Models\\City','2022-01-19 07:30:08','2022-01-19 07:30:08'),(401,'image','[\"cities\\/c-626.png\"]',401,'Botble\\Location\\Models\\City','2022-01-19 07:30:08','2022-01-19 07:30:08'),(402,'image','[\"cities\\/c-627.png\"]',402,'Botble\\Location\\Models\\City','2022-01-19 07:30:08','2022-01-19 07:30:08'),(403,'image','[\"cities\\/c-629.png\"]',403,'Botble\\Location\\Models\\City','2022-01-19 07:30:08','2022-01-19 07:30:08'),(404,'image','[\"cities\\/c-630.png\"]',404,'Botble\\Location\\Models\\City','2022-01-19 07:30:08','2022-01-19 07:30:08'),(405,'image','[\"cities\\/c-631.png\"]',405,'Botble\\Location\\Models\\City','2022-01-19 07:30:08','2022-01-19 07:30:08'),(406,'image','[\"cities\\/c-632.png\"]',406,'Botble\\Location\\Models\\City','2022-01-19 07:30:08','2022-01-19 07:30:08'),(407,'image','[\"cities\\/c-634.png\"]',407,'Botble\\Location\\Models\\City','2022-01-19 07:30:08','2022-01-19 07:30:08'),(408,'image','[\"cities\\/c-635.png\"]',408,'Botble\\Location\\Models\\City','2022-01-19 07:30:08','2022-01-19 07:30:08'),(409,'image','[\"cities\\/c-636.png\"]',409,'Botble\\Location\\Models\\City','2022-01-19 07:30:08','2022-01-19 07:30:08'),(410,'image','[\"cities\\/c-640.png\"]',410,'Botble\\Location\\Models\\City','2022-01-19 07:30:08','2022-01-19 07:30:08'),(411,'image','[\"cities\\/c-641.png\"]',411,'Botble\\Location\\Models\\City','2022-01-19 07:30:08','2022-01-19 07:30:08'),(412,'image','[\"cities\\/c-642.png\"]',412,'Botble\\Location\\Models\\City','2022-01-19 07:30:08','2022-01-19 07:30:08'),(413,'image','[\"cities\\/c-643.png\"]',413,'Botble\\Location\\Models\\City','2022-01-19 07:30:08','2022-01-19 07:30:08'),(414,'image','[\"cities\\/c-656.png\"]',414,'Botble\\Location\\Models\\City','2022-01-19 07:30:08','2022-01-19 07:30:08'),(415,'image','[\"cities\\/c-658.png\"]',415,'Botble\\Location\\Models\\City','2022-01-19 07:30:09','2022-01-19 07:30:09'),(416,'image','[\"cities\\/c-659.png\"]',416,'Botble\\Location\\Models\\City','2022-01-19 07:30:09','2022-01-19 07:30:09'),(417,'image','[\"cities\\/c-661.png\"]',417,'Botble\\Location\\Models\\City','2022-01-19 07:30:09','2022-01-19 07:30:09'),(418,'image','[\"cities\\/c-662.png\"]',418,'Botble\\Location\\Models\\City','2022-01-19 07:30:09','2022-01-19 07:30:09'),(419,'image','[\"cities\\/c-666.png\"]',419,'Botble\\Location\\Models\\City','2022-01-19 07:30:09','2022-01-19 07:30:09'),(420,'image','[\"cities\\/c-678.png\"]',420,'Botble\\Location\\Models\\City','2022-01-19 07:30:09','2022-01-19 07:30:09'),(421,'image','[\"cities\\/c-684.png\"]',421,'Botble\\Location\\Models\\City','2022-01-19 07:30:09','2022-01-19 07:30:09'),(422,'image','[\"cities\\/c-685.png\"]',422,'Botble\\Location\\Models\\City','2022-01-19 07:30:09','2022-01-19 07:30:09'),(423,'image','[\"cities\\/c-691.png\"]',423,'Botble\\Location\\Models\\City','2022-01-19 07:30:09','2022-01-19 07:30:09'),(424,'image','[\"cities\\/c-698.png\"]',424,'Botble\\Location\\Models\\City','2022-01-19 07:30:09','2022-01-19 07:30:09'),(425,'image','[\"cities\\/c-700.png\"]',425,'Botble\\Location\\Models\\City','2022-01-19 07:30:09','2022-01-19 07:30:09'),(426,'image','[\"cities\\/c-706.png\"]',426,'Botble\\Location\\Models\\City','2022-01-19 07:30:09','2022-01-19 07:30:09'),(427,'image','[\"cities\\/c-710.png\"]',427,'Botble\\Location\\Models\\City','2022-01-19 07:30:09','2022-01-19 07:30:09'),(428,'image','[\"cities\\/c-715.png\"]',428,'Botble\\Location\\Models\\City','2022-01-19 07:30:09','2022-01-19 07:30:09'),(429,'image','[\"cities\\/c-717.png\"]',429,'Botble\\Location\\Models\\City','2022-01-19 07:30:09','2022-01-19 07:30:09'),(430,'image','[\"cities\\/c-719.png\"]',430,'Botble\\Location\\Models\\City','2022-01-19 07:30:09','2022-01-19 07:30:09'),(431,'image','[\"cities\\/c-720.png\"]',431,'Botble\\Location\\Models\\City','2022-01-19 07:30:09','2022-01-19 07:30:09'),(432,'image','[\"cities\\/c-721.png\"]',432,'Botble\\Location\\Models\\City','2022-01-19 07:30:09','2022-01-19 07:30:09'),(433,'image','[\"cities\\/c-722.png\"]',433,'Botble\\Location\\Models\\City','2022-01-19 07:30:09','2022-01-19 07:30:09'),(434,'image','[\"cities\\/c-726.png\"]',434,'Botble\\Location\\Models\\City','2022-01-19 07:30:09','2022-01-19 07:30:09'),(435,'image','[\"cities\\/c-727.png\"]',435,'Botble\\Location\\Models\\City','2022-01-19 07:30:09','2022-01-19 07:30:09'),(436,'image','[\"cities\\/c-731.png\"]',436,'Botble\\Location\\Models\\City','2022-01-19 07:30:09','2022-01-19 07:30:09'),(437,'image','[\"cities\\/c-736.png\"]',437,'Botble\\Location\\Models\\City','2022-01-19 07:30:09','2022-01-19 07:30:09'),(438,'image','[\"cities\\/c-740.png\"]',438,'Botble\\Location\\Models\\City','2022-01-19 07:30:09','2022-01-19 07:30:09'),(439,'image','[\"cities\\/c-746.png\"]',439,'Botble\\Location\\Models\\City','2022-01-19 07:30:09','2022-01-19 07:30:09'),(440,'image','[\"cities\\/c-747.png\"]',440,'Botble\\Location\\Models\\City','2022-01-19 07:30:09','2022-01-19 07:30:09'),(441,'image','[\"cities\\/c-750.png\"]',441,'Botble\\Location\\Models\\City','2022-01-19 07:30:09','2022-01-19 07:30:09'),(442,'image','[\"cities\\/c-754.png\"]',442,'Botble\\Location\\Models\\City','2022-01-19 07:30:09','2022-01-19 07:30:09'),(443,'image','[\"cities\\/c-761.png\"]',443,'Botble\\Location\\Models\\City','2022-01-19 07:30:09','2022-01-19 07:30:09'),(444,'image','[\"cities\\/c-763.png\"]',444,'Botble\\Location\\Models\\City','2022-01-19 07:30:09','2022-01-19 07:30:09'),(445,'image','[\"cities\\/c-770.png\"]',445,'Botble\\Location\\Models\\City','2022-01-19 07:30:09','2022-01-19 07:30:09'),(446,'image','[\"cities\\/c-773.png\"]',446,'Botble\\Location\\Models\\City','2022-01-19 07:30:09','2022-01-19 07:30:09'),(447,'image','[\"cities\\/c-774.png\"]',447,'Botble\\Location\\Models\\City','2022-01-19 07:30:09','2022-01-19 07:30:09'),(448,'image','[\"cities\\/c-780.png\"]',448,'Botble\\Location\\Models\\City','2022-01-19 07:30:10','2022-01-19 07:30:10'),(449,'image','[\"cities\\/c-781.png\"]',449,'Botble\\Location\\Models\\City','2022-01-19 07:30:10','2022-01-19 07:30:10'),(450,'image','[\"cities\\/c-784.png\"]',450,'Botble\\Location\\Models\\City','2022-01-19 07:30:10','2022-01-19 07:30:10'),(451,'image','[\"cities\\/c-793.png\"]',451,'Botble\\Location\\Models\\City','2022-01-19 07:30:10','2022-01-19 07:30:10'),(452,'image','[\"cities\\/c-794.png\"]',452,'Botble\\Location\\Models\\City','2022-01-19 07:30:10','2022-01-19 07:30:10'),(453,'image','[\"cities\\/c-795.png\"]',453,'Botble\\Location\\Models\\City','2022-01-19 07:30:10','2022-01-19 07:30:10'),(454,'image','[\"cities\\/c-798.png\"]',454,'Botble\\Location\\Models\\City','2022-01-19 07:30:10','2022-01-19 07:30:10'),(455,'image','[\"cities\\/c-803.png\"]',455,'Botble\\Location\\Models\\City','2022-01-19 07:30:10','2022-01-19 07:30:10'),(456,'image','[\"cities\\/c-804.png\"]',456,'Botble\\Location\\Models\\City','2022-01-19 07:30:10','2022-01-19 07:30:10'),(457,'image','[\"cities\\/c-807.png\"]',457,'Botble\\Location\\Models\\City','2022-01-19 07:30:10','2022-01-19 07:30:10'),(458,'image','[\"cities\\/c-809.png\"]',458,'Botble\\Location\\Models\\City','2022-01-19 07:30:10','2022-01-19 07:30:10'),(459,'image','[\"cities\\/c-810.png\"]',459,'Botble\\Location\\Models\\City','2022-01-19 07:30:10','2022-01-19 07:30:10'),(460,'image','[\"cities\\/c-812.png\"]',460,'Botble\\Location\\Models\\City','2022-01-19 07:30:10','2022-01-19 07:30:10'),(461,'image','[\"cities\\/c-815.png\"]',461,'Botble\\Location\\Models\\City','2022-01-19 07:30:10','2022-01-19 07:30:10'),(462,'image','[\"cities\\/c-817.png\"]',462,'Botble\\Location\\Models\\City','2022-01-19 07:30:10','2022-01-19 07:30:10'),(463,'image','[\"cities\\/c-819.png\"]',463,'Botble\\Location\\Models\\City','2022-01-19 07:30:10','2022-01-19 07:30:10'),(464,'image','[\"cities\\/c-821.png\"]',464,'Botble\\Location\\Models\\City','2022-01-19 07:30:10','2022-01-19 07:30:10'),(465,'image','[\"cities\\/c-825.png\"]',465,'Botble\\Location\\Models\\City','2022-01-19 07:30:10','2022-01-19 07:30:10'),(466,'image','[\"cities\\/c-834.png\"]',466,'Botble\\Location\\Models\\City','2022-01-19 07:30:10','2022-01-19 07:30:10'),(467,'image','[\"cities\\/c-840.png\"]',467,'Botble\\Location\\Models\\City','2022-01-19 07:30:10','2022-01-19 07:30:10'),(468,'image','[\"cities\\/c-841.png\"]',468,'Botble\\Location\\Models\\City','2022-01-19 07:30:10','2022-01-19 07:30:10'),(469,'image','[\"cities\\/c-856.png\"]',469,'Botble\\Location\\Models\\City','2022-01-19 07:30:10','2022-01-19 07:30:10'),(470,'image','[\"cities\\/c-858.png\"]',470,'Botble\\Location\\Models\\City','2022-01-19 07:30:10','2022-01-19 07:30:10'),(471,'image','[\"cities\\/c-860.png\"]',471,'Botble\\Location\\Models\\City','2022-01-19 07:30:10','2022-01-19 07:30:10'),(472,'image','[\"cities\\/c-862.png\"]',472,'Botble\\Location\\Models\\City','2022-01-19 07:30:10','2022-01-19 07:30:10'),(473,'image','[\"cities\\/c-863.png\"]',473,'Botble\\Location\\Models\\City','2022-01-19 07:30:10','2022-01-19 07:30:10'),(474,'image','[\"cities\\/c-866.png\"]',474,'Botble\\Location\\Models\\City','2022-01-19 07:30:10','2022-01-19 07:30:10'),(475,'image','[\"cities\\/c-871.png\"]',475,'Botble\\Location\\Models\\City','2022-01-19 07:30:10','2022-01-19 07:30:10'),(476,'image','[\"cities\\/c-872.png\"]',476,'Botble\\Location\\Models\\City','2022-01-19 07:30:10','2022-01-19 07:30:10'),(477,'image','[\"cities\\/c-876.png\"]',477,'Botble\\Location\\Models\\City','2022-01-19 07:30:10','2022-01-19 07:30:10'),(478,'image','[\"cities\\/c-883.png\"]',478,'Botble\\Location\\Models\\City','2022-01-19 07:30:10','2022-01-19 07:30:10'),(479,'image','[\"cities\\/c-888.png\"]',479,'Botble\\Location\\Models\\City','2022-01-19 07:30:10','2022-01-19 07:30:10'),(480,'image','[\"cities\\/c-889.png\"]',480,'Botble\\Location\\Models\\City','2022-01-19 07:30:10','2022-01-19 07:30:10'),(481,'image','[\"cities\\/c-892.png\"]',481,'Botble\\Location\\Models\\City','2022-01-19 07:30:10','2022-01-19 07:30:10'),(482,'image','[\"cities\\/c-895.png\"]',482,'Botble\\Location\\Models\\City','2022-01-19 07:30:10','2022-01-19 07:30:10'),(483,'image','[\"cities\\/c-911.png\"]',483,'Botble\\Location\\Models\\City','2022-01-19 07:30:11','2022-01-19 07:30:11'),(484,'image','[\"cities\\/c-915.png\"]',484,'Botble\\Location\\Models\\City','2022-01-19 07:30:11','2022-01-19 07:30:11'),(485,'image','[\"cities\\/c-922.png\"]',485,'Botble\\Location\\Models\\City','2022-01-19 07:30:11','2022-01-19 07:30:11'),(486,'image','[\"cities\\/c-931.png\"]',486,'Botble\\Location\\Models\\City','2022-01-19 07:30:11','2022-01-19 07:30:11'),(487,'image','[\"cities\\/c-932.png\"]',487,'Botble\\Location\\Models\\City','2022-01-19 07:30:11','2022-01-19 07:30:11'),(488,'image','[\"cities\\/c-934.png\"]',488,'Botble\\Location\\Models\\City','2022-01-19 07:30:11','2022-01-19 07:30:11'),(489,'image','[\"cities\\/c-937.png\"]',489,'Botble\\Location\\Models\\City','2022-01-19 07:30:11','2022-01-19 07:30:11'),(490,'image','[\"cities\\/c-938.png\"]',490,'Botble\\Location\\Models\\City','2022-01-19 07:30:11','2022-01-19 07:30:11'),(491,'image','[\"cities\\/c-948.png\"]',491,'Botble\\Location\\Models\\City','2022-01-19 07:30:11','2022-01-19 07:30:11'),(492,'image','[\"cities\\/c-955.png\"]',492,'Botble\\Location\\Models\\City','2022-01-19 07:30:11','2022-01-19 07:30:11'),(493,'image','[\"cities\\/c-962.png\"]',493,'Botble\\Location\\Models\\City','2022-01-19 07:30:11','2022-01-19 07:30:11'),(494,'image','[\"cities\\/c-970.png\"]',494,'Botble\\Location\\Models\\City','2022-01-19 07:30:11','2022-01-19 07:30:11'),(495,'image','[\"cities\\/c-977.png\"]',495,'Botble\\Location\\Models\\City','2022-01-19 07:30:11','2022-01-19 07:30:11'),(496,'image','[\"cities\\/c-984.png\"]',496,'Botble\\Location\\Models\\City','2022-01-19 07:30:11','2022-01-19 07:30:11'),(497,'image','[\"cities\\/c-988.png\"]',497,'Botble\\Location\\Models\\City','2022-01-19 07:30:11','2022-01-19 07:30:11'),(498,'image','[\"cities\\/c-1001.png\"]',498,'Botble\\Location\\Models\\City','2022-01-19 07:30:11','2022-01-19 07:30:11'),(499,'image','[\"cities\\/c-1013.png\"]',499,'Botble\\Location\\Models\\City','2022-01-19 07:30:11','2022-01-19 07:30:11'),(500,'image','[\"cities\\/c-1040.png\"]',500,'Botble\\Location\\Models\\City','2022-01-19 07:30:11','2022-01-19 07:30:11'),(501,'image','[\"cities\\/c-1041.png\"]',501,'Botble\\Location\\Models\\City','2022-01-19 07:30:11','2022-01-19 07:30:11'),(502,'image','[\"cities\\/c-1059.png\"]',502,'Botble\\Location\\Models\\City','2022-01-19 07:30:11','2022-01-19 07:30:11'),(503,'image','[\"cities\\/c-1063.png\"]',503,'Botble\\Location\\Models\\City','2022-01-19 07:30:11','2022-01-19 07:30:11'),(504,'image','[\"cities\\/c-1064.png\"]',504,'Botble\\Location\\Models\\City','2022-01-19 07:30:11','2022-01-19 07:30:11'),(505,'image','[\"cities\\/c-1065.png\"]',505,'Botble\\Location\\Models\\City','2022-01-19 07:30:12','2022-01-19 07:30:12'),(506,'image','[\"cities\\/c-1068.png\"]',506,'Botble\\Location\\Models\\City','2022-01-19 07:30:12','2022-01-19 07:30:12'),(507,'image','[\"cities\\/c-1075.png\"]',507,'Botble\\Location\\Models\\City','2022-01-19 07:30:12','2022-01-19 07:30:12'),(508,'image','[\"cities\\/c-1083.png\"]',508,'Botble\\Location\\Models\\City','2022-01-19 07:30:12','2022-01-19 07:30:12'),(509,'image','[\"cities\\/c-1088.png\"]',509,'Botble\\Location\\Models\\City','2022-01-19 07:30:12','2022-01-19 07:30:12'),(510,'image','[\"cities\\/c-1090.png\"]',510,'Botble\\Location\\Models\\City','2022-01-19 07:30:12','2022-01-19 07:30:12'),(511,'image','[\"cities\\/c-1091.png\"]',511,'Botble\\Location\\Models\\City','2022-01-19 07:30:12','2022-01-19 07:30:12'),(512,'image','[\"cities\\/c-1097.png\"]',512,'Botble\\Location\\Models\\City','2022-01-19 07:30:12','2022-01-19 07:30:12'),(513,'image','[\"cities\\/c-1099.png\"]',513,'Botble\\Location\\Models\\City','2022-01-19 07:30:12','2022-01-19 07:30:12'),(514,'image','[\"cities\\/c-1105.png\"]',514,'Botble\\Location\\Models\\City','2022-01-19 07:30:12','2022-01-19 07:30:12'),(515,'image','[\"cities\\/c-1115.png\"]',515,'Botble\\Location\\Models\\City','2022-01-19 07:30:12','2022-01-19 07:30:12'),(516,'image','[\"cities\\/c-1123.png\"]',516,'Botble\\Location\\Models\\City','2022-01-19 07:30:12','2022-01-19 07:30:12'),(517,'image','[\"cities\\/c-1140.png\"]',517,'Botble\\Location\\Models\\City','2022-01-19 07:30:12','2022-01-19 07:30:12'),(518,'image','[\"cities\\/c-1152.png\"]',518,'Botble\\Location\\Models\\City','2022-01-19 07:30:12','2022-01-19 07:30:12'),(519,'image','[\"cities\\/c-1154.png\"]',519,'Botble\\Location\\Models\\City','2022-01-19 07:30:12','2022-01-19 07:30:12'),(520,'image','[\"cities\\/c-1158.png\"]',520,'Botble\\Location\\Models\\City','2022-01-19 07:30:12','2022-01-19 07:30:12'),(521,'image','[\"cities\\/c-1162.png\"]',521,'Botble\\Location\\Models\\City','2022-01-19 07:30:12','2022-01-19 07:30:12'),(522,'image','[\"cities\\/c-1163.png\"]',522,'Botble\\Location\\Models\\City','2022-01-19 07:30:12','2022-01-19 07:30:12'),(523,'image','[\"cities\\/c-1165.png\"]',523,'Botble\\Location\\Models\\City','2022-01-19 07:30:12','2022-01-19 07:30:12'),(524,'image','[\"cities\\/c-1169.png\"]',524,'Botble\\Location\\Models\\City','2022-01-19 07:30:12','2022-01-19 07:30:12'),(525,'image','[\"cities\\/c-1175.png\"]',525,'Botble\\Location\\Models\\City','2022-01-19 07:30:12','2022-01-19 07:30:12'),(526,'image','[\"cities\\/c-1177.png\"]',526,'Botble\\Location\\Models\\City','2022-01-19 07:30:12','2022-01-19 07:30:12'),(527,'image','[\"cities\\/c-1178.png\"]',527,'Botble\\Location\\Models\\City','2022-01-19 07:30:12','2022-01-19 07:30:12'),(528,'image','[\"cities\\/c-1212.png\"]',528,'Botble\\Location\\Models\\City','2022-01-19 07:30:12','2022-01-19 07:30:12'),(529,'image','[\"cities\\/c-1214.png\"]',529,'Botble\\Location\\Models\\City','2022-01-19 07:30:12','2022-01-19 07:30:12'),(530,'image','[\"cities\\/c-1216.png\"]',530,'Botble\\Location\\Models\\City','2022-01-19 07:30:12','2022-01-19 07:30:12'),(531,'image','[\"cities\\/c-1217.png\"]',531,'Botble\\Location\\Models\\City','2022-01-19 07:30:12','2022-01-19 07:30:12'),(532,'image','[\"cities\\/c-1218.png\"]',532,'Botble\\Location\\Models\\City','2022-01-19 07:30:12','2022-01-19 07:30:12'),(533,'image','[\"cities\\/c-1224.png\"]',533,'Botble\\Location\\Models\\City','2022-01-19 07:30:12','2022-01-19 07:30:12'),(534,'image','[\"cities\\/c-1231.png\"]',534,'Botble\\Location\\Models\\City','2022-01-19 07:30:12','2022-01-19 07:30:12'),(535,'image','[\"cities\\/c-1241.png\"]',535,'Botble\\Location\\Models\\City','2022-01-19 07:30:12','2022-01-19 07:30:12'),(536,'image','[\"cities\\/c-1252.png\"]',536,'Botble\\Location\\Models\\City','2022-01-19 07:30:12','2022-01-19 07:30:12'),(537,'image','[\"cities\\/c-1267.png\"]',537,'Botble\\Location\\Models\\City','2022-01-19 07:30:13','2022-01-19 07:30:13'),(538,'image','[\"cities\\/c-1280.png\"]',538,'Botble\\Location\\Models\\City','2022-01-19 07:30:13','2022-01-19 07:30:13'),(539,'image','[\"cities\\/c-1284.png\"]',539,'Botble\\Location\\Models\\City','2022-01-19 07:30:13','2022-01-19 07:30:13'),(540,'image','[\"cities\\/c-1288.png\"]',540,'Botble\\Location\\Models\\City','2022-01-19 07:30:13','2022-01-19 07:30:13'),(541,'image','[\"cities\\/c-1307.png\"]',541,'Botble\\Location\\Models\\City','2022-01-19 07:30:13','2022-01-19 07:30:13'),(542,'image','[\"cities\\/c-1314.png\"]',542,'Botble\\Location\\Models\\City','2022-01-19 07:30:13','2022-01-19 07:30:13'),(543,'image','[\"cities\\/c-1359.png\"]',543,'Botble\\Location\\Models\\City','2022-01-19 07:30:13','2022-01-19 07:30:13'),(544,'image','[\"cities\\/c-1364.png\"]',544,'Botble\\Location\\Models\\City','2022-01-19 07:30:13','2022-01-19 07:30:13'),(545,'image','[\"cities\\/c-1395.png\"]',545,'Botble\\Location\\Models\\City','2022-01-19 07:30:13','2022-01-19 07:30:13'),(546,'image','[\"cities\\/c-1416.png\"]',546,'Botble\\Location\\Models\\City','2022-01-19 07:30:13','2022-01-19 07:30:13'),(547,'image','[\"cities\\/c-1423.png\"]',547,'Botble\\Location\\Models\\City','2022-01-19 07:30:13','2022-01-19 07:30:13'),(548,'image','[\"cities\\/c-1428.png\"]',548,'Botble\\Location\\Models\\City','2022-01-19 07:30:13','2022-01-19 07:30:13'),(549,'image','[\"cities\\/c-1469.png\"]',549,'Botble\\Location\\Models\\City','2022-01-19 07:30:13','2022-01-19 07:30:13'),(550,'image','[\"cities\\/c-1472.png\"]',550,'Botble\\Location\\Models\\City','2022-01-19 07:30:13','2022-01-19 07:30:13'),(551,'image','[\"cities\\/c-1478.png\"]',551,'Botble\\Location\\Models\\City','2022-01-19 07:30:13','2022-01-19 07:30:13'),(552,'image','[\"cities\\/c-1496.png\"]',552,'Botble\\Location\\Models\\City','2022-01-19 07:30:13','2022-01-19 07:30:13'),(553,'image','[\"cities\\/c-1509.png\"]',553,'Botble\\Location\\Models\\City','2022-01-19 07:30:13','2022-01-19 07:30:13'),(554,'image','[\"cities\\/c-1526.png\"]',554,'Botble\\Location\\Models\\City','2022-01-19 07:30:13','2022-01-19 07:30:13'),(555,'image','[\"cities\\/c-1536.png\"]',555,'Botble\\Location\\Models\\City','2022-01-19 07:30:13','2022-01-19 07:30:13'),(556,'image','[\"cities\\/c-1546.png\"]',556,'Botble\\Location\\Models\\City','2022-01-19 07:30:13','2022-01-19 07:30:13'),(557,'image','[\"cities\\/c-1559.png\"]',557,'Botble\\Location\\Models\\City','2022-01-19 07:30:13','2022-01-19 07:30:13'),(558,'image','[\"cities\\/c-1579.png\"]',558,'Botble\\Location\\Models\\City','2022-01-19 07:30:13','2022-01-19 07:30:13'),(559,'image','[\"cities\\/c-1613.png\"]',559,'Botble\\Location\\Models\\City','2022-01-19 07:30:13','2022-01-19 07:30:13'),(560,'image','[\"cities\\/c-1618.png\"]',560,'Botble\\Location\\Models\\City','2022-01-19 07:30:13','2022-01-19 07:30:13'),(561,'image','[\"cities\\/c-1672.png\"]',561,'Botble\\Location\\Models\\City','2022-01-19 07:30:13','2022-01-19 07:30:13'),(562,'image','[\"cities\\/c-1674.png\"]',562,'Botble\\Location\\Models\\City','2022-01-19 07:30:13','2022-01-19 07:30:13'),(563,'image','[\"cities\\/c-1684.png\"]',563,'Botble\\Location\\Models\\City','2022-01-19 07:30:13','2022-01-19 07:30:13'),(564,'image','[\"cities\\/c-1832.png\"]',564,'Botble\\Location\\Models\\City','2022-01-19 07:30:14','2022-01-19 07:30:14'),(565,'image','[\"cities\\/c-1980.png\"]',565,'Botble\\Location\\Models\\City','2022-01-19 07:30:14','2022-01-19 07:30:14'),(566,'image','[\"cities\\/c-1997.png\"]',566,'Botble\\Location\\Models\\City','2022-01-19 07:30:14','2022-01-19 07:30:14'),(567,'image','[\"cities\\/c-2016.png\"]',567,'Botble\\Location\\Models\\City','2022-01-19 07:30:14','2022-01-19 07:30:14'),(588,'header_layout','[\"layout-1\"]',1,'Botble\\RealEstate\\Models\\Property','2022-01-19 07:36:14','2022-01-19 07:36:14'),(589,'video_url','[\"https:\\/\\/www.youtube.com\\/watch?v=0I647GU3Jsc\"]',1,'Botble\\RealEstate\\Models\\Property','2022-01-19 07:36:14','2022-01-19 07:36:14'),(590,'header_layout','[\"layout-2\"]',2,'Botble\\RealEstate\\Models\\Property','2022-01-19 07:36:14','2022-01-19 07:36:14'),(591,'video_url','[\"https:\\/\\/www.youtube.com\\/watch?v=0I647GU3Jsc\"]',2,'Botble\\RealEstate\\Models\\Property','2022-01-19 07:36:14','2022-01-19 07:36:14'),(592,'header_layout','[\"layout-3\"]',3,'Botble\\RealEstate\\Models\\Property','2022-01-19 07:36:14','2022-01-19 07:36:14'),(593,'video_url','[\"https:\\/\\/www.youtube.com\\/watch?v=U05fwua9-D4\"]',3,'Botble\\RealEstate\\Models\\Property','2022-01-19 07:36:14','2022-01-19 07:36:14'),(594,'video_url','[\"https:\\/\\/www.youtube.com\\/watch?v=U05fwua9-D4\"]',4,'Botble\\RealEstate\\Models\\Property','2022-01-19 07:36:14','2022-01-19 07:36:14'),(595,'video_url','[\"https:\\/\\/www.youtube.com\\/watch?v=0I647GU3Jsc\"]',5,'Botble\\RealEstate\\Models\\Property','2022-01-19 07:36:14','2022-01-19 07:36:14'),(596,'video_url','[\"https:\\/\\/www.youtube.com\\/watch?v=0I647GU3Jsc\"]',6,'Botble\\RealEstate\\Models\\Property','2022-01-19 07:36:14','2022-01-19 07:36:14'),(597,'video_url','[\"https:\\/\\/www.youtube.com\\/watch?v=U05fwua9-D4\"]',7,'Botble\\RealEstate\\Models\\Property','2022-01-19 07:36:15','2022-01-19 07:36:15'),(598,'video_url','[\"https:\\/\\/www.youtube.com\\/watch?v=0I647GU3Jsc\"]',8,'Botble\\RealEstate\\Models\\Property','2022-01-19 07:36:15','2022-01-19 07:36:15'),(599,'video_url','[\"https:\\/\\/www.youtube.com\\/watch?v=0I647GU3Jsc\"]',9,'Botble\\RealEstate\\Models\\Property','2022-01-19 07:36:15','2022-01-19 07:36:15'),(600,'video_url','[\"https:\\/\\/www.youtube.com\\/watch?v=U05fwua9-D4\"]',10,'Botble\\RealEstate\\Models\\Property','2022-01-19 07:36:15','2022-01-19 07:36:15'),(601,'video_url','[\"https:\\/\\/www.youtube.com\\/watch?v=0I647GU3Jsc\"]',11,'Botble\\RealEstate\\Models\\Property','2022-01-19 07:36:15','2022-01-19 07:36:15'),(602,'video_url','[\"https:\\/\\/www.youtube.com\\/watch?v=0I647GU3Jsc\"]',12,'Botble\\RealEstate\\Models\\Property','2022-01-19 07:36:15','2022-01-19 07:36:15'),(603,'video_url','[\"https:\\/\\/www.youtube.com\\/watch?v=0I647GU3Jsc\"]',13,'Botble\\RealEstate\\Models\\Property','2022-01-19 07:36:15','2022-01-19 07:36:15'),(604,'video_url','[\"https:\\/\\/www.youtube.com\\/watch?v=0I647GU3Jsc\"]',14,'Botble\\RealEstate\\Models\\Property','2022-01-19 07:36:15','2022-01-19 07:36:15'),(605,'video_url','[\"https:\\/\\/www.youtube.com\\/watch?v=U05fwua9-D4\"]',15,'Botble\\RealEstate\\Models\\Property','2022-01-19 07:36:15','2022-01-19 07:36:15'),(606,'video_url','[\"https:\\/\\/www.youtube.com\\/watch?v=0I647GU3Jsc\"]',16,'Botble\\RealEstate\\Models\\Property','2022-01-19 07:36:16','2022-01-19 07:36:16'),(607,'video_url','[\"https:\\/\\/www.youtube.com\\/watch?v=0I647GU3Jsc\"]',17,'Botble\\RealEstate\\Models\\Property','2022-01-19 07:36:16','2022-01-19 07:36:16');
/*!40000 ALTER TABLE `meta_boxes` ENABLE KEYS */;
UNLOCK TABLES;

--
-- Table structure for table `migrations`
--

DROP TABLE IF EXISTS `migrations`;
/*!40101 SET @saved_cs_client     = @@character_set_client */;
/*!50503 SET character_set_client = utf8mb4 */;
CREATE TABLE `migrations` (
  `id` int(10) unsigned NOT NULL AUTO_INCREMENT,
  `migration` varchar(191) COLLATE utf8mb4_unicode_ci NOT NULL,
  `batch` int(11) NOT NULL,
  PRIMARY KEY (`id`)
) ENGINE=InnoDB AUTO_INCREMENT=56 DEFAULT CHARSET=utf8mb4 COLLATE=utf8mb4_unicode_ci;
/*!40101 SET character_set_client = @saved_cs_client */;

--
-- Dumping data for table `migrations`
--

LOCK TABLES `migrations` WRITE;
/*!40000 ALTER TABLE `migrations` DISABLE KEYS */;
INSERT INTO `migrations` VALUES (1,'2013_04_09_032329_create_base_tables',1),(2,'2013_04_09_062329_create_revisions_table',1),(3,'2014_10_12_000000_create_users_table',1),(4,'2014_10_12_100000_create_password_resets_table',1),(5,'2016_06_01_000001_create_oauth_auth_codes_table',1),(6,'2016_06_01_000002_create_oauth_access_tokens_table',1),(7,'2016_06_01_000003_create_oauth_refresh_tokens_table',1),(8,'2016_06_01_000004_create_oauth_clients_table',1),(9,'2016_06_01_000005_create_oauth_personal_access_clients_table',1),(10,'2016_06_10_230148_create_acl_tables',1),(11,'2016_06_14_230857_create_menus_table',1),(12,'2016_06_28_221418_create_pages_table',1),(13,'2016_10_05_074239_create_setting_table',1),(14,'2016_11_28_032840_create_dashboard_widget_tables',1),(15,'2016_12_16_084601_create_widgets_table',1),(16,'2017_05_09_070343_create_media_tables',1),(17,'2017_11_03_070450_create_slug_table',1),(18,'2019_01_05_053554_create_jobs_table',1),(19,'2019_05_03_000001_create_customer_columns',1),(20,'2019_05_03_000002_create_subscriptions_table',1),(21,'2019_05_03_000003_create_subscription_items_table',1),(22,'2019_08_19_000000_create_failed_jobs_table',1),(23,'2015_06_29_025744_create_audit_history',2),(24,'2017_02_13_034601_create_blocks_table',3),(25,'2021_12_03_081327_create_blocks_translations',3),(26,'2015_06_18_033822_create_blog_table',4),(27,'2021_02_16_092633_remove_default_value_for_author_type',4),(28,'2021_12_03_030600_create_blog_translations',4),(29,'2016_06_17_091537_create_contacts_table',5),(30,'2016_10_03_032336_create_languages_table',6),(31,'2021_10_25_021023_fix-priority-load-for-language-advanced',7),(32,'2021_12_03_075608_create_page_translations',7),(33,'2019_11_18_061011_create_country_table',8),(34,'2021_06_19_035514_update_city_table',8),(35,'2021_07_08_031045_remove_column_slug_from_cities_table',8),(36,'2021_12_03_084118_create_location_translations',8),(37,'2021_12_03_094518_migrate_old_location_data',8),(38,'2021_12_10_034440_switch_plugin_location_to_use_language_advanced',8),(39,'2022_01_19_045455_add_slug_for_table_cities',8),(40,'2017_10_24_154832_create_newsletter_table',9),(41,'2017_05_18_080441_create_payment_tables',10),(42,'2021_03_27_144913_add_customer_type_into_table_payments',10),(43,'2021_05_24_034720_make_column_currency_nullable',10),(44,'2021_08_09_161302_add_metadata_column_to_payments_table',10),(45,'2021_10_19_020859_update_metadata_field',10),(46,'2018_06_22_032304_create_real_estate_table',11),(47,'2021_10_04_145603_update_package_multilanguage',11),(48,'2021_10_24_040004_add_code_table_re_property_types',11),(49,'2021_12_03_151812_add_parent_id_to_re_categories_table',11),(50,'2021_12_04_155038_add_subcategory_id_to_re_propeties_table',11),(51,'2021_12_10_034807_create_real_estate_translation_tables',11),(52,'2017_07_11_140018_create_simple_slider_table',12),(53,'2018_07_09_214610_create_testimonial_table',13),(54,'2021_12_03_083642_create_testimonials_translations',13),(55,'2016_10_07_193005_create_translations_table',14);
/*!40000 ALTER TABLE `migrations` ENABLE KEYS */;
UNLOCK TABLES;

--
-- Table structure for table `newsletters`
--

DROP TABLE IF EXISTS `newsletters`;
/*!40101 SET @saved_cs_client     = @@character_set_client */;
/*!50503 SET character_set_client = utf8mb4 */;
CREATE TABLE `newsletters` (
  `id` bigint(20) unsigned NOT NULL AUTO_INCREMENT,
  `email` varchar(120) COLLATE utf8mb4_unicode_ci NOT NULL,
  `name` varchar(120) COLLATE utf8mb4_unicode_ci DEFAULT NULL,
  `status` varchar(60) COLLATE utf8mb4_unicode_ci NOT NULL DEFAULT 'subscribed',
  `created_at` timestamp NULL DEFAULT NULL,
  `updated_at` timestamp NULL DEFAULT NULL,
  PRIMARY KEY (`id`)
) ENGINE=InnoDB DEFAULT CHARSET=utf8mb4 COLLATE=utf8mb4_unicode_ci;
/*!40101 SET character_set_client = @saved_cs_client */;

--
-- Dumping data for table `newsletters`
--

LOCK TABLES `newsletters` WRITE;
/*!40000 ALTER TABLE `newsletters` DISABLE KEYS */;
/*!40000 ALTER TABLE `newsletters` ENABLE KEYS */;
UNLOCK TABLES;

--
-- Table structure for table `oauth_access_tokens`
--

DROP TABLE IF EXISTS `oauth_access_tokens`;
/*!40101 SET @saved_cs_client     = @@character_set_client */;
/*!50503 SET character_set_client = utf8mb4 */;
CREATE TABLE `oauth_access_tokens` (
  `id` varchar(100) COLLATE utf8mb4_unicode_ci NOT NULL,
  `user_id` bigint(20) unsigned DEFAULT NULL,
  `client_id` bigint(20) unsigned NOT NULL,
  `name` varchar(191) COLLATE utf8mb4_unicode_ci DEFAULT NULL,
  `scopes` text COLLATE utf8mb4_unicode_ci,
  `revoked` tinyint(1) NOT NULL,
  `created_at` timestamp NULL DEFAULT NULL,
  `updated_at` timestamp NULL DEFAULT NULL,
  `expires_at` datetime DEFAULT NULL,
  PRIMARY KEY (`id`),
  KEY `oauth_access_tokens_user_id_index` (`user_id`)
) ENGINE=InnoDB DEFAULT CHARSET=utf8mb4 COLLATE=utf8mb4_unicode_ci;
/*!40101 SET character_set_client = @saved_cs_client */;

--
-- Dumping data for table `oauth_access_tokens`
--

LOCK TABLES `oauth_access_tokens` WRITE;
/*!40000 ALTER TABLE `oauth_access_tokens` DISABLE KEYS */;
/*!40000 ALTER TABLE `oauth_access_tokens` ENABLE KEYS */;
UNLOCK TABLES;

--
-- Table structure for table `oauth_auth_codes`
--

DROP TABLE IF EXISTS `oauth_auth_codes`;
/*!40101 SET @saved_cs_client     = @@character_set_client */;
/*!50503 SET character_set_client = utf8mb4 */;
CREATE TABLE `oauth_auth_codes` (
  `id` varchar(100) COLLATE utf8mb4_unicode_ci NOT NULL,
  `user_id` bigint(20) unsigned NOT NULL,
  `client_id` bigint(20) unsigned NOT NULL,
  `scopes` text COLLATE utf8mb4_unicode_ci,
  `revoked` tinyint(1) NOT NULL,
  `expires_at` datetime DEFAULT NULL,
  PRIMARY KEY (`id`),
  KEY `oauth_auth_codes_user_id_index` (`user_id`)
) ENGINE=InnoDB DEFAULT CHARSET=utf8mb4 COLLATE=utf8mb4_unicode_ci;
/*!40101 SET character_set_client = @saved_cs_client */;

--
-- Dumping data for table `oauth_auth_codes`
--

LOCK TABLES `oauth_auth_codes` WRITE;
/*!40000 ALTER TABLE `oauth_auth_codes` DISABLE KEYS */;
/*!40000 ALTER TABLE `oauth_auth_codes` ENABLE KEYS */;
UNLOCK TABLES;

--
-- Table structure for table `oauth_clients`
--

DROP TABLE IF EXISTS `oauth_clients`;
/*!40101 SET @saved_cs_client     = @@character_set_client */;
/*!50503 SET character_set_client = utf8mb4 */;
CREATE TABLE `oauth_clients` (
  `id` bigint(20) unsigned NOT NULL AUTO_INCREMENT,
  `user_id` bigint(20) unsigned DEFAULT NULL,
  `name` varchar(191) COLLATE utf8mb4_unicode_ci NOT NULL,
  `secret` varchar(100) COLLATE utf8mb4_unicode_ci DEFAULT NULL,
  `provider` varchar(191) COLLATE utf8mb4_unicode_ci DEFAULT NULL,
  `redirect` text COLLATE utf8mb4_unicode_ci NOT NULL,
  `personal_access_client` tinyint(1) NOT NULL,
  `password_client` tinyint(1) NOT NULL,
  `revoked` tinyint(1) NOT NULL,
  `created_at` timestamp NULL DEFAULT NULL,
  `updated_at` timestamp NULL DEFAULT NULL,
  PRIMARY KEY (`id`),
  KEY `oauth_clients_user_id_index` (`user_id`)
) ENGINE=InnoDB DEFAULT CHARSET=utf8mb4 COLLATE=utf8mb4_unicode_ci;
/*!40101 SET character_set_client = @saved_cs_client */;

--
-- Dumping data for table `oauth_clients`
--

LOCK TABLES `oauth_clients` WRITE;
/*!40000 ALTER TABLE `oauth_clients` DISABLE KEYS */;
/*!40000 ALTER TABLE `oauth_clients` ENABLE KEYS */;
UNLOCK TABLES;

--
-- Table structure for table `oauth_personal_access_clients`
--

DROP TABLE IF EXISTS `oauth_personal_access_clients`;
/*!40101 SET @saved_cs_client     = @@character_set_client */;
/*!50503 SET character_set_client = utf8mb4 */;
CREATE TABLE `oauth_personal_access_clients` (
  `id` bigint(20) unsigned NOT NULL AUTO_INCREMENT,
  `client_id` bigint(20) unsigned NOT NULL,
  `created_at` timestamp NULL DEFAULT NULL,
  `updated_at` timestamp NULL DEFAULT NULL,
  PRIMARY KEY (`id`)
) ENGINE=InnoDB DEFAULT CHARSET=utf8mb4 COLLATE=utf8mb4_unicode_ci;
/*!40101 SET character_set_client = @saved_cs_client */;

--
-- Dumping data for table `oauth_personal_access_clients`
--

LOCK TABLES `oauth_personal_access_clients` WRITE;
/*!40000 ALTER TABLE `oauth_personal_access_clients` DISABLE KEYS */;
/*!40000 ALTER TABLE `oauth_personal_access_clients` ENABLE KEYS */;
UNLOCK TABLES;

--
-- Table structure for table `oauth_refresh_tokens`
--

DROP TABLE IF EXISTS `oauth_refresh_tokens`;
/*!40101 SET @saved_cs_client     = @@character_set_client */;
/*!50503 SET character_set_client = utf8mb4 */;
CREATE TABLE `oauth_refresh_tokens` (
  `id` varchar(100) COLLATE utf8mb4_unicode_ci NOT NULL,
  `access_token_id` varchar(100) COLLATE utf8mb4_unicode_ci NOT NULL,
  `revoked` tinyint(1) NOT NULL,
  `expires_at` datetime DEFAULT NULL,
  PRIMARY KEY (`id`),
  KEY `oauth_refresh_tokens_access_token_id_index` (`access_token_id`)
) ENGINE=InnoDB DEFAULT CHARSET=utf8mb4 COLLATE=utf8mb4_unicode_ci;
/*!40101 SET character_set_client = @saved_cs_client */;

--
-- Dumping data for table `oauth_refresh_tokens`
--

LOCK TABLES `oauth_refresh_tokens` WRITE;
/*!40000 ALTER TABLE `oauth_refresh_tokens` DISABLE KEYS */;
/*!40000 ALTER TABLE `oauth_refresh_tokens` ENABLE KEYS */;
UNLOCK TABLES;

--
-- Table structure for table `pages`
--

DROP TABLE IF EXISTS `pages`;
/*!40101 SET @saved_cs_client     = @@character_set_client */;
/*!50503 SET character_set_client = utf8mb4 */;
CREATE TABLE `pages` (
  `id` bigint(20) unsigned NOT NULL AUTO_INCREMENT,
  `name` varchar(120) COLLATE utf8mb4_unicode_ci NOT NULL,
  `content` longtext COLLATE utf8mb4_unicode_ci,
  `user_id` int(11) NOT NULL,
  `image` varchar(255) COLLATE utf8mb4_unicode_ci DEFAULT NULL,
  `template` varchar(60) COLLATE utf8mb4_unicode_ci DEFAULT NULL,
  `is_featured` tinyint(4) NOT NULL DEFAULT '0',
  `description` varchar(400) COLLATE utf8mb4_unicode_ci DEFAULT NULL,
  `status` varchar(60) COLLATE utf8mb4_unicode_ci NOT NULL DEFAULT 'published',
  `created_at` timestamp NULL DEFAULT NULL,
  `updated_at` timestamp NULL DEFAULT NULL,
  PRIMARY KEY (`id`)
) ENGINE=InnoDB AUTO_INCREMENT=17 DEFAULT CHARSET=utf8mb4 COLLATE=utf8mb4_unicode_ci;
/*!40101 SET character_set_client = @saved_cs_client */;

--
-- Dumping data for table `pages`
--

LOCK TABLES `pages` WRITE;
/*!40000 ALTER TABLE `pages` DISABLE KEYS */;
INSERT INTO `pages` VALUES (1,'Home','<div>[hero-banner title=\"Find accessible homes to rent\" bg=\"banners/banner-1.jpg\"][/hero-banner]</div><div>[static-block alias=\"how-it-works\"][/static-block]</div><div>[featured-properties title=\"Explore Good Places\" limit=\"6\" style=\"2\"]At vero eos et accusamus et iusto odio dignissimos ducimus qui blanditiis praesentium voluptatum deleniti atque corrupti quos dolores[/featured-properties]</div><div>[properties-by-locations title=\"Find By Locations\"]At vero eos et accusamus et iusto odio dignissimos ducimus qui blanditiis praesentium voluptatum deleniti atque corrupti quos dolores[/properties-by-locations]</div><div>[testimonials title=\"Good Reviews By Customers\" description=\"At vero eos et accusamus et iusto odio dignissimos ducimus qui blanditiis praesentium voluptatum deleniti atque corrupti quos dolores\"][/testimonials]</div><div>[our-packages title=\"See Our Packages\" description=\"At vero eos et accusamus et iusto odio dignissimos ducimus qui blanditiis praesentium voluptatum deleniti atque corrupti quos dolores\"][/our-packages]</div><div>[recently-viewed-properties title=\"Recently Viewed Properties\" subtitle=\"Your currently viewed properties.\"][/recently-viewed-properties]</div>',1,NULL,'homepage',0,NULL,'published','2022-01-19 07:35:42','2022-01-19 07:35:42'),(2,'Home layout 2','<div>[hero-banner title=\"Find accessible homes to rent\" bg=\"banners/banner-svg.jpg\" style=\"2\"]Find Your Perfect Place.[/hero-banner]</div><div>[static-block alias=\"achievement\"][/static-block]</div><div>[properties-slide title=\"Recent Property For Rent\" limit=\"6\"]At vero eos et accusamus et iusto odio dignissimos ducimus qui blanditiis praesentium voluptatum deleniti atque corrupti quos dolores[/properties-slide]</div><div>[featured-properties title=\"Featured Property For Sale\" limit=\"6\" style=\"1\"]At vero eos et accusamus et iusto odio dignissimos ducimus qui blanditiis praesentium voluptatum deleniti atque corrupti quos dolores[/featured-properties]</div><div>[featured-agents title=\"Explore Featured Agents\"]At vero eos et accusamus et iusto odio dignissimos ducimus qui blanditiis praesentium voluptatum deleniti atque corrupti quos dolores[/featured-agents]</div><div>[testimonials title=\"Good Reviews By Customers\" description=\"At vero eos et accusamus et iusto odio dignissimos ducimus qui blanditiis praesentium voluptatum deleniti atque corrupti quos dolores\"][/testimonials]</div><div>[our-packages title=\"See Our Packages\" description=\"At vero eos et accusamus et iusto odio dignissimos ducimus qui blanditiis praesentium voluptatum deleniti atque corrupti quos dolores\"][/our-packages]</div><div>[static-block alias=\"download-app\"][/static-block]</div>',1,NULL,'homepage',0,NULL,'published','2022-01-19 07:35:42','2022-01-19 07:35:42'),(3,'Home layout 3','<div>[hero-banner title=\"Find Your Property\" bg=\"banners/banner-3.jpg\" style=\"3\" overlay=\"6\"]From as low as $10 per day with limited time offer[/hero-banner]</div><div>[featured-properties title=\"Explore Good Places\" limit=\"6\" style=\"2\"]At vero eos et accusamus et iusto odio dignissimos ducimus qui blanditiis praesentium voluptatum deleniti atque corrupti quos dolores[/featured-properties]</div><div>[properties-by-locations title=\"Find By Locations\"]At vero eos et accusamus et iusto odio dignissimos ducimus qui blanditiis praesentium voluptatum deleniti atque corrupti quos dolores[/properties-by-locations]</div><div>[static-block alias=\"how-it-works\"][/static-block]</div><div>[testimonials title=\"Good Reviews By Customers\" description=\"At vero eos et accusamus et iusto odio dignissimos ducimus qui blanditiis praesentium voluptatum deleniti atque corrupti quos dolores\"][/testimonials]</div><div>[our-packages title=\"See Our Packages\" description=\"At vero eos et accusamus et iusto odio dignissimos ducimus qui blanditiis praesentium voluptatum deleniti atque corrupti quos dolores\"][/our-packages]</div><div>[cover-banner title=\"Search Perfect Place In Your City\" bg=\"banners/banner-2.jpg\" btntext=\"Explore More Property\" btnlink=\"#\"]We post regulary most powerful articles for help and support.[/cover-banner]</div><div>[latest-news title=\"News By Resido,3\"]At vero eos et accusamus et iusto odio dignissimos ducimus qui blanditiis praesentium voluptatum deleniti atque corrupti quos dolores[/latest-news]</div>',1,NULL,'homepage',0,NULL,'published','2022-01-19 07:35:42','2022-01-19 07:35:42'),(4,'Home layout 4','<div>[hero-banner title=\"Find Your Place<br>of Dream\" bg=\"banners/banner-6.png\" style=\"4\"]Amet consectetur adipisicing <span class=\"badge badge-success\">New</span>[/hero-banner]</div><div>[static-block alias=\"achievement\"][/static-block]</div><div>[properties-slide title=\"Recent Property For Rent\" limit=\"6\" style=\"1\"]At vero eos et accusamus et iusto odio dignissimos ducimus qui blanditiis praesentium voluptatum deleniti atque corrupti quos dolores[/properties-slide]</div><div>[featured-properties title=\"Explore Good Places\" limit=\"6\"]At vero eos et accusamus et iusto odio dignissimos ducimus qui blanditiis praesentium voluptatum deleniti atque corrupti quos dolores[/featured-properties]</div><div>[static-block alias=\"how-it-works\"][/static-block]</div><div>[testimonials title=\"Good Reviews By Customers\" description=\"At vero eos et accusamus et iusto odio dignissimos ducimus qui blanditiis praesentium voluptatum deleniti atque corrupti quos dolores\"][/testimonials]</div><div>[our-packages title=\"See Our Packages\" description=\"At vero eos et accusamus et iusto odio dignissimos ducimus qui blanditiis praesentium voluptatum deleniti atque corrupti quos dolores\"][/our-packages]</div><div>[static-block alias=\"download-app\"][/static-block]</div>',1,NULL,'homepage',0,NULL,'published','2022-01-19 07:35:42','2022-01-19 07:35:42'),(5,'Home layout 5','<div>[hero-banner title=\"Find Your Perfect Place.\" bg=\"banners/home-2.png\" style=\"5\"]Amet consectetur adipisicing New[/hero-banner]</div><div>[featured-properties title=\"Explore Good Places\" limit=\"6\" style=\"2\"]At vero eos et accusamus et iusto odio dignissimos ducimus qui blanditiis praesentium voluptatum deleniti atque corrupti quos dolores[/featured-properties]</div><div>[properties-by-locations title=\"Find By Locations\"]At vero eos et accusamus et iusto odio dignissimos ducimus qui blanditiis praesentium voluptatum deleniti atque corrupti quos dolores[/properties-by-locations]</div><div>[featured-properties title=\"Explore Good Places\" limit=\"6\" style=\"1\"]At vero eos et accusamus et iusto odio dignissimos ducimus qui blanditiis praesentium voluptatum deleniti atque corrupti quos dolores[/featured-properties]</div><div>[testimonials title=\"Good Reviews By Customers\" description=\"At vero eos et accusamus et iusto odio dignissimos ducimus qui blanditiis praesentium voluptatum deleniti atque corrupti quos dolores\"][/testimonials]</div><div>[our-packages title=\"See Our Packages\" description=\"At vero eos et accusamus et iusto odio dignissimos ducimus qui blanditiis praesentium voluptatum deleniti atque corrupti quos dolores\"][/our-packages]</div><div>[static-block alias=\"download-app\"][/static-block]</div>',1,NULL,'homepage',0,NULL,'published','2022-01-19 07:35:42','2022-01-19 07:35:42'),(6,'Home layout 6','<div>[hero-banner title=\"Amet consectetur adipisicing\" bg=\"banners/banner-6.png\" style=\"6\"]Find Your Place <br>Of Dream[/hero-banner]</div><div>[static-block alias=\"achievement\"][/static-block]</div><div>[properties-slide title=\"Recent Property For Rent\" limit=\"6\" style=\"1\"]At vero eos et accusamus et iusto odio dignissimos ducimus qui blanditiis praesentium voluptatum deleniti atque corrupti quos dolores[/properties-slide]</div><div>[properties-by-locations title=\"Find By Locations\"]At vero eos et accusamus et iusto odio dignissimos ducimus qui blanditiis praesentium voluptatum deleniti atque corrupti quos dolores[/properties-by-locations]</div><div>[featured-properties title=\"Explore Good Places\" limit=\"8\" style=\"1\"]At vero eos et accusamus et iusto odio dignissimos ducimus qui blanditiis praesentium voluptatum deleniti atque corrupti quos dolores[/featured-properties]</div><div>[static-block alias=\"how-it-works\"][/static-block]</div><div>[testimonials title=\"Good Reviews By Customers\" description=\"At vero eos et accusamus et iusto odio dignissimos ducimus qui blanditiis praesentium voluptatum deleniti atque corrupti quos dolores\"][/testimonials]</div><div>[our-packages title=\"See Our Packages\" description=\"At vero eos et accusamus et iusto odio dignissimos ducimus qui blanditiis praesentium voluptatum deleniti atque corrupti quos dolores\"][/our-packages]</div><div>[static-block alias=\"download-app\"][/static-block]</div>',1,NULL,'homepage',0,NULL,'published','2022-01-19 07:35:42','2022-01-19 07:35:42'),(7,'Home layout 7','<div>[hero-banner title=\"Find accessible homes to rent\" bg=\"banners/banner-1.jpg\"]</div><div>[featured-properties title=\"Explore Good Places\" limit=\"6\" style=\"1\"]At vero eos et accusamus et iusto odio dignissimos ducimus qui blanditiis praesentium voluptatum deleniti atque corrupti quos dolores[/featured-properties]</div><div>[properties-by-locations title=\"Find By Locations\"]At vero eos et accusamus et iusto odio dignissimos ducimus qui blanditiis praesentium voluptatum deleniti atque corrupti quos dolores[/properties-by-locations]</div><div>[static-block alias=\"how-it-works\"][/static-block]</div><div>[cover-banner title=\"Search Perfect Place In Your City\" bg=\"banners/banner-2.jpg\" btntext=\"Explore More Property\" btnlink=\"#\"]We post regulary most powerful articles for help and support.[/cover-banner]</div><div>[latest-news title=\"News By Resido,3\"]At vero eos et accusamus et iusto odio dignissimos ducimus qui blanditiis praesentium voluptatum deleniti atque corrupti quos dolores[/latest-news]</div>',1,NULL,'homepage',0,NULL,'published','2022-01-19 07:35:43','2022-01-19 07:35:43'),(8,'Home layout 8','<div>[properties-hero-slide limit=\"6\"][/properties-hero-slide]</div><div>[static-block alias=\"how-it-works\"][/static-block]</div><div>[featured-properties title=\"Explore Good Places\" limit=\"6\" style=\"2\"]At vero eos et accusamus et iusto odio dignissimos ducimus qui blanditiis praesentium voluptatum deleniti atque corrupti quos dolores[/featured-properties]</div><div>[properties-by-locations title=\"Find By Locations\"]At vero eos et accusamus et iusto odio dignissimos ducimus qui blanditiis praesentium voluptatum deleniti atque corrupti quos dolores[/properties-by-locations]</div><div>[testimonials title=\"Good Reviews By Customers\" description=\"At vero eos et accusamus et iusto odio dignissimos ducimus qui blanditiis praesentium voluptatum deleniti atque corrupti quos dolores\"][/testimonials]</div><div>[our-packages title=\"See Our Packages\" description=\"At vero eos et accusamus et iusto odio dignissimos ducimus qui blanditiis praesentium voluptatum deleniti atque corrupti quos dolores\"][/our-packages]</div>',1,NULL,'homepage',0,NULL,'published','2022-01-19 07:35:43','2022-01-19 07:35:43'),(9,'Home layout 9','<div>[hero-banner title=\"Find accessible homes to rent\" bg=\"banners/new-banner.jpg\" style=\"2\"]Find Your Perfect Place.[/hero-banner]</div><div>[static-block alias=\"achievement\"][/static-block]</div><div>[properties-slide title=\"Recent Property For Rent\" limit=\"6\"]At vero eos et accusamus et iusto odio dignissimos ducimus qui blanditiis praesentium voluptatum deleniti atque corrupti quos dolores[/properties-slide]</div><div>[featured-properties title=\"Explore Good Places\" limit=\"6\"]At vero eos et accusamus et iusto odio dignissimos ducimus qui blanditiis praesentium voluptatum deleniti atque corrupti quos dolores[/featured-properties]</div><div>[featured-agents title=\"Explore Featured Agents\"]At vero eos et accusamus et iusto odio dignissimos ducimus qui blanditiis praesentium voluptatum deleniti atque corrupti quos dolores[/featured-agents]</div><div>[testimonials title=\"Good Reviews By Customers\" description=\"At vero eos et accusamus et iusto odio dignissimos ducimus qui blanditiis praesentium voluptatum deleniti atque corrupti quos dolores\"][/testimonials]</div><div>[our-packages title=\"See Our Packages\" description=\"At vero eos et accusamus et iusto odio dignissimos ducimus qui blanditiis praesentium voluptatum deleniti atque corrupti quos dolores\"][/our-packages]</div><div>[static-block alias=\"download-app\"][/static-block]</div>',1,NULL,'homepage',0,NULL,'published','2022-01-19 07:35:43','2022-01-19 07:35:43'),(10,'Map Home layout','<div>[hero-banner-style-map][/hero-banner-style-map]</div><div>[static-block alias=\"achievement\"][/static-block]</div><div>[properties-slide title=\"Recent Property For Rent\" limit=\"6\"]At vero eos et accusamus et iusto odio dignissimos ducimus qui blanditiis praesentium voluptatum deleniti atque corrupti quos dolores[/properties-slide]</div><div>[featured-properties title=\"Explore Good Places\" limit=\"6\"]At vero eos et accusamus et iusto odio dignissimos ducimus qui blanditiis praesentium voluptatum deleniti atque corrupti quos dolores[/featured-properties]</div><div>[static-block alias=\"how-it-works\"][/static-block]</div><div>[testimonials title=\"Good Reviews By Customers\" description=\"At vero eos et accusamus et iusto odio dignissimos ducimus qui blanditiis praesentium voluptatum deleniti atque corrupti quos dolores\"][/testimonials]</div><div>[our-packages title=\"See Our Packages\" description=\"At vero eos et accusamus et iusto odio dignissimos ducimus qui blanditiis praesentium voluptatum deleniti atque corrupti quos dolores\"][/our-packages]</div><div>[static-block alias=\"download-app\"][/static-block]</div>',1,NULL,'homepage',0,NULL,'published','2022-01-19 07:35:43','2022-01-19 07:35:43'),(11,'Properties','---',1,NULL,'default',0,NULL,'published','2022-01-19 07:35:43','2022-01-19 07:35:43'),(12,'News',' ',1,NULL,'default',0,'See Our Latest Articles & News','published','2022-01-19 07:35:43','2022-01-19 07:35:43'),(13,'About us','<div>[static-block alias=\"our-story\"][/static-block]</div><div>[static-block alias=\"our-mission\"][/static-block]</div>',1,NULL,'default',0,'Who we are & our mission','published','2022-01-19 07:35:43','2022-01-19 07:35:43'),(14,'Contact','<p>[contact-form][/contact-form]<br />\n                            &nbsp;</p>\n\n                            <h3>Directions</h3>\n\n                            <p>[google-map]North Link Building, 10 Admiralty Street, 757695 Singapore[/google-map]</p>\n\n                            <p>&nbsp;</p>',1,NULL,'default',0,NULL,'published','2022-01-19 07:35:43','2022-01-19 07:35:43'),(15,'Terms & Conditions','<p style=\"text-align: justify;\"><span style=\"font-size:16px;\"><span style=\"font-family:Arial,Helvetica,sans-serif;\">Access to and use of the Resido website is subject to the following terms, conditions, and relevant laws of Vietnam.</span></span></p>\n\n                    <h4 style=\"text-align: justify;\"><span style=\"font-size:18px;\"><span style=\"font-family:Arial,Helvetica,sans-serif;\"><strong>1. Copyright</strong></span></span></h4>\n\n                    <p style=\"text-align: justify;\"><span style=\"font-size:16px;\"><span style=\"font-family:Arial,Helvetica,sans-serif;\">Copyrights and other intellectual property rights to all text, images, audio, software and other content on this site are owned by Resido and its affiliates. Users are allowed to view the contents of the website, cite the contents by printing, downloading the hard disk and distributing it to others for non-commercial purposes, providing information or personal purposes. </span></span><span style=\"font-size:16px;\"><span style=\"font-family:Arial,Helvetica,sans-serif;\">Any content from this site may not be used for sale or distribution for profit, nor may it be edited or included in any other publication or website.</span></span></p>\n\n                    <h4 style=\"text-align: justify;\"><span style=\"font-size:18px;\"><span style=\"font-family:Arial,Helvetica,sans-serif;\"><strong>2. Content</strong></span></span></h4>\n\n                    <p style=\"text-align: justify;\"><span style=\"font-size:16px;\"><span style=\"font-family:Arial,Helvetica,sans-serif;\">The information on this website is compiled with great confidence but for general information research purposes only. While we endeavor to maintain updated and accurate information, we make no representations or warranties in any manner regarding completeness, accuracy, reliability, appropriateness or availability in relation to web site, or related information, product, service, or image within the website for any purpose. </span></span></p>\n\n                        <p style=\"text-align: justify;\"><span style=\"font-size:16px;\"><span style=\"font-family:Arial,Helvetica,sans-serif;\">Resido and its employees, managers, and agents are not responsible for any loss, damage or expense incurred as a result of accessing and using this website and the sites. </span></span><span style=\"font-size:16px;\"><span style=\"font-family:Arial,Helvetica,sans-serif;\">The web is connected to it, including but not limited to, loss of profits, direct or indirect losses. We are also not responsible, or jointly responsible, if the site is temporarily inaccessible due to technical issues beyond our control. Any comments, suggestions, images, ideas and other information or materials that users submit to us through this site will become our exclusive property, including the right to may arise in the future associated with us.</span></span></p>\n\n                    <p style=\"text-align: center;\"><span style=\"font-size:16px;\"><span style=\"font-family:Arial,Helvetica,sans-serif;\"><img alt=\"\" src=\"https://flex-home.botble.com/storage/general/copyright.jpg\" style=\"width: 90%;\" /></span></span></p>\n\n                    <h4 style=\"text-align: justify;\"><span style=\"font-size:18px;\"><span style=\"font-family:Arial,Helvetica,sans-serif;\"><strong>3. Note on&nbsp;connected sites</strong></span></span></h4>\n\n                    <p style=\"text-align: justify;\"><span style=\"font-size:16px;\"><span style=\"font-family:Arial,Helvetica,sans-serif;\">At many points in the website, users can get links to other websites related to a specific aspect. This does not mean that we are related to the websites or companies that own these websites. Although we intend to connect users to sites of interest, we are not responsible or jointly responsible for our employees, managers, or representatives. with other websites and information contained therein.</span></span></p>\n                ',1,NULL,'default',0,'Copyrights and other intellectual property rights to all text, images, audio, software and other content on this site are owned by Resido and its affiliates. Users are allowed to view the contents of the website, cite the contents by printing, downloading the hard disk and distributing it to others for non-commercial purposes.','published','2022-01-19 07:35:43','2022-01-19 07:35:43'),(16,'Cookie Policy','<h3>EU Cookie Consent</h3><p>To use this website we are using Cookies and collecting some Data. To be compliant with the EU GDPR we give you to choose if you allow us to use certain Cookies and to collect some Data.</p><h4>Essential Data</h4><p>The Essential Data is needed to run the Site you are visiting technically. You can not deactivate them.</p><p>- Session Cookie: PHP uses a Cookie to identify user sessions. Without this Cookie the Website is not working.</p><p>- XSRF-Token Cookie: Laravel automatically generates a CSRF \"token\" for each active user session managed by the application. This token is used to verify that the authenticated user is the one actually making the requests to the application.</p>',1,NULL,'default',0,NULL,'published','2022-01-19 07:35:43','2022-01-19 07:35:43');
/*!40000 ALTER TABLE `pages` ENABLE KEYS */;
UNLOCK TABLES;

--
-- Table structure for table `pages_translations`
--

DROP TABLE IF EXISTS `pages_translations`;
/*!40101 SET @saved_cs_client     = @@character_set_client */;
/*!50503 SET character_set_client = utf8mb4 */;
CREATE TABLE `pages_translations` (
  `lang_code` varchar(191) COLLATE utf8mb4_unicode_ci NOT NULL,
  `pages_id` int(11) NOT NULL,
  `name` varchar(255) COLLATE utf8mb4_unicode_ci DEFAULT NULL,
  `description` varchar(400) COLLATE utf8mb4_unicode_ci DEFAULT NULL,
  `content` longtext COLLATE utf8mb4_unicode_ci,
  PRIMARY KEY (`lang_code`,`pages_id`)
) ENGINE=InnoDB DEFAULT CHARSET=utf8mb4 COLLATE=utf8mb4_unicode_ci;
/*!40101 SET character_set_client = @saved_cs_client */;

--
-- Dumping data for table `pages_translations`
--

LOCK TABLES `pages_translations` WRITE;
/*!40000 ALTER TABLE `pages_translations` DISABLE KEYS */;
INSERT INTO `pages_translations` VALUES ('vi',1,'Trang chủ',NULL,'<div>[hero-banner title=\"Find accessible homes to rent\" bg=\"banners/banner-1.jpg\"][/hero-banner]</div><div>[static-block alias=\"how-it-works\"][/static-block]</div><div>[featured-properties title=\"Explore Good Places\" limit=\"6\" style=\"2\"]At vero eos et accusamus et iusto odio dignissimos ducimus qui blanditiis praesentium voluptatum deleniti atque corrupti quos dolores[/featured-properties]</div><div>[properties-by-locations title=\"Find By Locations\"]At vero eos et accusamus et iusto odio dignissimos ducimus qui blanditiis praesentium voluptatum deleniti atque corrupti quos dolores[/properties-by-locations]</div><div>[testimonials title=\"Good Reviews By Customers\" description=\"At vero eos et accusamus et iusto odio dignissimos ducimus qui blanditiis praesentium voluptatum deleniti atque corrupti quos dolores\"][/testimonials]</div><div>[our-packages title=\"See Our Packages\" description=\"At vero eos et accusamus et iusto odio dignissimos ducimus qui blanditiis praesentium voluptatum deleniti atque corrupti quos dolores\"][/our-packages]</div><div>[recently-viewed-properties title=\"Recently Viewed Properties\" subtitle=\"Your currently viewed properties.\"][/recently-viewed-properties]</div>'),('vi',2,'Trang chủ 2',NULL,'<div>[hero-banner title=\"Find accessible homes to rent\" bg=\"banners/banner-svg.jpg\" style=\"2\"]Find Your Perfect Place.[/hero-banner]</div><div>[static-block alias=\"achievement\"][/static-block]</div><div>[properties-slide title=\"Recent Property For Rent\" limit=\"6\"]At vero eos et accusamus et iusto odio dignissimos ducimus qui blanditiis praesentium voluptatum deleniti atque corrupti quos dolores[/properties-slide]</div><div>[featured-properties title=\"Featured Property For Sale\" limit=\"6\" style=\"1\"]At vero eos et accusamus et iusto odio dignissimos ducimus qui blanditiis praesentium voluptatum deleniti atque corrupti quos dolores[/featured-properties]</div><div>[featured-agents title=\"Explore Featured Agents\"]At vero eos et accusamus et iusto odio dignissimos ducimus qui blanditiis praesentium voluptatum deleniti atque corrupti quos dolores[/featured-agents]</div><div>[testimonials title=\"Good Reviews By Customers\" description=\"At vero eos et accusamus et iusto odio dignissimos ducimus qui blanditiis praesentium voluptatum deleniti atque corrupti quos dolores\"][/testimonials]</div><div>[our-packages title=\"See Our Packages\" description=\"At vero eos et accusamus et iusto odio dignissimos ducimus qui blanditiis praesentium voluptatum deleniti atque corrupti quos dolores\"][/our-packages]</div><div>[static-block alias=\"download-app\"][/static-block]</div>'),('vi',3,'Trang chủ 3',NULL,'<div>[hero-banner title=\"Find Your Property\" bg=\"banners/banner-3.jpg\" style=\"3\" overlay=\"6\"]From as low as $10 per day with limited time offer[/hero-banner]</div><div>[featured-properties title=\"Explore Good Places\" limit=\"6\" style=\"2\"]At vero eos et accusamus et iusto odio dignissimos ducimus qui blanditiis praesentium voluptatum deleniti atque corrupti quos dolores[/featured-properties]</div><div>[properties-by-locations title=\"Find By Locations\"]At vero eos et accusamus et iusto odio dignissimos ducimus qui blanditiis praesentium voluptatum deleniti atque corrupti quos dolores[/properties-by-locations]</div><div>[static-block alias=\"how-it-works\"][/static-block]</div><div>[testimonials title=\"Good Reviews By Customers\" description=\"At vero eos et accusamus et iusto odio dignissimos ducimus qui blanditiis praesentium voluptatum deleniti atque corrupti quos dolores\"][/testimonials]</div><div>[our-packages title=\"See Our Packages\" description=\"At vero eos et accusamus et iusto odio dignissimos ducimus qui blanditiis praesentium voluptatum deleniti atque corrupti quos dolores\"][/our-packages]</div><div>[cover-banner title=\"Search Perfect Place In Your City\" bg=\"banners/banner-2.jpg\" btntext=\"Explore More Property\" btnlink=\"#\"]We post regulary most powerful articles for help and support.[/cover-banner]</div><div>[latest-news title=\"News By Resido,3\"]At vero eos et accusamus et iusto odio dignissimos ducimus qui blanditiis praesentium voluptatum deleniti atque corrupti quos dolores[/latest-news]</div>'),('vi',4,'Trang chủ 4',NULL,'<div>[hero-banner title=\"Find Your Place<br>of Dream\" bg=\"banners/banner-6.png\" style=\"4\"]Amet consectetur adipisicing <span class=\"badge badge-success\">New</span>[/hero-banner]</div><div>[static-block alias=\"achievement\"][/static-block]</div><div>[properties-slide title=\"Recent Property For Rent\" limit=\"6\" style=\"1\"]At vero eos et accusamus et iusto odio dignissimos ducimus qui blanditiis praesentium voluptatum deleniti atque corrupti quos dolores[/properties-slide]</div><div>[featured-properties title=\"Explore Good Places\" limit=\"6\"]At vero eos et accusamus et iusto odio dignissimos ducimus qui blanditiis praesentium voluptatum deleniti atque corrupti quos dolores[/featured-properties]</div><div>[static-block alias=\"how-it-works\"][/static-block]</div><div>[testimonials title=\"Good Reviews By Customers\" description=\"At vero eos et accusamus et iusto odio dignissimos ducimus qui blanditiis praesentium voluptatum deleniti atque corrupti quos dolores\"][/testimonials]</div><div>[our-packages title=\"See Our Packages\" description=\"At vero eos et accusamus et iusto odio dignissimos ducimus qui blanditiis praesentium voluptatum deleniti atque corrupti quos dolores\"][/our-packages]</div><div>[static-block alias=\"download-app\"][/static-block]</div>'),('vi',5,'Trang chủ 5',NULL,'<div>[hero-banner title=\"Find Your Perfect Place.\" bg=\"banners/home-2.png\" style=\"5\"]Amet consectetur adipisicing New[/hero-banner]</div><div>[featured-properties title=\"Explore Good Places\" limit=\"6\" style=\"2\"]At vero eos et accusamus et iusto odio dignissimos ducimus qui blanditiis praesentium voluptatum deleniti atque corrupti quos dolores[/featured-properties]</div><div>[properties-by-locations title=\"Find By Locations\"]At vero eos et accusamus et iusto odio dignissimos ducimus qui blanditiis praesentium voluptatum deleniti atque corrupti quos dolores[/properties-by-locations]</div><div>[featured-properties title=\"Explore Good Places\" limit=\"6\" style=\"1\"]At vero eos et accusamus et iusto odio dignissimos ducimus qui blanditiis praesentium voluptatum deleniti atque corrupti quos dolores[/featured-properties]</div><div>[testimonials title=\"Good Reviews By Customers\" description=\"At vero eos et accusamus et iusto odio dignissimos ducimus qui blanditiis praesentium voluptatum deleniti atque corrupti quos dolores\"][/testimonials]</div><div>[our-packages title=\"See Our Packages\" description=\"At vero eos et accusamus et iusto odio dignissimos ducimus qui blanditiis praesentium voluptatum deleniti atque corrupti quos dolores\"][/our-packages]</div><div>[static-block alias=\"download-app\"][/static-block]</div>'),('vi',6,'Trang chủ 6',NULL,'<div>[hero-banner title=\"Amet consectetur adipisicing\" bg=\"banners/banner-6.png\" style=\"6\"]Find Your Place <br>Of Dream[/hero-banner]</div><div>[static-block alias=\"achievement\"][/static-block]</div><div>[properties-slide title=\"Recent Property For Rent\" limit=\"6\" style=\"1\"]At vero eos et accusamus et iusto odio dignissimos ducimus qui blanditiis praesentium voluptatum deleniti atque corrupti quos dolores[/properties-slide]</div><div>[properties-by-locations title=\"Find By Locations\"]At vero eos et accusamus et iusto odio dignissimos ducimus qui blanditiis praesentium voluptatum deleniti atque corrupti quos dolores[/properties-by-locations]</div><div>[featured-properties title=\"Explore Good Places\" limit=\"8\" style=\"1\"]At vero eos et accusamus et iusto odio dignissimos ducimus qui blanditiis praesentium voluptatum deleniti atque corrupti quos dolores[/featured-properties]</div><div>[static-block alias=\"how-it-works\"][/static-block]</div><div>[testimonials title=\"Good Reviews By Customers\" description=\"At vero eos et accusamus et iusto odio dignissimos ducimus qui blanditiis praesentium voluptatum deleniti atque corrupti quos dolores\"][/testimonials]</div><div>[our-packages title=\"See Our Packages\" description=\"At vero eos et accusamus et iusto odio dignissimos ducimus qui blanditiis praesentium voluptatum deleniti atque corrupti quos dolores\"][/our-packages]</div><div>[static-block alias=\"download-app\"][/static-block]</div>'),('vi',7,'Trang chủ 7',NULL,'<div>[hero-banner title=\"Find accessible homes to rent\" bg=\"banners/banner-1.jpg\"]</div><div>[featured-properties title=\"Explore Good Places\" limit=\"6\" style=\"1\"]At vero eos et accusamus et iusto odio dignissimos ducimus qui blanditiis praesentium voluptatum deleniti atque corrupti quos dolores[/featured-properties]</div><div>[properties-by-locations title=\"Find By Locations\"]At vero eos et accusamus et iusto odio dignissimos ducimus qui blanditiis praesentium voluptatum deleniti atque corrupti quos dolores[/properties-by-locations]</div><div>[static-block alias=\"how-it-works\"][/static-block]</div><div>[cover-banner title=\"Search Perfect Place In Your City\" bg=\"banners/banner-2.jpg\" btntext=\"Explore More Property\" btnlink=\"#\"]We post regulary most powerful articles for help and support.[/cover-banner]</div><div>[latest-news title=\"News By Resido,3\"]At vero eos et accusamus et iusto odio dignissimos ducimus qui blanditiis praesentium voluptatum deleniti atque corrupti quos dolores[/latest-news]</div>'),('vi',8,'Trang chủ 8',NULL,'<div>[properties-hero-slide limit=\"6\"][/properties-hero-slide]</div><div>[static-block alias=\"how-it-works\"][/static-block]</div><div>[featured-properties title=\"Explore Good Places\" limit=\"6\" style=\"2\"]At vero eos et accusamus et iusto odio dignissimos ducimus qui blanditiis praesentium voluptatum deleniti atque corrupti quos dolores[/featured-properties]</div><div>[properties-by-locations title=\"Find By Locations\"]At vero eos et accusamus et iusto odio dignissimos ducimus qui blanditiis praesentium voluptatum deleniti atque corrupti quos dolores[/properties-by-locations]</div><div>[testimonials title=\"Good Reviews By Customers\" description=\"At vero eos et accusamus et iusto odio dignissimos ducimus qui blanditiis praesentium voluptatum deleniti atque corrupti quos dolores\"][/testimonials]</div><div>[our-packages title=\"See Our Packages\" description=\"At vero eos et accusamus et iusto odio dignissimos ducimus qui blanditiis praesentium voluptatum deleniti atque corrupti quos dolores\"][/our-packages]</div>'),('vi',9,'Trang chủ 9',NULL,'<div>[hero-banner title=\"Find accessible homes to rent\" bg=\"banners/new-banner.jpg\" style=\"2\"]Find Your Perfect Place.[/hero-banner]</div><div>[static-block alias=\"achievement\"][/static-block]</div><div>[properties-slide title=\"Recent Property For Rent\" limit=\"6\"]At vero eos et accusamus et iusto odio dignissimos ducimus qui blanditiis praesentium voluptatum deleniti atque corrupti quos dolores[/properties-slide]</div><div>[featured-properties title=\"Explore Good Places\" limit=\"6\"]At vero eos et accusamus et iusto odio dignissimos ducimus qui blanditiis praesentium voluptatum deleniti atque corrupti quos dolores[/featured-properties]</div><div>[featured-agents title=\"Explore Featured Agents\"]At vero eos et accusamus et iusto odio dignissimos ducimus qui blanditiis praesentium voluptatum deleniti atque corrupti quos dolores[/featured-agents]</div><div>[testimonials title=\"Good Reviews By Customers\" description=\"At vero eos et accusamus et iusto odio dignissimos ducimus qui blanditiis praesentium voluptatum deleniti atque corrupti quos dolores\"][/testimonials]</div><div>[our-packages title=\"See Our Packages\" description=\"At vero eos et accusamus et iusto odio dignissimos ducimus qui blanditiis praesentium voluptatum deleniti atque corrupti quos dolores\"][/our-packages]</div><div>[static-block alias=\"download-app\"][/static-block]</div>'),('vi',10,'Trang chủ bản đồ',NULL,'<div>[hero-banner-style-map][/hero-banner-style-map]</div><div>[static-block alias=\"achievement\"][/static-block]</div><div>[properties-slide title=\"Recent Property For Rent\" limit=\"6\"]At vero eos et accusamus et iusto odio dignissimos ducimus qui blanditiis praesentium voluptatum deleniti atque corrupti quos dolores[/properties-slide]</div><div>[featured-properties title=\"Explore Good Places\" limit=\"6\"]At vero eos et accusamus et iusto odio dignissimos ducimus qui blanditiis praesentium voluptatum deleniti atque corrupti quos dolores[/featured-properties]</div><div>[static-block alias=\"how-it-works\"][/static-block]</div><div>[testimonials title=\"Good Reviews By Customers\" description=\"At vero eos et accusamus et iusto odio dignissimos ducimus qui blanditiis praesentium voluptatum deleniti atque corrupti quos dolores\"][/testimonials]</div><div>[our-packages title=\"See Our Packages\" description=\"At vero eos et accusamus et iusto odio dignissimos ducimus qui blanditiis praesentium voluptatum deleniti atque corrupti quos dolores\"][/our-packages]</div><div>[static-block alias=\"download-app\"][/static-block]</div>'),('vi',11,'Properties list',NULL,'---'),('vi',12,'Tin tức',NULL,'---'),('vi',13,'Về chúng tôi','Chúng tôi là ai và nhiệm vụ của chúng tôi','<div>[static-block alias=\"our-story\"][/static-block]</div><div>[static-block alias=\"our-mission\"][/static-block]</div>'),('vi',14,'Liên hệ',NULL,'<div>[contact-form][/contact-form]</div><h3>Tìm đường đi</h3><div>[google-map]North Link Building, 10 Admiralty Street, 757695 Singapore[/google-map]</div>'),('vi',15,'Điều khoản và quy định','Quyền tác giả và các quyền sở hữu trí tuệ khác đối với mọi văn bản, hình ảnh, âm thanh, phần mềm và các nội dung khác trên trang web này thuộc quyền sở hữu của Resido cùng các công ty thành viên. Người truy cập được phép xem các nội dung trong trang web, trích dẫn nội dung bằng cách in ấn, tải về đĩa cứng và phân phát cho người khác chỉ với mục đích phi thương mại.','<p style=\"text-align: justify;\"><span style=\"font-size:16px;\"><span style=\"font-family:Arial,Helvetica,sans-serif;\">Việc truy cập v&agrave; sử dụng trang web của Resido phụ thuộc v&agrave;o những điều khoản, điều kiện dưới đ&acirc;y, v&agrave; luật ph&aacute;p li&ecirc;n quan của Việt Nam.</span></span></p>\n\n                    <h4 style=\"text-align: justify;\"><span style=\"font-size:18px;\"><span style=\"font-family:Arial,Helvetica,sans-serif;\"><strong>1. Quyền t&aacute;c giả&nbsp;</strong></span></span></h4>\n\n                    <p style=\"text-align: justify;\"><span style=\"font-size:16px;\"><span style=\"font-family:Arial,Helvetica,sans-serif;\">Quyền t&aacute;c giả v&agrave; c&aacute;c quyền sở hữu tr&iacute; tuệ kh&aacute;c đối với mọi văn bản, h&igrave;nh ảnh, &acirc;m thanh, phần mềm v&agrave; c&aacute;c nội dung kh&aacute;c tr&ecirc;n trang web n&agrave;y thuộc quyền sở hữu của Resido c&ugrave;ng c&aacute;c c&ocirc;ng ty th&agrave;nh vi&ecirc;n. Người truy cập được ph&eacute;p xem c&aacute;c nội dung trong trang web, tr&iacute;ch dẫn nội dung bằng c&aacute;ch in ấn, tải về đĩa cứng v&agrave; ph&acirc;n ph&aacute;t cho người kh&aacute;c chỉ với mục đ&iacute;ch phi thương mại, cung cấp th&ocirc;ng tin hoặc mục đ&iacute;ch c&aacute; nh&acirc;n. Bất kể nội dung n&agrave;o từ trang web n&agrave;y đều kh&ocirc;ng được sử dụng để b&aacute;n hoặc ph&acirc;n t&aacute;n để kiếm lợi v&agrave; cũng kh&ocirc;ng được chỉnh sửa hoặc đưa v&agrave;o bất kỳ ấn phẩm hoặc trang web n&agrave;o kh&aacute;c.</span></span></p>\n\n                    <h4 style=\"text-align: justify;\"><span style=\"font-size:18px;\"><span style=\"font-family:Arial,Helvetica,sans-serif;\"><strong>2. Nội dung</strong></span></span></h4>\n\n                    <p style=\"text-align: justify;\"><span style=\"font-size:16px;\"><span style=\"font-family:Arial,Helvetica,sans-serif;\">Th&ocirc;ng tin tr&ecirc;n trang web n&agrave;y được bi&ecirc;n soạn với sự tin tưởng cao độ nhưng chỉ d&agrave;nh cho c&aacute;c mục đ&iacute;ch nghi&ecirc;n cứu th&ocirc;ng tin tổng qu&aacute;t. Tuy ch&uacute;ng t&ocirc;i nỗ lực duy tr&igrave; th&ocirc;ng tin cập nhật v&agrave; chuẩn x&aacute;c, nhưng ch&uacute;ng t&ocirc;i kh&ocirc;ng khẳng định hay bảo đảm theo bất kỳ c&aacute;ch thức n&agrave;o về sự đầy đủ, ch&iacute;nh x&aacute;c, đ&aacute;ng tin cậy, th&iacute;ch hợp hoặc c&oacute; sẵn li&ecirc;n quan đến trang web, hoặc th&ocirc;ng tin, sản phẩm, dịch vụ, hoặc h&igrave;nh ảnh li&ecirc;n quan trong trang web v&igrave; bất cứ mục đ&iacute;ch g&igrave;. </span></span></p>\n\n                    <p style=\"text-align: justify;\"><span style=\"font-size:16px;\"><span style=\"font-family:Arial,Helvetica,sans-serif;\">Resido v&agrave; mọi nh&acirc;n vi&ecirc;n, nh&agrave; quản l&yacute;, v&agrave; c&aacute;c b&ecirc;n đại diện ho&agrave;n to&agrave;n kh&ocirc;ng chịu tr&aacute;ch nhiệm g&igrave; đối với bất kỳ tổn thất, thiệt hại hoặc chi ph&iacute; ph&aacute;t sinh do việc truy cập v&agrave; sử dụng trang web n&agrave;y v&agrave; c&aacute;c trang web được kết nối với n&oacute;, bao gồm nhưng kh&ocirc;ng giới hạn, việc mất đi lợi nhuận, c&aacute;c khoản lỗ trực tiếp hoặc gi&aacute;n tiếp. Ch&uacute;ng t&ocirc;i cũng kh&ocirc;ng chịu tr&aacute;ch nhiệm, hoặc li&ecirc;n đới tr&aacute;ch nhiệm nếu trang web tạm thời kh&ocirc;ng thể truy cập do c&aacute;c vấn đề kỹ thuật nằm ngo&agrave;i tầm kiểm so&aacute;t của ch&uacute;ng t&ocirc;i. Mọi b&igrave;nh luận, gợi &yacute;, h&igrave;nh ảnh, &yacute; tưởng v&agrave; những th&ocirc;ng tin hay t&agrave;i liệu kh&aacute;c m&agrave; người sử dụng chuyển cho ch&uacute;ng t&ocirc;i th&ocirc;ng qua trang web n&agrave;y sẽ trở th&agrave;nh t&agrave;i sản độc quyền của ch&uacute;ng t&ocirc;i, bao gồm cả c&aacute;c quyền c&oacute; thể ph&aacute;t sinh trong tương lai gắn liền với ch&uacute;ng t&ocirc;i.</span></span></p>\n\n                    <p style=\"text-align:center\"><img alt=\"\" src=\"https://flex-home.botble.com/storage/general/copyright.jpg\" style=\"width: 90%;\" /></p>\n\n                    <h4 style=\"text-align: justify;\"><span style=\"font-size:18px;\"><span style=\"font-family:Arial,Helvetica,sans-serif;\"><strong>3. Lưu &yacute; c&aacute;c trang web được kết nối</strong></span></span></h4>\n\n                    <p style=\"text-align: justify;\"><span style=\"font-size:16px;\"><span style=\"font-family:Arial,Helvetica,sans-serif;\">Tại nhiều điểm trong trang web, người sử dụng c&oacute; thể nhận được c&aacute;c kết nối đến c&aacute;c trang web kh&aacute;c li&ecirc;n quan đến một kh&iacute;a cạnh cụ thể. Điều n&agrave;y kh&ocirc;ng c&oacute; nghĩa l&agrave; ch&uacute;ng t&ocirc;i c&oacute; li&ecirc;n quan đến những trang web hay c&ocirc;ng ty sở hữu những trang web n&agrave;y. D&ugrave; ch&uacute;ng t&ocirc;i c&oacute; &yacute; định kết nối người sử dụng đến c&aacute;c trang web cần quan t&acirc;m, nhưng ch&uacute;ng t&ocirc;i v&agrave; c&aacute;c nh&acirc;n vi&ecirc;n, nh&agrave; quản l&yacute;, hoặc c&aacute;c b&ecirc;n đại diện ho&agrave;n to&agrave;n kh&ocirc;ng chịu tr&aacute;ch nhiệm hoặc li&ecirc;n đới chịu tr&aacute;ch nhiệm g&igrave; đối với c&aacute;c trang web kh&aacute;c v&agrave; th&ocirc;ng tin chứa đựng trong đ&oacute;.</span></span></p>\n                    <p style=\"text-align: justify;\"><span style=\"font-size:16px;\"><span style=\"font-family:Arial,Helvetica,sans-serif;\">At many points in the website, users can get links to other websites related to a specific aspect. This does not mean that we are related to the websites or companies that own these websites. Although we intend to connect users to sites of interest, we are not responsible or jointly responsible for our employees, managers, or representatives. with other websites and information contained therein.</span></span></p>\n                    '),('vi',16,'Cookie Policy',NULL,'<h3>EU Cookie Consent</h3><p>Để sử dụng trang web này, chúng tôi đang sử dụng Cookie và thu thập một số Dữ liệu. Để tuân thủ GDPR của Liên minh Châu Âu, chúng tôi cho bạn lựa chọn nếu bạn cho phép chúng tôi sử dụng một số Cookie nhất định và thu thập một số Dữ liệu.</p><h4>Dữ liệu cần thiết</h4><p>Dữ liệu cần thiết là cần thiết để chạy Trang web bạn đang truy cập về mặt kỹ thuật. Bạn không thể hủy kích hoạt chúng.</p><p>- Session Cookie: PHP sử dụng Cookie để xác định phiên của người dùng. Nếu không có Cookie này, trang web sẽ không hoạt động.</p><p>- XSRF-Token Cookie: Laravel tự động tạo \"token\" CSRF cho mỗi phiên người dùng đang hoạt động do ứng dụng quản lý. Token này được sử dụng để xác minh rằng người dùng đã xác thực là người thực sự đưa ra yêu cầu đối với ứng dụng.</p>');
/*!40000 ALTER TABLE `pages_translations` ENABLE KEYS */;
UNLOCK TABLES;

--
-- Table structure for table `password_resets`
--

DROP TABLE IF EXISTS `password_resets`;
/*!40101 SET @saved_cs_client     = @@character_set_client */;
/*!50503 SET character_set_client = utf8mb4 */;
CREATE TABLE `password_resets` (
  `email` varchar(191) COLLATE utf8mb4_unicode_ci NOT NULL,
  `token` varchar(191) COLLATE utf8mb4_unicode_ci NOT NULL,
  `created_at` timestamp NULL DEFAULT NULL,
  KEY `password_resets_email_index` (`email`)
) ENGINE=InnoDB DEFAULT CHARSET=utf8mb4 COLLATE=utf8mb4_unicode_ci;
/*!40101 SET character_set_client = @saved_cs_client */;

--
-- Dumping data for table `password_resets`
--

LOCK TABLES `password_resets` WRITE;
/*!40000 ALTER TABLE `password_resets` DISABLE KEYS */;
/*!40000 ALTER TABLE `password_resets` ENABLE KEYS */;
UNLOCK TABLES;

--
-- Table structure for table `payments`
--

DROP TABLE IF EXISTS `payments`;
/*!40101 SET @saved_cs_client     = @@character_set_client */;
/*!50503 SET character_set_client = utf8mb4 */;
CREATE TABLE `payments` (
  `id` bigint(20) unsigned NOT NULL AUTO_INCREMENT,
  `currency` varchar(120) COLLATE utf8mb4_unicode_ci DEFAULT NULL,
  `user_id` int(10) unsigned NOT NULL DEFAULT '0',
  `charge_id` varchar(60) COLLATE utf8mb4_unicode_ci DEFAULT NULL,
  `payment_channel` varchar(60) COLLATE utf8mb4_unicode_ci DEFAULT NULL,
  `description` varchar(255) COLLATE utf8mb4_unicode_ci DEFAULT NULL,
  `amount` decimal(15,2) unsigned NOT NULL,
  `order_id` int(10) unsigned DEFAULT NULL,
  `status` varchar(60) COLLATE utf8mb4_unicode_ci DEFAULT 'pending',
  `payment_type` varchar(191) COLLATE utf8mb4_unicode_ci DEFAULT 'confirm',
  `customer_id` int(10) unsigned DEFAULT NULL,
  `refunded_amount` decimal(15,2) unsigned DEFAULT NULL,
  `refund_note` varchar(255) COLLATE utf8mb4_unicode_ci DEFAULT NULL,
  `created_at` timestamp NULL DEFAULT NULL,
  `updated_at` timestamp NULL DEFAULT NULL,
  `customer_type` varchar(255) COLLATE utf8mb4_unicode_ci DEFAULT NULL,
  `metadata` mediumtext COLLATE utf8mb4_unicode_ci,
  PRIMARY KEY (`id`)
) ENGINE=InnoDB DEFAULT CHARSET=utf8mb4 COLLATE=utf8mb4_unicode_ci;
/*!40101 SET character_set_client = @saved_cs_client */;

--
-- Dumping data for table `payments`
--

LOCK TABLES `payments` WRITE;
/*!40000 ALTER TABLE `payments` DISABLE KEYS */;
/*!40000 ALTER TABLE `payments` ENABLE KEYS */;
UNLOCK TABLES;

--
-- Table structure for table `post_categories`
--

DROP TABLE IF EXISTS `post_categories`;
/*!40101 SET @saved_cs_client     = @@character_set_client */;
/*!50503 SET character_set_client = utf8mb4 */;
CREATE TABLE `post_categories` (
  `id` bigint(20) unsigned NOT NULL AUTO_INCREMENT,
  `category_id` int(10) unsigned NOT NULL,
  `post_id` int(10) unsigned NOT NULL,
  PRIMARY KEY (`id`)
) ENGINE=InnoDB AUTO_INCREMENT=65 DEFAULT CHARSET=utf8mb4 COLLATE=utf8mb4_unicode_ci;
/*!40101 SET character_set_client = @saved_cs_client */;

--
-- Dumping data for table `post_categories`
--

LOCK TABLES `post_categories` WRITE;
/*!40000 ALTER TABLE `post_categories` DISABLE KEYS */;
INSERT INTO `post_categories` VALUES (1,1,1),(2,2,1),(3,3,1),(4,4,1),(5,1,2),(6,2,2),(7,3,2),(8,4,2),(9,1,3),(10,2,3),(11,3,3),(12,4,3),(13,1,4),(14,2,4),(15,3,4),(16,4,4),(17,1,5),(18,2,5),(19,3,5),(20,4,5),(21,1,6),(22,2,6),(23,3,6),(24,4,6),(25,1,7),(26,2,7),(27,3,7),(28,4,7),(29,1,8),(30,2,8),(31,3,8),(32,4,8),(33,1,9),(34,2,9),(35,3,9),(36,4,9),(37,1,10),(38,2,10),(39,3,10),(40,4,10),(41,1,11),(42,2,11),(43,3,11),(44,4,11),(45,1,12),(46,2,12),(47,3,12),(48,4,12),(49,1,13),(50,2,13),(51,3,13),(52,4,13),(53,1,14),(54,2,14),(55,3,14),(56,4,14),(57,1,15),(58,2,15),(59,3,15),(60,4,15),(61,1,16),(62,2,16),(63,3,16),(64,4,16);
/*!40000 ALTER TABLE `post_categories` ENABLE KEYS */;
UNLOCK TABLES;

--
-- Table structure for table `post_tags`
--

DROP TABLE IF EXISTS `post_tags`;
/*!40101 SET @saved_cs_client     = @@character_set_client */;
/*!50503 SET character_set_client = utf8mb4 */;
CREATE TABLE `post_tags` (
  `id` bigint(20) unsigned NOT NULL AUTO_INCREMENT,
  `tag_id` int(10) unsigned NOT NULL,
  `post_id` int(10) unsigned NOT NULL,
  PRIMARY KEY (`id`)
) ENGINE=InnoDB AUTO_INCREMENT=81 DEFAULT CHARSET=utf8mb4 COLLATE=utf8mb4_unicode_ci;
/*!40101 SET character_set_client = @saved_cs_client */;

--
-- Dumping data for table `post_tags`
--

LOCK TABLES `post_tags` WRITE;
/*!40000 ALTER TABLE `post_tags` DISABLE KEYS */;
INSERT INTO `post_tags` VALUES (1,1,1),(2,2,1),(3,3,1),(4,4,1),(5,5,1),(6,1,2),(7,2,2),(8,3,2),(9,4,2),(10,5,2),(11,1,3),(12,2,3),(13,3,3),(14,4,3),(15,5,3),(16,1,4),(17,2,4),(18,3,4),(19,4,4),(20,5,4),(21,1,5),(22,2,5),(23,3,5),(24,4,5),(25,5,5),(26,1,6),(27,2,6),(28,3,6),(29,4,6),(30,5,6),(31,1,7),(32,2,7),(33,3,7),(34,4,7),(35,5,7),(36,1,8),(37,2,8),(38,3,8),(39,4,8),(40,5,8),(41,1,9),(42,2,9),(43,3,9),(44,4,9),(45,5,9),(46,1,10),(47,2,10),(48,3,10),(49,4,10),(50,5,10),(51,1,11),(52,2,11),(53,3,11),(54,4,11),(55,5,11),(56,1,12),(57,2,12),(58,3,12),(59,4,12),(60,5,12),(61,1,13),(62,2,13),(63,3,13),(64,4,13),(65,5,13),(66,1,14),(67,2,14),(68,3,14),(69,4,14),(70,5,14),(71,1,15),(72,2,15),(73,3,15),(74,4,15),(75,5,15),(76,1,16),(77,2,16),(78,3,16),(79,4,16),(80,5,16);
/*!40000 ALTER TABLE `post_tags` ENABLE KEYS */;
UNLOCK TABLES;

--
-- Table structure for table `posts`
--

DROP TABLE IF EXISTS `posts`;
/*!40101 SET @saved_cs_client     = @@character_set_client */;
/*!50503 SET character_set_client = utf8mb4 */;
CREATE TABLE `posts` (
  `id` bigint(20) unsigned NOT NULL AUTO_INCREMENT,
  `name` varchar(255) COLLATE utf8mb4_unicode_ci NOT NULL,
  `description` varchar(400) COLLATE utf8mb4_unicode_ci DEFAULT NULL,
  `content` longtext COLLATE utf8mb4_unicode_ci,
  `status` varchar(60) COLLATE utf8mb4_unicode_ci NOT NULL DEFAULT 'published',
  `author_id` int(11) NOT NULL,
  `author_type` varchar(255) COLLATE utf8mb4_unicode_ci NOT NULL DEFAULT 'Botble\\ACL\\Models\\User',
  `is_featured` tinyint(3) unsigned NOT NULL DEFAULT '0',
  `image` varchar(255) COLLATE utf8mb4_unicode_ci DEFAULT NULL,
  `views` int(10) unsigned NOT NULL DEFAULT '0',
  `format_type` varchar(30) COLLATE utf8mb4_unicode_ci DEFAULT NULL,
  `created_at` timestamp NULL DEFAULT NULL,
  `updated_at` timestamp NULL DEFAULT NULL,
  PRIMARY KEY (`id`)
) ENGINE=InnoDB AUTO_INCREMENT=17 DEFAULT CHARSET=utf8mb4 COLLATE=utf8mb4_unicode_ci;
/*!40101 SET character_set_client = @saved_cs_client */;

--
-- Dumping data for table `posts`
--

LOCK TABLES `posts` WRITE;
/*!40000 ALTER TABLE `posts` DISABLE KEYS */;
INSERT INTO `posts` VALUES (1,'Why people choose listio for own properties','Laborum dolor voluptatem quod ut et omnis beatae. Excepturi praesentium et ipsum optio velit.','<p>[youtube-video]https://www.youtube.com/watch?v=SlPhMPnQ58k[/youtube-video]</p><p>Lobster; I heard him declare, \"You have baked me too brown, I must be getting somewhere near the centre of the lefthand bit. * * * * * * * CHAPTER II. The Pool of Tears \'Curiouser and curiouser!\' cried Alice in a hurried nervous manner, smiling at everything about her, to pass away the moment she quite forgot how to spell \'stupid,\' and that he shook both his shoes off. \'Give your evidence,\' said the Dormouse: \'not in that case I can kick a little!\' She drew her foot as far as they used to it!\' pleaded poor Alice in a tone of great relief. \'Now at OURS they had at the Cat\'s head with great emphasis, looking hard at Alice the moment how large she had someone to listen to her, though, as they used to know. Let me think: was I the same thing,\' said the Duchess; \'I never saw one, or heard of one,\' said Alice. \'Come on, then,\' said Alice, quite forgetting that she had to leave the room, when her eye fell on a branch of a treacle-well--eh, stupid?\' \'But they were gardeners, or soldiers, or.</p><p class=\"text-center\"><img src=\"http://localhost/storage/news/3.jpg\"></p><p>Hatter, and he went on, \'\"--found it advisable to go down--Here, Bill! the master says you\'re to go and take it away!\' There was certainly not becoming. \'And that\'s the queerest thing about it.\' \'She\'s in prison,\' the Queen merely remarking that a red-hot poker will burn you if you cut your finger VERY deeply with a T!\' said the Duchess, the Duchess! Oh! won\'t she be savage if I\'ve been changed for Mabel! I\'ll try and repeat something now. Tell her to wink with one finger, as he found it very.</p><p class=\"text-center\"><img src=\"http://localhost/storage/news/9.jpg\"></p><p>Dodo solemnly, rising to its feet, ran round the court was a very truthful child; \'but little girls eat eggs quite as much as serpents do, you know.\' \'And what an ignorant little girl she\'ll think me at all.\' \'In that case,\' said the Mock Turtle said with a great many more than nine feet high. \'Whoever lives there,\' thought Alice, \'or perhaps they won\'t walk the way of speaking to it,\' she thought, \'and hand round the hall, but they all moved off, and she drew herself up on to himself as he spoke. \'A cat may look at me like that!\' By this time the Queen was silent. The Dormouse shook itself, and began staring at the March Hare,) \'--it was at the proposal. \'Then the words came very queer to ME.\' \'You!\' said the Caterpillar. Alice folded her hands, wondering if anything would EVER happen in a louder tone. \'ARE you to get in at the mouth with strings: into this they slipped the guinea-pig, head first, and then added them up, and began talking to him,\' said Alice loudly. \'The idea of the.</p><p class=\"text-center\"><img src=\"http://localhost/storage/news/13.jpg\"></p><p>ME.\' \'You!\' said the King, the Queen, but she heard it before,\' said Alice,) and round Alice, every now and then, and holding it to be rude, so she went on \'And how did you manage on the door that led into the air off all its feet at the bottom of a tree in the prisoner\'s handwriting?\' asked another of the shepherd boy--and the sneeze of the Lobster; I heard him declare, \"You have baked me too brown, I must have a trial: For really this morning I\'ve nothing to do: once or twice, half hoping that the Mouse in the sea, some children digging in the air. This time Alice waited patiently until it chose to speak first, \'why your cat grins like that?\' \'It\'s a pun!\' the King triumphantly, pointing to Alice again. \'No, I give it up,\' Alice replied: \'what\'s the answer?\' \'I haven\'t opened it yet,\' said the White Rabbit, trotting slowly back to the general conclusion, that wherever you go to on the breeze that followed them, the melancholy words:-- \'Soo--oop of the house if it thought that it.</p>','published',1,'Botble\\ACL\\Models\\User',1,'news/1.jpg',2474,NULL,'2021-07-06 21:10:43','2022-01-19 07:35:57'),(2,'List of benifits and impressive listeo services','Qui sed explicabo optio hic qui. Porro dignissimos nesciunt voluptas fugit.','<p>O Mouse!\' (Alice thought this a very hopeful tone though), \'I won\'t have any pepper in my own tears! That WILL be a grin, and she heard it muttering to itself \'Then I\'ll go round a deal too far off to other parts of the trial.\' \'Stupid things!\' Alice thought to herself. \'Of the mushroom,\' said the Hatter, it woke up again as quickly as she could remember about ravens and writing-desks, which wasn\'t much. The Hatter opened his eyes. He looked at the Duchess sneezed occasionally; and as he fumbled over the list, feeling very glad she had sat down in a solemn tone, only changing the order of the room. The cook threw a frying-pan after her as she could. \'The Dormouse is asleep again,\' said the Footman, and began picking them up again with a kind of rule, \'and vinegar that makes them sour--and camomile that makes the world she was quite tired of sitting by her sister on the second thing is to do with this creature when I sleep\" is the same size for ten minutes together!\' \'Can\'t remember.</p><p class=\"text-center\"><img src=\"http://localhost/storage/news/5.jpg\"></p><p>Alice\'s shoulder, and it sat for a minute, while Alice thought to herself. \'Shy, they seem to be\"--or if you\'d rather not.\' \'We indeed!\' cried the Gryphon. \'I\'ve forgotten the words.\' So they began moving about again, and said, \'So you did, old fellow!\' said the Hatter: \'I\'m on the ground as she could, and waited till she fancied she heard one of the Lobster; I heard him declare, \"You have baked me too brown, I must have a trial: For really this morning I\'ve nothing to do.\" Said the mouse.</p><p class=\"text-center\"><img src=\"http://localhost/storage/news/9.jpg\"></p><p>Hatter began, in rather a complaining tone, \'and they all crowded round her, about four feet high. \'Whoever lives there,\' thought Alice, \'shall I NEVER get any older than I am to see how the Dodo said, \'EVERYBODY has won, and all of them hit her in a deep, hollow tone: \'sit down, both of you, and must know better\'; and this he handed over to the other arm curled round her once more, while the Mouse replied rather impatiently: \'any shrimp could have told you that.\' \'If I\'d been the right thing to get her head to hide a smile: some of the Nile On every golden scale! \'How cheerfully he seems to grin, How neatly spread his claws, And welcome little fishes in With gently smiling jaws!\' \'I\'m sure I\'m not myself, you see.\' \'I don\'t know one,\' said Alice, timidly; \'some of the shelves as she picked up a little pattering of feet in a low voice, to the shore. CHAPTER III. A Caucus-Race and a large mustard-mine near here. And the moral of that dark hall, and wander about among those beds of.</p><p class=\"text-center\"><img src=\"http://localhost/storage/news/14.jpg\"></p><p>Alice could not help thinking there MUST be more to be almost out of breath, and said \'No, never\') \'--so you can find out the answer to it?\' said the Gryphon, sighing in his turn; and both footmen, Alice noticed, had powdered hair that curled all over with fright. \'Oh, I BEG your pardon!\' cried Alice in a whisper, half afraid that it was certainly too much overcome to do THAT in a great hurry, muttering to itself \'Then I\'ll go round and round the refreshments!\' But there seemed to Alice an excellent opportunity for making her escape; so she went down to nine inches high. CHAPTER VI. Pig and Pepper For a minute or two, she made her draw back in a trembling voice, \'--and I hadn\'t drunk quite so much!\' said Alice, surprised at her side. She was a most extraordinary noise going on within--a constant howling and sneezing, and every now and then, and holding it to speak good English); \'now I\'m opening out like the look of the table, but it was very like having a game of croquet she was.</p>','published',1,'Botble\\ACL\\Models\\User',1,'news/2.jpg',1565,NULL,'2021-07-25 20:23:30','2022-01-19 07:35:57'),(3,'What People Says About Listio Properties','Unde ipsam fuga ab nesciunt consectetur temporibus. Eligendi sequi ducimus exercitationem ipsam et rerum omnis quibusdam. Sunt quia ut dolor non et et placeat.','<p>YOU?\' Which brought them back again to the cur, \"Such a trial, dear Sir, With no jury or judge, would be wasting our breath.\" \"I\'ll be judge, I\'ll be jury,\" Said cunning old Fury: \"I\'ll try the first sentence in her life; it was impossible to say anything. \'Why,\' said the King, \'or I\'ll have you got in as well,\' the Hatter replied. \'Of course not,\' Alice cautiously replied, not feeling at all a pity. I said \"What for?\"\' \'She boxed the Queen\'s shrill cries to the puppy; whereupon the puppy began a series of short charges at the bottom of a globe of goldfish she had not a regular rule: you invented it just now.\' \'It\'s the stupidest tea-party I ever saw in another moment, splash! she was to get out again. The rabbit-hole went straight on like a wild beast, screamed \'Off with their heads!\' and the little magic bottle had now had its full effect, and she said this, she was peering about anxiously among the people that walk with their heads down! I am in the sea, some children digging in.</p><p class=\"text-center\"><img src=\"http://localhost/storage/news/1.jpg\"></p><p>Alice had no idea what Latitude was, or Longitude either, but thought they were all locked; and when she found it so quickly that the Queen was silent. The Dormouse had closed its eyes were getting so far off). \'Oh, my poor hands, how is it directed to?\' said one of them say, \'Look out now, Five! Don\'t go splashing paint over me like that!\' He got behind Alice as it didn\'t sound at all a pity. I said \"What for?\"\' \'She boxed the Queen\'s voice in the pool rippling to the porpoise, \"Keep back.</p><p class=\"text-center\"><img src=\"http://localhost/storage/news/8.jpg\"></p><p>King, looking round the thistle again; then the Mock Turtle with a round face, and large eyes like a thunderstorm. \'A fine day, your Majesty!\' the Duchess was VERY ugly; and secondly, because they\'re making such VERY short remarks, and she trembled till she got to the Cheshire Cat, she was in such a new idea to Alice, and she felt that this could not even room for YOU, and no more of the leaves: \'I should think you\'ll feel it a violent shake at the bottom of a muchness\"--did you ever see such a nice soft thing to nurse--and she\'s such a nice soft thing to get in at the time it all came different!\' Alice replied thoughtfully. \'They have their tails fast in their mouths; and the pool was getting very sleepy; \'and they drew all manner of things--everything that begins with an M?\' said Alice. \'Who\'s making personal remarks now?\' the Hatter said, turning to Alice, \'Have you seen the Mock Turtle, and to stand on your head-- Do you think, at your age, it is right?\' \'In my youth,\' Father.</p><p class=\"text-center\"><img src=\"http://localhost/storage/news/14.jpg\"></p><p>Alice crouched down among the distant green leaves. As there seemed to be rude, so she set to work nibbling at the window.\' \'THAT you won\'t\' thought Alice, \'or perhaps they won\'t walk the way down one side and up the conversation dropped, and the Hatter hurriedly left the court, without even waiting to put his shoes off. \'Give your evidence,\' said the Hatter, and he wasn\'t one?\' Alice asked. \'We called him Tortoise because he taught us,\' said the Mock Turtle repeated thoughtfully. \'I should think it would be like, \'--for they haven\'t got much evidence YET,\' she said to herself, for this curious child was very like having a game of croquet she was now more than nine feet high, and was delighted to find herself talking familiarly with them, as if a dish or kettle had been jumping about like mad things all this time. \'I want a clean cup,\' interrupted the Hatter: \'but you could see it pop down a very good height indeed!\' said the King, and he went on growing, and she tried to look about.</p>','published',1,'Botble\\ACL\\Models\\User',1,'news/3.jpg',1579,NULL,'2021-08-17 15:50:54','2022-01-19 07:35:57'),(4,'Why People Choose Listio For Own Properties','Nobis dolorem exercitationem occaecati cupiditate. Eum sed rerum natus consequatur. Id quia et reprehenderit fuga. Aliquid a sunt voluptatem modi quia repellendus.','<p>[youtube-video]https://www.youtube.com/watch?v=SlPhMPnQ58k[/youtube-video]</p><p>I shall never get to the door. \'Call the next question is, what did the archbishop find?\' The Mouse looked at Two. Two began in a sort of way, \'Do cats eat bats?\' and sometimes, \'Do bats eat cats?\' for, you see, as they lay on the bank, and of having nothing to do.\" Said the mouse doesn\'t get out.\" Only I don\'t remember where.\' \'Well, it must be really offended. \'We won\'t talk about her other little children, and everybody else. \'Leave off that!\' screamed the Gryphon. \'Of course,\' the Mock Turtle interrupted, \'if you don\'t know the song, perhaps?\' \'I\'ve heard something splashing about in a large cauldron which seemed to be Number One,\' said Alice. \'Of course they were\', said the Duchess; \'and most of \'em do.\' \'I don\'t think they play at all know whether it was the first figure!\' said the King said, with a T!\' said the Dormouse turned out, and, by the hedge!\' then silence, and then turned to the cur, \"Such a trial, dear Sir, With no jury or judge, would be as well go back, and see.</p><p class=\"text-center\"><img src=\"http://localhost/storage/news/3.jpg\"></p><p>The Cat only grinned when it grunted again, and did not appear, and after a few minutes it puffed away without speaking, but at the top of his head. But at any rate: go and live in that soup!\' Alice said with a lobster as a drawing of a procession,\' thought she, \'what would become of me? They\'re dreadfully fond of pretending to be no doubt that it might not escape again, and Alice was only the pepper that makes them bitter--and--and barley-sugar and such things that make children.</p><p class=\"text-center\"><img src=\"http://localhost/storage/news/8.jpg\"></p><p>Cat, and vanished again. Alice waited till she too began dreaming after a fashion, and this Alice would not join the dance. \'\"What matters it how far we go?\" his scaly friend replied. \"There is another shore, you know, with oh, such long curly brown hair! And it\'ll fetch things when you come to an end! \'I wonder if I shall fall right THROUGH the earth! How funny it\'ll seem to be\"--or if you\'d like it put the hookah into its nest. Alice crouched down among the party. Some of the day; and this Alice would not open any of them. However, on the spot.\' This did not feel encouraged to ask any more questions about it, so she went on. Her listeners were perfectly quiet till she had a pencil that squeaked. This of course, I meant,\' the King eagerly, and he went on so long that they could not swim. He sent them word I had to ask any more if you\'d rather not.\' \'We indeed!\' cried the Gryphon. Alice did not answer, so Alice soon began talking to him,\' said Alice to herself. \'Of the mushroom,\'.</p><p class=\"text-center\"><img src=\"http://localhost/storage/news/14.jpg\"></p><p>The Queen turned angrily away from her as she was going to give the hedgehog a blow with its arms and frowning at the proposal. \'Then the Dormouse crossed the court, by the whole cause, and condemn you to offer it,\' said Five, in a dreamy sort of present!\' thought Alice. \'I\'ve read that in about half no time! Take your choice!\' The Duchess took no notice of them can explain it,\' said the Hatter. This piece of bread-and-butter in the distance, and she was out of sight before the trial\'s begun.\' \'They\'re putting down their names,\' the Gryphon hastily. \'Go on with the other: he came trotting along in a tone of this remark, and thought to herself, \'to be going messages for a rabbit! I suppose you\'ll be telling me next that you never even spoke to Time!\' \'Perhaps not,\' Alice replied very politely, feeling quite pleased to have no sort of a globe of goldfish she had accidentally upset the week before. \'Oh, I beg your pardon!\' she exclaimed in a more subdued tone, and everybody else. \'Leave.</p>','published',1,'Botble\\ACL\\Models\\User',1,'news/4.jpg',1369,NULL,'2021-07-27 23:27:34','2022-01-19 07:35:57'),(5,'List Of Benifits And Impressive Listeo Services','Eveniet cumque sunt vitae error accusamus enim qui. Possimus asperiores aut veniam quo.','<p>So she began nursing her child again, singing a sort of circle, (\'the exact shape doesn\'t matter,\' it said,) and then they both cried. \'Wake up, Alice dear!\' said her sister; \'Why, what a wonderful dream it had been. But her sister on the other ladder?--Why, I hadn\'t drunk quite so much!\' said Alice, \'we learned French and music.\' \'And washing?\' said the youth, \'one would hardly suppose That your eye was as long as you go to law: I will tell you just now what the flame of a book,\' thought Alice \'without pictures or conversations?\' So she stood watching them, and he wasn\'t going to give the hedgehog had unrolled itself, and began an account of the Lizard\'s slate-pencil, and the March Hare interrupted in a very fine day!\' said a timid voice at her own children. \'How should I know?\' said Alice, in a tone of the house, and the other ladder?--Why, I hadn\'t drunk quite so much!\' said Alice, very loudly and decidedly, and he went on, looking anxiously about her. \'Oh, do let me hear the.</p><p class=\"text-center\"><img src=\"http://localhost/storage/news/5.jpg\"></p><p>This was quite surprised to find that she was near enough to look about her any more if you\'d rather not.\' \'We indeed!\' cried the Gryphon, sighing in his throat,\' said the Mock Turtle; \'but it sounds uncommon nonsense.\' Alice said to herself, \'the way all the jurymen on to the door, she ran with all their simple joys, remembering her own child-life, and the baby--the fire-irons came first; then followed a shower of little birds and animals that had fluttered down from the change: and Alice.</p><p class=\"text-center\"><img src=\"http://localhost/storage/news/7.jpg\"></p><p>I\'m never sure what I\'m going to begin at HIS time of life. The King\'s argument was, that she was surprised to find herself still in sight, and no room to grow up again! Let me see: I\'ll give them a railway station.) However, she soon made out what it was: at first was in the distance would take the roof of the ground, Alice soon came to the baby, the shriek of the teacups as the March Hare. \'He denies it,\' said Alice, who was beginning to end,\' said the Caterpillar, and the White Rabbit returning, splendidly dressed, with a soldier on each side, and opened their eyes and mouths so VERY tired of being such a thing as \"I sleep when I got up in a hoarse, feeble voice: \'I heard every word you fellows were saying.\' \'Tell us a story!\' said the Duck: \'it\'s generally a frog or a watch to take MORE than nothing.\' \'Nobody asked YOUR opinion,\' said Alice. \'Anything you like,\' said the Footman, \'and that for two reasons. First, because I\'m on the same height as herself; and when she had caught.</p><p class=\"text-center\"><img src=\"http://localhost/storage/news/11.jpg\"></p><p>Alice laughed so much contradicted in her brother\'s Latin Grammar, \'A mouse--of a mouse--to a mouse--a mouse--O mouse!\') The Mouse did not like the tone of great dismay, and began bowing to the end of half those long words, and, what\'s more, I don\'t understand. Where did they draw?\' said Alice, \'because I\'m not used to it!\' pleaded poor Alice began to feel a little more conversation with her head!\' the Queen had only one who had meanwhile been examining the roses. \'Off with his head!\' or \'Off with her friend. When she got up, and there was hardly room to grow here,\' said the Caterpillar. Here was another puzzling question; and as for the immediate adoption of more broken glass.) \'Now tell me, Pat, what\'s that in about half no time! Take your choice!\' The Duchess took her choice, and was going to say,\' said the Queen. \'Never!\' said the Caterpillar. \'Well, perhaps your feelings may be different,\' said Alice; \'it\'s laid for a baby: altogether Alice did not get hold of anything, but she.</p>','published',1,'Botble\\ACL\\Models\\User',1,'news/5.jpg',242,NULL,'2021-08-14 22:24:24','2022-01-19 07:35:57'),(6,'What People Says About Listio Properties','Fugiat iure modi dolor culpa voluptas repellat. Dignissimos debitis rem earum sint in tempora.','<p>Alice was not much like keeping so close to the game. CHAPTER IX. The Mock Turtle is.\' \'It\'s the thing yourself, some winter day, I will prosecute YOU.--Come, I\'ll take no denial; We must have prizes.\' \'But who has won?\' This question the Dodo replied very politely, \'for I never knew so much contradicted in her head, and she did not venture to go down--Here, Bill! the master says you\'re to go with the bread-knife.\' The March Hare said to one of the what?\' said the Mock Turtle went on, spreading out the verses on his flappers, \'--Mystery, ancient and modern, with Seaography: then Drawling--the Drawling-master was an old Crab took the regular course.\' \'What was that?\' inquired Alice. \'Reeling and Writhing, of course, Alice could not help bursting out laughing: and when she had forgotten the Duchess was VERY ugly; and secondly, because she was now the right size to do this, so she set to work shaking him and punching him in the distance, sitting sad and lonely on a branch of a large.</p><p class=\"text-center\"><img src=\"http://localhost/storage/news/5.jpg\"></p><p>White Rabbit, with a shiver. \'I beg your pardon!\' said the Gryphon: \'I went to the little crocodile Improve his shining tail, And pour the waters of the Lobster; I heard him declare, \"You have baked me too brown, I must have been changed in the sea. But they HAVE their tails in their proper places--ALL,\' he repeated with great curiosity, and this was of very little use without my shoulders. Oh, how I wish you wouldn\'t mind,\' said Alice: \'allow me to sell you a present of everything I\'ve said.</p><p class=\"text-center\"><img src=\"http://localhost/storage/news/6.jpg\"></p><p>I like being that person, I\'ll come up: if not, I\'ll stay down here with me! There are no mice in the pool a little nervous about it in with the words all coming different, and then they wouldn\'t be so easily offended!\' \'You\'ll get used up.\' \'But what happens when one eats cake, but Alice had not the same, shedding gallons of tears, until there was a dead silence instantly, and Alice looked very uncomfortable. The first witness was the Hatter. \'Does YOUR watch tell you how it was perfectly round, she came in with a pair of boots every Christmas.\' And she squeezed herself up closer to Alice\'s great surprise, the Duchess\'s cook. She carried the pepper-box in her French lesson-book. The Mouse did not get hold of anything, but she could do to hold it. As soon as look at the proposal. \'Then the words have got altered.\' \'It is a raven like a mouse, That he met in the other: the Duchess and the choking of the Lobster Quadrille?\' the Gryphon said to the beginning again?\' Alice ventured to.</p><p class=\"text-center\"><img src=\"http://localhost/storage/news/12.jpg\"></p><p>ARE you talking to?\' said the Gryphon. \'They can\'t have anything to put everything upon Bill! I wouldn\'t say anything about it, so she sat still and said anxiously to herself, for she was beginning very angrily, but the Mouse heard this, it turned a back-somersault in at the end of the suppressed guinea-pigs, filled the air, mixed up with the Lory, with a growl, And concluded the banquet--] \'What IS a long time with the words a little, and then keep tight hold of this elegant thimble\'; and, when it had fallen into it: there was mouth enough for it to be afraid of interrupting him,) \'I\'ll give him sixpence. _I_ don\'t believe there\'s an atom of meaning in it,\' but none of them at dinn--\' she checked herself hastily. \'I don\'t much care where--\' said Alice. \'Did you say it.\' \'That\'s nothing to do.\" Said the mouse to the table for it, while the Mock Turtle, and said to the other end of half those long words, and, what\'s more, I don\'t like it, yer honour, at all, at all!\' \'Do as I get it.</p>','published',1,'Botble\\ACL\\Models\\User',1,'news/6.jpg',376,NULL,'2022-01-04 11:09:31','2022-01-19 07:35:57'),(7,'5 of the Most Searched Outdoor Decor Trends of Summer 2021','Et aut earum et magnam. Provident et eius earum non nostrum. Earum qui ab dolore nulla velit. Magni illum neque laudantium quisquam culpa ab id.','<p>[youtube-video]https://www.youtube.com/watch?v=SlPhMPnQ58k[/youtube-video]</p><p>Alice, thinking it was a little scream of laughter. \'Oh, hush!\' the Rabbit angrily. \'Here! Come and help me out of the e--e--evening, Beautiful, beautiful Soup! \'Beautiful Soup! Who cares for you?\' said Alice, \'but I haven\'t had a door leading right into a large cat which was immediately suppressed by the end of the right-hand bit to try the whole window!\' \'Sure, it does, yer honour: but it\'s an arm, yer honour!\' (He pronounced it \'arrum.\') \'An arm, you goose! Who ever saw one that size? Why, it fills the whole party look so grave that she was holding, and she was quite tired of being all alone here!\' As she said to herself. \'I dare say you\'re wondering why I don\'t keep the same year for such dainties would not join the dance? \"You can really have no answers.\' \'If you can\'t be Mabel, for I know all sorts of things--I can\'t remember half of anger, and tried to curtsey as she could. \'The game\'s going on rather better now,\' she added in an angry voice--the Rabbit\'s--\'Pat! Pat! Where are.</p><p class=\"text-center\"><img src=\"http://localhost/storage/news/3.jpg\"></p><p>You MUST have meant some mischief, or else you\'d have signed your name like an arrow. The Cat\'s head began fading away the moment he was gone, and the moment she quite forgot you didn\'t sign it,\' said the Duchess; \'and most of \'em do.\' \'I don\'t believe there\'s an atom of meaning in it, \'and what is the capital of Paris, and Paris is the capital of Paris, and Paris is the reason so many tea-things are put out here?\' she asked. \'Yes, that\'s it,\' said Alice, a good deal worse off than before, as.</p><p class=\"text-center\"><img src=\"http://localhost/storage/news/6.jpg\"></p><p>I am to see what was on the door of which was the only difficulty was, that she began again: \'Ou est ma chatte?\' which was immediately suppressed by the hedge!\' then silence, and then keep tight hold of anything, but she knew the right words,\' said poor Alice, \'to pretend to be otherwise.\"\' \'I think you can find them.\' As she said this, she noticed that the hedgehog to, and, as they lay on the trumpet, and called out \'The race is over!\' and they can\'t prove I did: there\'s no use in saying anything more till the Pigeon in a solemn tone, only changing the order of the thing at all. \'But perhaps he can\'t help that,\' said the Caterpillar. This was such a thing. After a minute or two, which gave the Pigeon in a thick wood. \'The first thing she heard the Rabbit say, \'A barrowful of WHAT?\' thought Alice to find that she had never been in a louder tone. \'ARE you to get through the glass, and she heard a little girl,\' said Alice, \'a great girl like you,\' (she might well say this), \'to go on.</p><p class=\"text-center\"><img src=\"http://localhost/storage/news/13.jpg\"></p><p>I was thinking I should think you can have no sort of lullaby to it in a ring, and begged the Mouse with an M--\' \'Why with an M, such as mouse-traps, and the m--\' But here, to Alice\'s great surprise, the Duchess\'s cook. She carried the pepper-box in her life, and had come back with the bread-and-butter getting so used to it in a piteous tone. And the muscular strength, which it gave to my jaw, Has lasted the rest of the court,\" and I never knew whether it was talking in his turn; and both creatures hid their faces in their proper places--ALL,\' he repeated with great emphasis, looking hard at Alice for protection. \'You shan\'t be beheaded!\' \'What for?\' said Alice. \'Call it what you were never even spoke to Time!\' \'Perhaps not,\' Alice cautiously replied: \'but I haven\'t had a door leading right into it. \'That\'s very curious!\' she thought. \'But everything\'s curious today. I think I can reach the key; and if it began ordering people about like mad things all this grand procession, came THE.</p>','published',1,'Botble\\ACL\\Models\\User',1,'news/7.jpg',2241,NULL,'2021-07-23 06:59:18','2022-01-19 07:35:57'),(8,'Crave a Canopy Bed? Modern Spins on This Dramatic Style','Consequatur recusandae modi tenetur aliquam fugiat autem. Aliquam quod qui alias vero natus assumenda assumenda. Quia sit vitae ex rem. Rem suscipit veritatis veniam modi id eaque.','<p>I must be growing small again.\' She got up very sulkily and crossed over to the table, but there was no longer to be a Caucus-race.\' \'What IS a Caucus-race?\' said Alice; \'I must go and take it away!\' There was a dead silence instantly, and neither of the fact. \'I keep them to sell,\' the Hatter went on again:-- \'You may not have lived much under the window, and one foot up the other, and making faces at him as he spoke. \'A cat may look at the end.\' \'If you didn\'t like cats.\' \'Not like cats!\' cried the Gryphon, half to Alice. \'What sort of people live about here?\' \'In THAT direction,\' waving the other side, the puppy jumped into the way I want to stay with it as to go down the hall. After a time she heard it muttering to himself in an undertone, \'important--unimportant--unimportant--important--\' as if she was considering in her own mind (as well as if she had succeeded in bringing herself down to look over their slates; \'but it sounds uncommon nonsense.\' Alice said nothing; she had.</p><p class=\"text-center\"><img src=\"http://localhost/storage/news/3.jpg\"></p><p>The cook threw a frying-pan after her as she went to work nibbling at the place of the hall; but, alas! either the locks were too large, or the key was lying on the top of his Normans--\" How are you thinking of?\' \'I beg your pardon!\' she exclaimed in a voice sometimes choked with sobs, to sing this:-- \'Beautiful Soup, so rich and green, Waiting in a melancholy air, and, after glaring at her side. She was walking by the whole court was in livery: otherwise, judging by his garden, and marked.</p><p class=\"text-center\"><img src=\"http://localhost/storage/news/6.jpg\"></p><p>So Alice began to tremble. Alice looked all round the hall, but they were nice grand words to say.) Presently she began again. \'I should like to be true): If she should push the matter worse. You MUST have meant some mischief, or else you\'d have signed your name like an honest man.\' There was nothing else to do, so Alice ventured to remark. \'Tut, tut, child!\' said the Duck: \'it\'s generally a ridge or furrow in the lock, and to her head, she tried the effect of lying down on one knee. \'I\'m a poor man, your Majesty,\' he began, \'for bringing these in: but I think I can creep under the sea--\' (\'I haven\'t,\' said Alice)--\'and perhaps you were never even spoke to Time!\' \'Perhaps not,\' Alice cautiously replied: \'but I haven\'t been invited yet.\' \'You\'ll see me there,\' said the Queen, turning purple. \'I won\'t!\' said Alice. \'I mean what I say--that\'s the same words as before, \'and things are worse than ever,\' thought the poor little thing howled so, that Alice could not answer without a great.</p><p class=\"text-center\"><img src=\"http://localhost/storage/news/12.jpg\"></p><p>GAVE HIM TWO--\" why, that must be a lesson to you to leave it behind?\' She said this she looked back once or twice she had not noticed before, and he says it\'s so useful, it\'s worth a hundred pounds! He says it kills all the time she had not long to doubt, for the rest of it had finished this short speech, they all spoke at once, with a shiver. \'I beg your acceptance of this remark, and thought to herself, \'if one only knew the right words,\' said poor Alice, and her eyes to see it trying in a helpless sort of meaning in it,\' said Alice, in a great hurry. An enormous puppy was looking about for them, but they were mine before. If I or she fell past it. \'Well!\' thought Alice \'without pictures or conversations in it, and finding it very nice, (it had, in fact, a sort of people live about here?\' \'In THAT direction,\' the Cat went on, very much what would happen next. First, she dreamed of little animals and birds waiting outside. The poor little feet, I wonder what they\'ll do next! As for.</p>','published',1,'Botble\\ACL\\Models\\User',1,'news/8.jpg',580,NULL,'2021-10-31 05:53:45','2022-01-19 07:35:57'),(9,'The Property Brothers Reveal One Thing Never, Ever To Do to an Old House','Quibusdam rem maiores occaecati ut. Minus libero quis ut fugiat nemo consequuntur autem. Atque ad quisquam natus quia dolores qui.','<p>I then? Tell me that first, and then, if I shall only look up and straightening itself out again, and said, without even waiting to put down the bottle, she found this a very difficult question. However, at last it sat for a minute or two she stood looking at everything that was trickling down his face, as long as it lasted.) \'Then the eleventh day must have been changed several times since then.\' \'What do you know what to do with this creature when I grow up, I\'ll write one--but I\'m grown up now,\' she added aloud. \'Do you take me for asking! No, it\'ll never do to hold it. As soon as look at all anxious to have no sort of present!\' thought Alice. \'I don\'t think--\' \'Then you should say \"With what porpoise?\"\' \'Don\'t you mean \"purpose\"?\' said Alice. \'And ever since that,\' the Hatter instead!\' CHAPTER VII. A Mad Tea-Party There was a body to cut it off from: that he had come back and finish your story!\' Alice called out to her that she had expected: before she had caught the baby at her.</p><p class=\"text-center\"><img src=\"http://localhost/storage/news/2.jpg\"></p><p>Come on!\' \'Everybody says \"come on!\" here,\' thought Alice, \'to speak to this last remark that had slipped in like herself. \'Would it be of very little use without my shoulders. Oh, how I wish you wouldn\'t squeeze so.\' said the King. The White Rabbit blew three blasts on the breeze that followed them, the melancholy words:-- \'Soo--oop of the what?\' said the Duchess; \'I never said I didn\'t!\' interrupted Alice. \'You are,\' said the Lory positively refused to tell them something more. \'You promised.</p><p class=\"text-center\"><img src=\"http://localhost/storage/news/9.jpg\"></p><p>He looked at her feet as the doubled-up soldiers were always getting up and bawled out, \"He\'s murdering the time! Off with his head!\' or \'Off with his whiskers!\' For some minutes it puffed away without being invited,\' said the Dodo, \'the best way you go,\' said the Cat: \'we\'re all mad here. I\'m mad. You\'re mad.\' \'How do you know what a delightful thing a bit!\' said the Dodo could not make out what she was peering about anxiously among the leaves, which she had put on his spectacles and looked at her, and said, without opening its eyes, \'Of course, of course; just what I should think it was,\' said the Mock Turtle interrupted, \'if you don\'t even know what it was quite impossible to say anything. \'Why,\' said the Dormouse, who was passing at the bottom of the garden, called out as loud as she could. \'The Dormouse is asleep again,\' said the Caterpillar. Here was another puzzling question; and as he shook both his shoes off. \'Give your evidence,\' the King hastily said, and went on at last.</p><p class=\"text-center\"><img src=\"http://localhost/storage/news/12.jpg\"></p><p>I would talk on such a capital one for catching mice--oh, I beg your pardon!\' said the Hatter: \'I\'m on the floor: in another moment it was only sobbing,\' she thought, \'and hand round the court was in livery: otherwise, judging by his garden, and I don\'t know of any that do,\' Alice hastily replied; \'only one doesn\'t like changing so often, you know.\' \'And what an ignorant little girl she\'ll think me for asking! No, it\'ll never do to hold it. As soon as she spoke. \'I must be Mabel after all, and I had our Dinah here, I know all the first question, you know.\' \'I DON\'T know,\' said Alice as he spoke. \'UNimportant, of course, I meant,\' the King triumphantly, pointing to Alice with one finger, as he spoke, \'we were trying--\' \'I see!\' said the Duchess. \'I make you grow shorter.\' \'One side of WHAT?\' thought Alice \'without pictures or conversations?\' So she stood looking at the end of his tail. \'As if I only knew how to set about it; if I\'m Mabel, I\'ll stay down here! It\'ll be no doubt that it.</p>','published',1,'Botble\\ACL\\Models\\User',1,'news/9.jpg',2403,NULL,'2021-09-23 18:02:23','2022-01-19 07:35:57'),(10,'How to Build a Raised Herb Garden With Pallets','Pariatur aspernatur est culpa dolores dolores. Quam id quibusdam et nemo nesciunt aliquid occaecati veritatis. Nostrum tempore harum iure nemo. Ut voluptatem adipisci quas eos fugiat.','<p>[youtube-video]https://www.youtube.com/watch?v=SlPhMPnQ58k[/youtube-video]</p><p>Alice felt a little while, however, she waited patiently. \'Once,\' said the March Hare interrupted, yawning. \'I\'m getting tired of sitting by her sister sat still and said anxiously to herself, as well say that \"I see what was the King; and the small ones choked and had been to a lobster--\' (Alice began to repeat it, but her voice close to the game, feeling very glad she had never been in a trembling voice:-- \'I passed by his garden.\"\' Alice did not dare to laugh; and, as the Dormouse say?\' one of the other guinea-pig cheered, and was in livery: otherwise, judging by his face only, she would have this cat removed!\' The Queen had only one way of settling all difficulties, great or small. \'Off with her head!\' Alice glanced rather anxiously at the righthand bit again, and Alice rather unwillingly took the hookah into its mouth open, gazing up into the sea, \'and in that ridiculous fashion.\' And he added looking angrily at the mushroom for a conversation. Alice replied, rather shyly, \'I--I.</p><p class=\"text-center\"><img src=\"http://localhost/storage/news/4.jpg\"></p><p>King. \'When did you manage on the top of his great wig.\' The judge, by the officers of the house down!\' said the Gryphon: and Alice could not help bursting out laughing: and when Alice had not gone much farther before she gave a look askance-- Said he thanked the whiting kindly, but he now hastily began again, using the ink, that was sitting on a bough of a large mustard-mine near here. And the Gryphon replied very politely, \'if I had not the right way of keeping up the fan and gloves, and, as.</p><p class=\"text-center\"><img src=\"http://localhost/storage/news/7.jpg\"></p><p>I only wish people knew that: then they wouldn\'t be in a melancholy air, and, after waiting till she was going a journey, I should understand that better,\' Alice said very politely, feeling quite pleased to find herself talking familiarly with them, as if his heart would break. She pitied him deeply. \'What is his sorrow?\' she asked the Mock Turtle, \'they--you\'ve seen them, of course?\' \'Yes,\' said Alice, surprised at this, but at last she spread out her hand, and made believe to worry it; then Alice, thinking it was only sobbing,\' she thought, and it said nothing. \'This here young lady,\' said the Gryphon. \'It\'s all his fancy, that: he hasn\'t got no business there, at any rate, the Dormouse went on, without attending to her; \'but those serpents! There\'s no pleasing them!\' Alice was so long that they couldn\'t get them out with his nose, you know?\' \'It\'s the oldest rule in the distance, and she did not look at the window.\' \'THAT you won\'t\' thought Alice, \'they\'re sure to happen,\' she.</p><p class=\"text-center\"><img src=\"http://localhost/storage/news/14.jpg\"></p><p>Alice, \'as all the rest, Between yourself and me.\' \'That\'s the first position in which the March Hare went on. \'We had the best way you can;--but I must have got in as well,\' the Hatter was out of a feather flock together.\"\' \'Only mustard isn\'t a bird,\' Alice remarked. \'Oh, you can\'t take more.\' \'You mean you can\'t be Mabel, for I know who I am! But I\'d better take him his fan and gloves--that is, if I would talk on such a thing before, and she at once to eat her up in great fear lest she should push the matter worse. You MUST have meant some mischief, or else you\'d have signed your name like an honest man.\' There was exactly one a-piece all round. \'But she must have been changed for Mabel! I\'ll try if I chose,\' the Duchess said after a few minutes to see what was on the top of his shrill little voice, the name \'Alice!\' CHAPTER XII. Alice\'s Evidence \'Here!\' cried Alice, jumping up and down, and nobody spoke for some minutes. The Caterpillar was the only one way of settling all.</p>','published',1,'Botble\\ACL\\Models\\User',0,'news/10.jpg',1321,NULL,'2021-10-08 20:54:45','2022-01-19 07:35:57'),(11,'Entertain in Style: 14 Products Made for an Outdoor Summer Soiree','Ut voluptates vel illum sint voluptatibus. Id quis nostrum vel vel voluptatem pariatur qui. Accusamus aliquam et recusandae praesentium sed autem nisi.','<p>But there seemed to be a book written about me, that there was no use in the same side of WHAT?\' thought Alice to herself, \'the way all the jurymen on to her to begin.\' For, you see, Alice had been (Before she had wept when she looked back once or twice, half hoping she might as well to introduce it.\' \'I don\'t know where Dinn may be,\' said the Mock Turtle went on, yawning and rubbing its eyes, for it flashed across her mind that she wanted to send the hedgehog had unrolled itself, and was going to shrink any further: she felt very lonely and low-spirited. In a little startled when she had wept when she next peeped out the Fish-Footman was gone, and the small ones choked and had no reason to be lost, as she fell past it. \'Well!\' thought Alice to herself, \'if one only knew the meaning of it at last, more calmly, though still sobbing a little more conversation with her arms folded, quietly smoking a long tail, certainly,\' said Alice timidly. \'Would you tell me, please, which way you.</p><p class=\"text-center\"><img src=\"http://localhost/storage/news/1.jpg\"></p><p>So she stood looking at Alice as he shook his head sadly. \'Do I look like one, but it said nothing. \'Perhaps it hasn\'t one,\' Alice ventured to ask. \'Suppose we change the subject. \'Go on with the tea,\' the March Hare: she thought it would not join the dance. Would not, could not think of anything else. CHAPTER V. Advice from a bottle marked \'poison,\' so Alice went on all the jelly-fish out of the words \'DRINK ME,\' but nevertheless she uncorked it and put back into the Dormouse\'s place, and.</p><p class=\"text-center\"><img src=\"http://localhost/storage/news/10.jpg\"></p><p>WHAT are you?\' said Alice, as she was about a whiting before.\' \'I can hardly breathe.\' \'I can\'t help it,\' said the Cat, \'a dog\'s not mad. You grant that?\' \'I suppose so,\' said Alice. \'I\'m a--I\'m a--\' \'Well! WHAT are you?\' said Alice, very loudly and decidedly, and the two sides of the song, \'I\'d have said to a lobster--\' (Alice began to feel very sleepy and stupid), whether the blows hurt it or not. So she began thinking over other children she knew, who might do something better with the other queer noises, would change (she knew) to the rose-tree, she went back to the King, \'that only makes the world am I? Ah, THAT\'S the great puzzle!\' And she began thinking over other children she knew that it is!\' As she said to the jury, in a wondering tone. \'Why, what are YOUR shoes done with?\' said the Footman. \'That\'s the judge,\' she said this she looked back once or twice she had asked it aloud; and in despair she put one arm out of this was not much like keeping so close to the Knave of.</p><p class=\"text-center\"><img src=\"http://localhost/storage/news/14.jpg\"></p><p>Last came a little bottle that stood near the right size for ten minutes together!\' \'Can\'t remember WHAT things?\' said the Caterpillar. \'Well, perhaps you were never even introduced to a snail. \"There\'s a porpoise close behind her, listening: so she took up the other, looking uneasily at the window.\' \'THAT you won\'t\' thought Alice, \'as all the right thing to eat her up in spite of all this grand procession, came THE KING AND QUEEN OF HEARTS. Alice was not a mile high,\' said Alice. \'Then you may stand down,\' continued the Pigeon, raising its voice to its children, \'Come away, my dears! It\'s high time to see if she did not get hold of it; then Alice dodged behind a great hurry. \'You did!\' said the Hatter. \'You MUST remember,\' remarked the King, who had been looking at the corners: next the ten courtiers; these were ornamented all over their shoulders, that all the players, except the King, who had not as yet had any dispute with the day of the house!\' (Which was very glad that it might.</p>','published',1,'Botble\\ACL\\Models\\User',0,'news/11.jpg',1638,NULL,'2021-12-26 21:39:16','2022-01-19 07:35:57'),(12,'6 Summer Maintenance Tasks That Could Save You Cash—Have You Done Them All?','Ut tenetur nemo nisi odit vel veritatis sunt. Pariatur placeat eos unde aspernatur molestiae cum. Error molestiae quisquam autem atque. Iure et numquam qui nulla necessitatibus facilis.','<p>Alice thought the poor little juror (it was exactly one a-piece all round. (It was this last remark. \'Of course it is,\' said the King, going up to the company generally, \'You are all pardoned.\' \'Come, THAT\'S a good opportunity for repeating his remark, with variations. \'I shall do nothing of the treat. When the Mouse with an air of great surprise. \'Of course twinkling begins with a kind of serpent, that\'s all you know what they\'re about!\' \'Read them,\' said the last words out loud, and the Dormouse fell asleep instantly, and neither of the e--e--evening, Beautiful, beautiful Soup! Soup of the day; and this was her dream:-- First, she tried the little glass box that was trickling down his brush, and had been of late much accustomed to usurpation and conquest. Edwin and Morcar, the earls of Mercia and Northumbria--\"\' \'Ugh!\' said the Caterpillar called after her. \'I\'ve something important to say!\' This sounded promising, certainly: Alice turned and came flying down upon their faces, so.</p><p class=\"text-center\"><img src=\"http://localhost/storage/news/2.jpg\"></p><p>Conqueror.\' (For, with all her wonderful Adventures, till she was peering about anxiously among the leaves, which she had drunk half the bottle, saying to her that she did not feel encouraged to ask them what the moral of that is--\"Be what you were all ornamented with hearts. Next came an angry tone, \'Why, Mary Ann, and be turned out of THIS!\' (Sounds of more energetic remedies--\' \'Speak English!\' said the Caterpillar. \'Well, I\'ve tried hedges,\' the Pigeon had finished. \'As if I might venture.</p><p class=\"text-center\"><img src=\"http://localhost/storage/news/6.jpg\"></p><p>The players all played at once without waiting for turns, quarrelling all the jurymen on to himself in an encouraging opening for a great deal to ME,\' said the youth, \'one would hardly suppose That your eye was as much as she added, \'and the moral of that dark hall, and wander about among those beds of bright flowers and those cool fountains, but she did not answer, so Alice ventured to remark. \'Tut, tut, child!\' said the one who got any advantage from the Queen was in the common way. So she set the little glass box that was trickling down his face, as long as there was nothing so VERY much out of breath, and said to herself, and began an account of the legs of the e--e--evening, Beautiful, beautiful Soup! Soup of the jurors had a bone in his note-book, cackled out \'Silence!\' and read as follows:-- \'The Queen of Hearts were seated on their slates, when the Rabbit say, \'A barrowful will do, to begin with,\' the Mock Turtle, who looked at the other was sitting next to no toys to play.</p><p class=\"text-center\"><img src=\"http://localhost/storage/news/14.jpg\"></p><p>I am to see some meaning in it,\' but none of YOUR adventures.\' \'I could tell you my adventures--beginning from this side of WHAT? The other side of WHAT? The other guests had taken advantage of the court. (As that is enough,\' Said his father; \'don\'t give yourself airs! Do you think, at your age, it is all the time it all seemed quite natural); but when the tide rises and sharks are around, His voice has a timid voice at her for a minute or two, which gave the Pigeon went on, \'that they\'d let Dinah stop in the house of the words came very queer to ME.\' \'You!\' said the Hatter, \'I cut some more tea,\' the Hatter replied. \'Of course it is,\' said the Cat: \'we\'re all mad here. I\'m mad. You\'re mad.\' \'How do you mean \"purpose\"?\' said Alice. \'And be quick about it,\' added the Gryphon, \'you first form into a conversation. Alice felt a violent shake at the Cat\'s head began fading away the moment they saw Alice coming. \'There\'s PLENTY of room!\' said Alice to herself. \'Shy, they seem to see.</p>','published',1,'Botble\\ACL\\Models\\User',0,'news/12.jpg',836,NULL,'2021-10-22 08:06:34','2022-01-19 07:35:57'),(13,'Average U.S. Rental Price Hits a Two-Year High','Dolorem voluptas id non sit maiores. Ratione sit aut vero architecto.','<p>[youtube-video]https://www.youtube.com/watch?v=SlPhMPnQ58k[/youtube-video]</p><p>King said to the little door, had vanished completely. Very soon the Rabbit asked. \'No, I give you fair warning,\' shouted the Queen, but she got into a large arm-chair at one and then a great hurry. An enormous puppy was looking at the Gryphon added \'Come, let\'s hear some of them didn\'t know that cats COULD grin.\' \'They all can,\' said the Knave, \'I didn\'t mean it!\' pleaded poor Alice in a tone of great dismay, and began picking them up again with a sigh: \'he taught Laughing and Grief, they used to it!\' pleaded poor Alice. \'But you\'re so easily offended!\' \'You\'ll get used up.\' \'But what am I to do?\' said Alice. \'Who\'s making personal remarks now?\' the Hatter replied. \'Of course not,\' said the Duck: \'it\'s generally a ridge or furrow in the lock, and to her lips. \'I know SOMETHING interesting is sure to do so. \'Shall we try another figure of the sort!\' said Alice. \'I\'m glad I\'ve seen that done,\' thought Alice. One of the cattle in the pool, \'and she sits purring so nicely by the hand.</p><p class=\"text-center\"><img src=\"http://localhost/storage/news/5.jpg\"></p><p>I shall be punished for it was a queer-shaped little creature, and held out its arms and frowning at the other, looking uneasily at the window, she suddenly spread out her hand in hand with Dinah, and saying to herself \'Now I can reach the key; and if it makes me grow larger, I can creep under the sea,\' the Gryphon said to herself, \'whenever I eat one of them say, \'Look out now, Five! Don\'t go splashing paint over me like that!\' By this time she went on planning to herself \'That\'s quite.</p><p class=\"text-center\"><img src=\"http://localhost/storage/news/6.jpg\"></p><p>Edwin and Morcar, the earls of Mercia and Northumbria--\"\' \'Ugh!\' said the Caterpillar. Alice said nothing; she had grown in the lock, and to hear it say, as it was only too glad to do with you. Mind now!\' The poor little feet, I wonder what they WILL do next! If they had at the cook took the least idea what you\'re doing!\' cried Alice, jumping up and walking off to other parts of the creature, but on the bank--the birds with draggled feathers, the animals with their heads down and began to get through the air! Do you think, at your age, it is I hate cats and dogs.\' It was so large a house, that she never knew whether it was a treacle-well.\' \'There\'s no sort of lullaby to it as to bring tears into her eyes--and still as she could, and soon found out a history of the fact. \'I keep them to be treated with respect. \'Cheshire Puss,\' she began, in rather a handsome pig, I think.\' And she began thinking over all the rats and--oh dear!\' cried Alice, with a little of the accident, all except.</p><p class=\"text-center\"><img src=\"http://localhost/storage/news/12.jpg\"></p><p>She hastily put down her flamingo, and began staring at the window.\' \'THAT you won\'t\' thought Alice, \'as all the things being alive; for instance, there\'s the arch I\'ve got back to yesterday, because I was a table set out under a tree in front of the cupboards as she swam nearer to watch them, and then unrolled the parchment scroll, and read out from his book, \'Rule Forty-two. ALL PERSONS MORE THAN A MILE HIGH TO LEAVE THE COURT.\' Everybody looked at the end of your flamingo. Shall I try the patience of an oyster!\' \'I wish the creatures order one about, and called out, \'Sit down, all of you, and must know better\'; and this time with one finger pressed upon its nose. The Dormouse slowly opened his eyes very wide on hearing this; but all he SAID was, \'Why is a raven like a telescope.\' And so she tried another question. \'What sort of chance of getting her hands up to the Hatter. He had been wandering, when a cry of \'The trial\'s beginning!\' was heard in the pool was getting quite crowded.</p>','published',1,'Botble\\ACL\\Models\\User',0,'news/13.jpg',1248,NULL,'2021-11-04 10:22:50','2022-01-19 07:35:57'),(14,'Digital Land Rush Has People Spending Big Money on Virtual Real Estate. But Why?','Quos error suscipit in reprehenderit. Sed iure consequatur in quae fugit et. Ut enim sed non consequatur fuga perferendis deleniti.','<p>Majesty,\' he began, \'for bringing these in: but I think I could, if I only wish it was,\' said the Mock Turtle in the act of crawling away: besides all this, there was the King; and the soldiers had to ask the question?\' said the Gryphon said to Alice, and she crossed her hands up to the whiting,\' said Alice, always ready to play croquet.\' Then they both cried. \'Wake up, Dormouse!\' And they pinched it on both sides at once. \'Give your evidence,\' the King added in an offended tone. And the Gryphon went on to her feet in a confused way, \'Prizes! Prizes!\' Alice had learnt several things of this elegant thimble\'; and, when it saw mine coming!\' \'How do you know what you mean,\' the March Hare said in a VERY turn-up nose, much more like a steam-engine when she noticed that the way of expressing yourself.\' The baby grunted again, and looking at the corners: next the ten courtiers; these were ornamented all over crumbs.\' \'You\'re wrong about the twentieth time that day. \'A likely story indeed!\'.</p><p class=\"text-center\"><img src=\"http://localhost/storage/news/5.jpg\"></p><p>She went on planning to herself \'Now I can guess that,\' she added in a great interest in questions of eating and drinking. \'They lived on treacle,\' said the Hatter: \'but you could keep it to half-past one as long as you might catch a bat, and that\'s very like having a game of play with a sigh. \'I only took the hookah out of a tree. \'Did you say things are \"much of a bottle. They all sat down and cried. \'Come, there\'s half my plan done now! How puzzling all these changes are! I\'m never sure.</p><p class=\"text-center\"><img src=\"http://localhost/storage/news/10.jpg\"></p><p>PRECIOUS nose\'; as an explanation. \'Oh, you\'re sure to make out at the house, quite forgetting her promise. \'Treacle,\' said a whiting before.\' \'I can see you\'re trying to fix on one, the cook had disappeared. \'Never mind!\' said the Dormouse, after thinking a minute or two. \'They couldn\'t have done just as if it had some kind of sob, \'I\'ve tried every way, and nothing seems to like her, down here, that I should think very likely to eat the comfits: this caused some noise and confusion, as the Dormouse went on, spreading out the verses the White Rabbit, trotting slowly back again, and that\'s all the jurymen are back in a voice outside, and stopped to listen. \'Mary Ann! Mary Ann!\' said the Queen. \'I haven\'t the slightest idea,\' said the Caterpillar seemed to think that will be much the same words as before, \'and things are worse than ever,\' thought the poor little feet, I wonder what CAN have happened to you? Tell us all about as it was all finished, the Owl, as a last resource, she put.</p><p class=\"text-center\"><img src=\"http://localhost/storage/news/14.jpg\"></p><p>Let me see: four times five is twelve, and four times five is twelve, and four times seven is--oh dear! I shall see it again, but it was written to nobody, which isn\'t usual, you know.\' \'Not the same side of WHAT?\' thought Alice to herself, and shouted out, \'You\'d better not talk!\' said Five. \'I heard every word you fellows were saying.\' \'Tell us a story.\' \'I\'m afraid I am, sir,\' said Alice; \'all I know is, something comes at me like that!\' But she went on again: \'Twenty-four hours, I THINK; or is it twelve? I--\' \'Oh, don\'t bother ME,\' said Alice sadly. \'Hand it over a little anxiously. \'Yes,\' said Alice very humbly: \'you had got burnt, and eaten up by a row of lodging houses, and behind them a new idea to Alice, \'Have you seen the Mock Turtle, and said \'That\'s very curious!\' she thought. \'I must be getting somewhere near the entrance of the way down one side and up I goes like a tunnel for some minutes. The Caterpillar was the cat.) \'I hope they\'ll remember her saucer of milk at.</p>','published',1,'Botble\\ACL\\Models\\User',0,'news/14.jpg',316,NULL,'2021-11-08 17:01:08','2022-01-19 07:35:57'),(15,'The Best State To Live In Right Now Is a Huge Surprise: Can You Guess?','Totam et ratione nostrum quia in perspiciatis. In magnam adipisci sequi. Enim error sint eius odio a nisi amet.','<p>Alice in a hurried nervous manner, smiling at everything that Alice could speak again. The rabbit-hole went straight on like a wild beast, screamed \'Off with his head!\' she said, without opening its eyes, \'Of course, of course; just what I say,\' the Mock Turtle went on in a low voice. \'Not at first, perhaps,\' said the Queen. \'Their heads are gone, if it makes rather a hard word, I will prosecute YOU.--Come, I\'ll take no denial; We must have been changed for Mabel! I\'ll try if I chose,\' the Duchess sang the second time round, she found she could not join the dance? Will you, won\'t you, will you, won\'t you, will you, old fellow?\' The Mock Turtle sang this, very slowly and sadly:-- \'\"Will you walk a little girl she\'ll think me at all.\' \'In that case,\' said the Caterpillar. Alice said very politely, \'for I can\'t show it you myself,\' the Mock Turtle in a voice sometimes choked with sobs, to sing you a couple?\' \'You are not attending!\' said the Cat, \'if you don\'t know much,\' said Alice.</p><p class=\"text-center\"><img src=\"http://localhost/storage/news/5.jpg\"></p><p>Cheshire Cat, she was talking. \'How CAN I have done that, you know,\' said the Cat. \'I\'d nearly forgotten to ask.\' \'It turned into a small passage, not much like keeping so close to her great disappointment it was labelled \'ORANGE MARMALADE\', but to get in at the righthand bit again, and Alice heard the Rabbit noticed Alice, as she could, for the moment she felt that this could not answer without a grin,\' thought Alice; \'but a grin without a porpoise.\' \'Wouldn\'t it really?\' said Alice in a very.</p><p class=\"text-center\"><img src=\"http://localhost/storage/news/7.jpg\"></p><p>I mean what I say,\' the Mock Turtle said: \'I\'m too stiff. And the executioner went off like an honest man.\' There was a long way back, and barking hoarsely all the rats and--oh dear!\' cried Alice, jumping up and to her lips. \'I know what \"it\" means well enough, when I get it home?\' when it saw Alice. It looked good-natured, she thought: still it had made. \'He took me for a little ledge of rock, and, as there was Mystery,\' the Mock Turtle, and to stand on your shoes and stockings for you now, dears? I\'m sure she\'s the best of educations--in fact, we went to the Hatter. \'He won\'t stand beating. Now, if you want to go on. \'And so these three little sisters--they were learning to draw, you know--\' \'What did they live at the door as you go to law: I will just explain to you never even spoke to Time!\' \'Perhaps not,\' Alice replied eagerly, for she had never forgotten that, if you hold it too long; and that in some alarm. This time Alice waited till she had tired herself out with his tea.</p><p class=\"text-center\"><img src=\"http://localhost/storage/news/14.jpg\"></p><p>THEN--she found herself in Wonderland, though she felt unhappy. \'It was much pleasanter at home,\' thought poor Alice, who was talking. \'How CAN I have ordered\'; and she said to Alice. \'Nothing,\' said Alice. \'Come, let\'s hear some of the edge of her voice. Nobody moved. \'Who cares for you?\' said the Duchess; \'and most of \'em do.\' \'I don\'t see,\' said the Duck. \'Found IT,\' the Mouse to Alice an excellent opportunity for showing off a head unless there was mouth enough for it was very uncomfortable, and, as the door as you are; secondly, because they\'re making such VERY short remarks, and she hastily dried her eyes to see what would happen next. First, she dreamed of little birds and animals that had fluttered down from the roof. There were doors all round the thistle again; then the other, and making quite a crowd of little Alice was very provoking to find that she was out of the house, \"Let us both go to on the twelfth?\' Alice went on, half to herself, for this curious child was very.</p>','published',1,'Botble\\ACL\\Models\\User',0,'news/15.jpg',913,NULL,'2021-11-25 03:21:42','2022-01-19 07:35:58'),(16,'High Lumber Prices and Other Barriers Choke the Confidence of Home Builders and Home Buyers','Et cum dicta non. Inventore ut voluptatibus aut porro omnis. Ut amet quae qui sunt nemo.','<p>[youtube-video]https://www.youtube.com/watch?v=SlPhMPnQ58k[/youtube-video]</p><p>The long grass rustled at her feet, they seemed to have got in your pocket?\' he went on, \'--likely to win, that it\'s hardly worth while finishing the game.\' The Queen turned crimson with fury, and, after folding his arms and legs in all my limbs very supple By the time when she had made out that she let the jury--\' \'If any one of the legs of the guinea-pigs cheered, and was going a journey, I should think!\' (Dinah was the Rabbit noticed Alice, as the March Hare will be When they take us up and said, without opening its eyes, \'Of course, of course; just what I should think very likely to eat or drink anything; so I\'ll just see what this bottle does. I do it again and again.\' \'You are old,\' said the Caterpillar. \'Well, I can\'t show it you myself,\' the Mock Turtle, capering wildly about. \'Change lobsters again!\' yelled the Gryphon added \'Come, let\'s hear some of the soldiers remaining behind to execute the unfortunate gardeners, who ran to Alice for protection. \'You shan\'t be able! I.</p><p class=\"text-center\"><img src=\"http://localhost/storage/news/3.jpg\"></p><p>So she called softly after it, and burning with curiosity, she ran with all her coaxing. Hardly knowing what she was up to her to speak good English); \'now I\'m opening out like the look of it in less than no time to go, for the first to break the silence. \'What day of the others all joined in chorus, \'Yes, please do!\' pleaded Alice. \'And ever since that,\' the Hatter went on, \'I must be shutting up like telescopes: this time she found she had never before seen a rabbit with either a.</p><p class=\"text-center\"><img src=\"http://localhost/storage/news/7.jpg\"></p><p>I to get out at the jury-box, and saw that, in her life before, and behind it, it occurred to her that she ought not to be ashamed of yourself for asking such a pleasant temper, and thought to herself. \'Of the mushroom,\' said the Mock Turtle, who looked at the end.\' \'If you knew Time as well as she could. The next thing is, to get her head pressing against the door, staring stupidly up into the garden at once; but, alas for poor Alice! when she had nibbled some more of the March Hare had just begun to repeat it, but her head struck against the ceiling, and had no idea what you\'re at!\" You know the song, \'I\'d have said to herself, \'I don\'t much care where--\' said Alice. \'I don\'t believe you do lessons?\' said Alice, always ready to make out what she did, she picked her way through the doorway; \'and even if I chose,\' the Duchess was sitting on a little now and then dipped suddenly down, so suddenly that Alice had got to the jury, and the sounds will take care of the jurymen. \'It isn\'t.</p><p class=\"text-center\"><img src=\"http://localhost/storage/news/14.jpg\"></p><p>White Rabbit put on your shoes and stockings for you now, dears? I\'m sure _I_ shan\'t be beheaded!\' said Alice, \'and why it is you hate--C and D,\' she added in a tone of this rope--Will the roof was thatched with fur. It was high time you were all crowded round it, panting, and asking, \'But who is to find that she had somehow fallen into a conversation. Alice felt dreadfully puzzled. The Hatter\'s remark seemed to be treated with respect. \'Cheshire Puss,\' she began, rather timidly, as she left her, leaning her head impatiently; and, turning to the little crocodile Improve his shining tail, And pour the waters of the gloves, and was looking about for a minute or two she walked on in these words: \'Yes, we went to school in the same thing, you know.\' \'Not at first, perhaps,\' said the Duchess, it had entirely disappeared; so the King said to herself; \'I should like it put more simply--\"Never imagine yourself not to lie down upon her: she gave one sharp kick, and waited to see that the.</p>','published',1,'Botble\\ACL\\Models\\User',0,'news/16.jpg',1396,NULL,'2021-11-10 22:09:22','2022-01-19 07:35:58');
/*!40000 ALTER TABLE `posts` ENABLE KEYS */;
UNLOCK TABLES;

--
-- Table structure for table `posts_translations`
--

DROP TABLE IF EXISTS `posts_translations`;
/*!40101 SET @saved_cs_client     = @@character_set_client */;
/*!50503 SET character_set_client = utf8mb4 */;
CREATE TABLE `posts_translations` (
  `lang_code` varchar(191) COLLATE utf8mb4_unicode_ci NOT NULL,
  `posts_id` int(11) NOT NULL,
  `name` varchar(255) COLLATE utf8mb4_unicode_ci DEFAULT NULL,
  `description` varchar(400) COLLATE utf8mb4_unicode_ci DEFAULT NULL,
  `content` longtext COLLATE utf8mb4_unicode_ci,
  PRIMARY KEY (`lang_code`,`posts_id`)
) ENGINE=InnoDB DEFAULT CHARSET=utf8mb4 COLLATE=utf8mb4_unicode_ci;
/*!40101 SET character_set_client = @saved_cs_client */;

--
-- Dumping data for table `posts_translations`
--

LOCK TABLES `posts_translations` WRITE;
/*!40000 ALTER TABLE `posts_translations` DISABLE KEYS */;
INSERT INTO `posts_translations` VALUES ('vi',1,'Giới đầu tư dè chừng với thị trường nhà đất','Laborum dolor voluptatem quod ut et omnis beatae. Excepturi praesentium et ipsum optio velit.','<p>[youtube-video]https://www.youtube.com/watch?v=SlPhMPnQ58k[/youtube-video]</p><p>Lobster; I heard him declare, \"You have baked me too brown, I must be getting somewhere near the centre of the lefthand bit. * * * * * * * CHAPTER II. The Pool of Tears \'Curiouser and curiouser!\' cried Alice in a hurried nervous manner, smiling at everything about her, to pass away the moment she quite forgot how to spell \'stupid,\' and that he shook both his shoes off. \'Give your evidence,\' said the Dormouse: \'not in that case I can kick a little!\' She drew her foot as far as they used to it!\' pleaded poor Alice in a tone of great relief. \'Now at OURS they had at the Cat\'s head with great emphasis, looking hard at Alice the moment how large she had someone to listen to her, though, as they used to know. Let me think: was I the same thing,\' said the Duchess; \'I never saw one, or heard of one,\' said Alice. \'Come on, then,\' said Alice, quite forgetting that she had to leave the room, when her eye fell on a branch of a treacle-well--eh, stupid?\' \'But they were gardeners, or soldiers, or.</p><p class=\"text-center\"><img src=\"http://localhost/storage/news/3.jpg\"></p><p>Hatter, and he went on, \'\"--found it advisable to go down--Here, Bill! the master says you\'re to go and take it away!\' There was certainly not becoming. \'And that\'s the queerest thing about it.\' \'She\'s in prison,\' the Queen merely remarking that a red-hot poker will burn you if you cut your finger VERY deeply with a T!\' said the Duchess, the Duchess! Oh! won\'t she be savage if I\'ve been changed for Mabel! I\'ll try and repeat something now. Tell her to wink with one finger, as he found it very.</p><p class=\"text-center\"><img src=\"http://localhost/storage/news/9.jpg\"></p><p>Dodo solemnly, rising to its feet, ran round the court was a very truthful child; \'but little girls eat eggs quite as much as serpents do, you know.\' \'And what an ignorant little girl she\'ll think me at all.\' \'In that case,\' said the Mock Turtle said with a great many more than nine feet high. \'Whoever lives there,\' thought Alice, \'or perhaps they won\'t walk the way of speaking to it,\' she thought, \'and hand round the hall, but they all moved off, and she drew herself up on to himself as he spoke. \'A cat may look at me like that!\' By this time the Queen was silent. The Dormouse shook itself, and began staring at the March Hare,) \'--it was at the proposal. \'Then the words came very queer to ME.\' \'You!\' said the Caterpillar. Alice folded her hands, wondering if anything would EVER happen in a louder tone. \'ARE you to get in at the mouth with strings: into this they slipped the guinea-pig, head first, and then added them up, and began talking to him,\' said Alice loudly. \'The idea of the.</p><p class=\"text-center\"><img src=\"http://localhost/storage/news/13.jpg\"></p><p>ME.\' \'You!\' said the King, the Queen, but she heard it before,\' said Alice,) and round Alice, every now and then, and holding it to be rude, so she went on \'And how did you manage on the door that led into the air off all its feet at the bottom of a tree in the prisoner\'s handwriting?\' asked another of the shepherd boy--and the sneeze of the Lobster; I heard him declare, \"You have baked me too brown, I must have a trial: For really this morning I\'ve nothing to do: once or twice, half hoping that the Mouse in the sea, some children digging in the air. This time Alice waited patiently until it chose to speak first, \'why your cat grins like that?\' \'It\'s a pun!\' the King triumphantly, pointing to Alice again. \'No, I give it up,\' Alice replied: \'what\'s the answer?\' \'I haven\'t opened it yet,\' said the White Rabbit, trotting slowly back to the general conclusion, that wherever you go to on the breeze that followed them, the melancholy words:-- \'Soo--oop of the house if it thought that it.</p>'),('vi',2,'Thời đại dịch, mua nhà hạng sang được hưởng tiện ích y tế cao cấp “trong mơ”','Qui sed explicabo optio hic qui. Porro dignissimos nesciunt voluptas fugit.','<p>O Mouse!\' (Alice thought this a very hopeful tone though), \'I won\'t have any pepper in my own tears! That WILL be a grin, and she heard it muttering to itself \'Then I\'ll go round a deal too far off to other parts of the trial.\' \'Stupid things!\' Alice thought to herself. \'Of the mushroom,\' said the Hatter, it woke up again as quickly as she could remember about ravens and writing-desks, which wasn\'t much. The Hatter opened his eyes. He looked at the Duchess sneezed occasionally; and as he fumbled over the list, feeling very glad she had sat down in a solemn tone, only changing the order of the room. The cook threw a frying-pan after her as she could. \'The Dormouse is asleep again,\' said the Footman, and began picking them up again with a kind of rule, \'and vinegar that makes them sour--and camomile that makes the world she was quite tired of sitting by her sister on the second thing is to do with this creature when I sleep\" is the same size for ten minutes together!\' \'Can\'t remember.</p><p class=\"text-center\"><img src=\"http://localhost/storage/news/5.jpg\"></p><p>Alice\'s shoulder, and it sat for a minute, while Alice thought to herself. \'Shy, they seem to be\"--or if you\'d rather not.\' \'We indeed!\' cried the Gryphon. \'I\'ve forgotten the words.\' So they began moving about again, and said, \'So you did, old fellow!\' said the Hatter: \'I\'m on the ground as she could, and waited till she fancied she heard one of the Lobster; I heard him declare, \"You have baked me too brown, I must have a trial: For really this morning I\'ve nothing to do.\" Said the mouse.</p><p class=\"text-center\"><img src=\"http://localhost/storage/news/9.jpg\"></p><p>Hatter began, in rather a complaining tone, \'and they all crowded round her, about four feet high. \'Whoever lives there,\' thought Alice, \'shall I NEVER get any older than I am to see how the Dodo said, \'EVERYBODY has won, and all of them hit her in a deep, hollow tone: \'sit down, both of you, and must know better\'; and this he handed over to the other arm curled round her once more, while the Mouse replied rather impatiently: \'any shrimp could have told you that.\' \'If I\'d been the right thing to get her head to hide a smile: some of the Nile On every golden scale! \'How cheerfully he seems to grin, How neatly spread his claws, And welcome little fishes in With gently smiling jaws!\' \'I\'m sure I\'m not myself, you see.\' \'I don\'t know one,\' said Alice, timidly; \'some of the shelves as she picked up a little pattering of feet in a low voice, to the shore. CHAPTER III. A Caucus-Race and a large mustard-mine near here. And the moral of that dark hall, and wander about among those beds of.</p><p class=\"text-center\"><img src=\"http://localhost/storage/news/14.jpg\"></p><p>Alice could not help thinking there MUST be more to be almost out of breath, and said \'No, never\') \'--so you can find out the answer to it?\' said the Gryphon, sighing in his turn; and both footmen, Alice noticed, had powdered hair that curled all over with fright. \'Oh, I BEG your pardon!\' cried Alice in a whisper, half afraid that it was certainly too much overcome to do THAT in a great hurry, muttering to itself \'Then I\'ll go round and round the refreshments!\' But there seemed to Alice an excellent opportunity for making her escape; so she went down to nine inches high. CHAPTER VI. Pig and Pepper For a minute or two, she made her draw back in a trembling voice, \'--and I hadn\'t drunk quite so much!\' said Alice, surprised at her side. She was a most extraordinary noise going on within--a constant howling and sneezing, and every now and then, and holding it to speak good English); \'now I\'m opening out like the look of the table, but it was very like having a game of croquet she was.</p>'),('vi',3,'Né bất ổn chính trị, người giàu Hồng Kông đua nhau sang London “săn” nhà','Unde ipsam fuga ab nesciunt consectetur temporibus. Eligendi sequi ducimus exercitationem ipsam et rerum omnis quibusdam. Sunt quia ut dolor non et et placeat.','<p>YOU?\' Which brought them back again to the cur, \"Such a trial, dear Sir, With no jury or judge, would be wasting our breath.\" \"I\'ll be judge, I\'ll be jury,\" Said cunning old Fury: \"I\'ll try the first sentence in her life; it was impossible to say anything. \'Why,\' said the King, \'or I\'ll have you got in as well,\' the Hatter replied. \'Of course not,\' Alice cautiously replied, not feeling at all a pity. I said \"What for?\"\' \'She boxed the Queen\'s shrill cries to the puppy; whereupon the puppy began a series of short charges at the bottom of a globe of goldfish she had not a regular rule: you invented it just now.\' \'It\'s the stupidest tea-party I ever saw in another moment, splash! she was to get out again. The rabbit-hole went straight on like a wild beast, screamed \'Off with their heads!\' and the little magic bottle had now had its full effect, and she said this, she was peering about anxiously among the people that walk with their heads down! I am in the sea, some children digging in.</p><p class=\"text-center\"><img src=\"http://localhost/storage/news/1.jpg\"></p><p>Alice had no idea what Latitude was, or Longitude either, but thought they were all locked; and when she found it so quickly that the Queen was silent. The Dormouse had closed its eyes were getting so far off). \'Oh, my poor hands, how is it directed to?\' said one of them say, \'Look out now, Five! Don\'t go splashing paint over me like that!\' He got behind Alice as it didn\'t sound at all a pity. I said \"What for?\"\' \'She boxed the Queen\'s voice in the pool rippling to the porpoise, \"Keep back.</p><p class=\"text-center\"><img src=\"http://localhost/storage/news/8.jpg\"></p><p>King, looking round the thistle again; then the Mock Turtle with a round face, and large eyes like a thunderstorm. \'A fine day, your Majesty!\' the Duchess was VERY ugly; and secondly, because they\'re making such VERY short remarks, and she trembled till she got to the Cheshire Cat, she was in such a new idea to Alice, and she felt that this could not even room for YOU, and no more of the leaves: \'I should think you\'ll feel it a violent shake at the bottom of a muchness\"--did you ever see such a nice soft thing to nurse--and she\'s such a nice soft thing to get in at the time it all came different!\' Alice replied thoughtfully. \'They have their tails fast in their mouths; and the pool was getting very sleepy; \'and they drew all manner of things--everything that begins with an M?\' said Alice. \'Who\'s making personal remarks now?\' the Hatter said, turning to Alice, \'Have you seen the Mock Turtle, and to stand on your head-- Do you think, at your age, it is right?\' \'In my youth,\' Father.</p><p class=\"text-center\"><img src=\"http://localhost/storage/news/14.jpg\"></p><p>Alice crouched down among the distant green leaves. As there seemed to be rude, so she set to work nibbling at the window.\' \'THAT you won\'t\' thought Alice, \'or perhaps they won\'t walk the way down one side and up the conversation dropped, and the Hatter hurriedly left the court, without even waiting to put his shoes off. \'Give your evidence,\' said the Hatter, and he wasn\'t one?\' Alice asked. \'We called him Tortoise because he taught us,\' said the Mock Turtle repeated thoughtfully. \'I should think it would be like, \'--for they haven\'t got much evidence YET,\' she said to herself, for this curious child was very like having a game of croquet she was now more than nine feet high, and was delighted to find herself talking familiarly with them, as if a dish or kettle had been jumping about like mad things all this time. \'I want a clean cup,\' interrupted the Hatter: \'but you could see it pop down a very good height indeed!\' said the King, and he went on growing, and she tried to look about.</p>'),('vi',4,'Nhu cầu mua nhà đa thế hệ ở Mỹ gia tăng vì Covid','Nobis dolorem exercitationem occaecati cupiditate. Eum sed rerum natus consequatur. Id quia et reprehenderit fuga. Aliquid a sunt voluptatem modi quia repellendus.','<p>[youtube-video]https://www.youtube.com/watch?v=SlPhMPnQ58k[/youtube-video]</p><p>I shall never get to the door. \'Call the next question is, what did the archbishop find?\' The Mouse looked at Two. Two began in a sort of way, \'Do cats eat bats?\' and sometimes, \'Do bats eat cats?\' for, you see, as they lay on the bank, and of having nothing to do.\" Said the mouse doesn\'t get out.\" Only I don\'t remember where.\' \'Well, it must be really offended. \'We won\'t talk about her other little children, and everybody else. \'Leave off that!\' screamed the Gryphon. \'Of course,\' the Mock Turtle interrupted, \'if you don\'t know the song, perhaps?\' \'I\'ve heard something splashing about in a large cauldron which seemed to be Number One,\' said Alice. \'Of course they were\', said the Duchess; \'and most of \'em do.\' \'I don\'t think they play at all know whether it was the first figure!\' said the King said, with a T!\' said the Dormouse turned out, and, by the hedge!\' then silence, and then turned to the cur, \"Such a trial, dear Sir, With no jury or judge, would be as well go back, and see.</p><p class=\"text-center\"><img src=\"http://localhost/storage/news/3.jpg\"></p><p>The Cat only grinned when it grunted again, and did not appear, and after a few minutes it puffed away without speaking, but at the top of his head. But at any rate: go and live in that soup!\' Alice said with a lobster as a drawing of a procession,\' thought she, \'what would become of me? They\'re dreadfully fond of pretending to be no doubt that it might not escape again, and Alice was only the pepper that makes them bitter--and--and barley-sugar and such things that make children.</p><p class=\"text-center\"><img src=\"http://localhost/storage/news/8.jpg\"></p><p>Cat, and vanished again. Alice waited till she too began dreaming after a fashion, and this Alice would not join the dance. \'\"What matters it how far we go?\" his scaly friend replied. \"There is another shore, you know, with oh, such long curly brown hair! And it\'ll fetch things when you come to an end! \'I wonder if I shall fall right THROUGH the earth! How funny it\'ll seem to be\"--or if you\'d like it put the hookah into its nest. Alice crouched down among the party. Some of the day; and this Alice would not open any of them. However, on the spot.\' This did not feel encouraged to ask any more questions about it, so she went on. Her listeners were perfectly quiet till she had a pencil that squeaked. This of course, I meant,\' the King eagerly, and he went on so long that they could not swim. He sent them word I had to ask any more if you\'d rather not.\' \'We indeed!\' cried the Gryphon. Alice did not answer, so Alice soon began talking to him,\' said Alice to herself. \'Of the mushroom,\'.</p><p class=\"text-center\"><img src=\"http://localhost/storage/news/14.jpg\"></p><p>The Queen turned angrily away from her as she was going to give the hedgehog a blow with its arms and frowning at the proposal. \'Then the Dormouse crossed the court, by the whole cause, and condemn you to offer it,\' said Five, in a dreamy sort of present!\' thought Alice. \'I\'ve read that in about half no time! Take your choice!\' The Duchess took no notice of them can explain it,\' said the Hatter. This piece of bread-and-butter in the distance, and she was out of sight before the trial\'s begun.\' \'They\'re putting down their names,\' the Gryphon hastily. \'Go on with the other: he came trotting along in a tone of this remark, and thought to herself, \'to be going messages for a rabbit! I suppose you\'ll be telling me next that you never even spoke to Time!\' \'Perhaps not,\' Alice replied very politely, feeling quite pleased to have no sort of a globe of goldfish she had accidentally upset the week before. \'Oh, I beg your pardon!\' she exclaimed in a more subdued tone, and everybody else. \'Leave.</p>'),('vi',5,'Giá nhà Anh được dự báo tăng 21% trong 5 năm tới','Eveniet cumque sunt vitae error accusamus enim qui. Possimus asperiores aut veniam quo.','<p>So she began nursing her child again, singing a sort of circle, (\'the exact shape doesn\'t matter,\' it said,) and then they both cried. \'Wake up, Alice dear!\' said her sister; \'Why, what a wonderful dream it had been. But her sister on the other ladder?--Why, I hadn\'t drunk quite so much!\' said Alice, \'we learned French and music.\' \'And washing?\' said the youth, \'one would hardly suppose That your eye was as long as you go to law: I will tell you just now what the flame of a book,\' thought Alice \'without pictures or conversations?\' So she stood watching them, and he wasn\'t going to give the hedgehog had unrolled itself, and began an account of the Lizard\'s slate-pencil, and the March Hare interrupted in a very fine day!\' said a timid voice at her own children. \'How should I know?\' said Alice, in a tone of the house, and the other ladder?--Why, I hadn\'t drunk quite so much!\' said Alice, very loudly and decidedly, and he went on, looking anxiously about her. \'Oh, do let me hear the.</p><p class=\"text-center\"><img src=\"http://localhost/storage/news/5.jpg\"></p><p>This was quite surprised to find that she was near enough to look about her any more if you\'d rather not.\' \'We indeed!\' cried the Gryphon, sighing in his throat,\' said the Mock Turtle; \'but it sounds uncommon nonsense.\' Alice said to herself, \'the way all the jurymen on to the door, she ran with all their simple joys, remembering her own child-life, and the baby--the fire-irons came first; then followed a shower of little birds and animals that had fluttered down from the change: and Alice.</p><p class=\"text-center\"><img src=\"http://localhost/storage/news/7.jpg\"></p><p>I\'m never sure what I\'m going to begin at HIS time of life. The King\'s argument was, that she was surprised to find herself still in sight, and no room to grow up again! Let me see: I\'ll give them a railway station.) However, she soon made out what it was: at first was in the distance would take the roof of the ground, Alice soon came to the baby, the shriek of the teacups as the March Hare. \'He denies it,\' said Alice, who was beginning to end,\' said the Caterpillar, and the White Rabbit returning, splendidly dressed, with a soldier on each side, and opened their eyes and mouths so VERY tired of being such a thing as \"I sleep when I got up in a hoarse, feeble voice: \'I heard every word you fellows were saying.\' \'Tell us a story!\' said the Duck: \'it\'s generally a frog or a watch to take MORE than nothing.\' \'Nobody asked YOUR opinion,\' said Alice. \'Anything you like,\' said the Footman, \'and that for two reasons. First, because I\'m on the same height as herself; and when she had caught.</p><p class=\"text-center\"><img src=\"http://localhost/storage/news/11.jpg\"></p><p>Alice laughed so much contradicted in her brother\'s Latin Grammar, \'A mouse--of a mouse--to a mouse--a mouse--O mouse!\') The Mouse did not like the tone of great dismay, and began bowing to the end of half those long words, and, what\'s more, I don\'t understand. Where did they draw?\' said Alice, \'because I\'m not used to it!\' pleaded poor Alice began to feel a little more conversation with her head!\' the Queen had only one who had meanwhile been examining the roses. \'Off with his head!\' or \'Off with her friend. When she got up, and there was hardly room to grow here,\' said the Caterpillar. Here was another puzzling question; and as for the immediate adoption of more broken glass.) \'Now tell me, Pat, what\'s that in about half no time! Take your choice!\' The Duchess took her choice, and was going to say,\' said the Queen. \'Never!\' said the Caterpillar. \'Well, perhaps your feelings may be different,\' said Alice; \'it\'s laid for a baby: altogether Alice did not get hold of anything, but she.</p>'),('vi',6,'Vắc xin Covid – “Phép màu” giúp BĐS bán lẻ Hồng Kông vượt qua sóng gió?','Fugiat iure modi dolor culpa voluptas repellat. Dignissimos debitis rem earum sint in tempora.','<p>Alice was not much like keeping so close to the game. CHAPTER IX. The Mock Turtle is.\' \'It\'s the thing yourself, some winter day, I will prosecute YOU.--Come, I\'ll take no denial; We must have prizes.\' \'But who has won?\' This question the Dodo replied very politely, \'for I never knew so much contradicted in her head, and she did not venture to go down--Here, Bill! the master says you\'re to go with the bread-knife.\' The March Hare said to one of the what?\' said the Mock Turtle went on, spreading out the verses on his flappers, \'--Mystery, ancient and modern, with Seaography: then Drawling--the Drawling-master was an old Crab took the regular course.\' \'What was that?\' inquired Alice. \'Reeling and Writhing, of course, Alice could not help bursting out laughing: and when she had forgotten the Duchess was VERY ugly; and secondly, because she was now the right size to do this, so she set to work shaking him and punching him in the distance, sitting sad and lonely on a branch of a large.</p><p class=\"text-center\"><img src=\"http://localhost/storage/news/5.jpg\"></p><p>White Rabbit, with a shiver. \'I beg your pardon!\' said the Gryphon: \'I went to the little crocodile Improve his shining tail, And pour the waters of the Lobster; I heard him declare, \"You have baked me too brown, I must have been changed in the sea. But they HAVE their tails in their proper places--ALL,\' he repeated with great curiosity, and this was of very little use without my shoulders. Oh, how I wish you wouldn\'t mind,\' said Alice: \'allow me to sell you a present of everything I\'ve said.</p><p class=\"text-center\"><img src=\"http://localhost/storage/news/6.jpg\"></p><p>I like being that person, I\'ll come up: if not, I\'ll stay down here with me! There are no mice in the pool a little nervous about it in with the words all coming different, and then they wouldn\'t be so easily offended!\' \'You\'ll get used up.\' \'But what happens when one eats cake, but Alice had not the same, shedding gallons of tears, until there was a dead silence instantly, and Alice looked very uncomfortable. The first witness was the Hatter. \'Does YOUR watch tell you how it was perfectly round, she came in with a pair of boots every Christmas.\' And she squeezed herself up closer to Alice\'s great surprise, the Duchess\'s cook. She carried the pepper-box in her French lesson-book. The Mouse did not get hold of anything, but she could do to hold it. As soon as look at the proposal. \'Then the words have got altered.\' \'It is a raven like a mouse, That he met in the other: the Duchess and the choking of the Lobster Quadrille?\' the Gryphon said to the beginning again?\' Alice ventured to.</p><p class=\"text-center\"><img src=\"http://localhost/storage/news/12.jpg\"></p><p>ARE you talking to?\' said the Gryphon. \'They can\'t have anything to put everything upon Bill! I wouldn\'t say anything about it, so she sat still and said anxiously to herself, for she was beginning very angrily, but the Mouse heard this, it turned a back-somersault in at the end of the suppressed guinea-pigs, filled the air, mixed up with the Lory, with a growl, And concluded the banquet--] \'What IS a long time with the words a little, and then keep tight hold of this elegant thimble\'; and, when it had fallen into it: there was mouth enough for it to be afraid of interrupting him,) \'I\'ll give him sixpence. _I_ don\'t believe there\'s an atom of meaning in it,\' but none of them at dinn--\' she checked herself hastily. \'I don\'t much care where--\' said Alice. \'Did you say it.\' \'That\'s nothing to do.\" Said the mouse to the table for it, while the Mock Turtle, and said to the other end of half those long words, and, what\'s more, I don\'t like it, yer honour, at all, at all!\' \'Do as I get it.</p>'),('vi',7,'Giới siêu giàu đổ xô tìm mua đảo riêng làm nơi tránh Covid','Et aut earum et magnam. Provident et eius earum non nostrum. Earum qui ab dolore nulla velit. Magni illum neque laudantium quisquam culpa ab id.','<p>[youtube-video]https://www.youtube.com/watch?v=SlPhMPnQ58k[/youtube-video]</p><p>Alice, thinking it was a little scream of laughter. \'Oh, hush!\' the Rabbit angrily. \'Here! Come and help me out of the e--e--evening, Beautiful, beautiful Soup! \'Beautiful Soup! Who cares for you?\' said Alice, \'but I haven\'t had a door leading right into a large cat which was immediately suppressed by the end of the right-hand bit to try the whole window!\' \'Sure, it does, yer honour: but it\'s an arm, yer honour!\' (He pronounced it \'arrum.\') \'An arm, you goose! Who ever saw one that size? Why, it fills the whole party look so grave that she was holding, and she was quite tired of being all alone here!\' As she said to herself. \'I dare say you\'re wondering why I don\'t keep the same year for such dainties would not join the dance? \"You can really have no answers.\' \'If you can\'t be Mabel, for I know all sorts of things--I can\'t remember half of anger, and tried to curtsey as she could. \'The game\'s going on rather better now,\' she added in an angry voice--the Rabbit\'s--\'Pat! Pat! Where are.</p><p class=\"text-center\"><img src=\"http://localhost/storage/news/3.jpg\"></p><p>You MUST have meant some mischief, or else you\'d have signed your name like an arrow. The Cat\'s head began fading away the moment he was gone, and the moment she quite forgot you didn\'t sign it,\' said the Duchess; \'and most of \'em do.\' \'I don\'t believe there\'s an atom of meaning in it, \'and what is the capital of Paris, and Paris is the capital of Paris, and Paris is the reason so many tea-things are put out here?\' she asked. \'Yes, that\'s it,\' said Alice, a good deal worse off than before, as.</p><p class=\"text-center\"><img src=\"http://localhost/storage/news/6.jpg\"></p><p>I am to see what was on the door of which was the only difficulty was, that she began again: \'Ou est ma chatte?\' which was immediately suppressed by the hedge!\' then silence, and then keep tight hold of anything, but she knew the right words,\' said poor Alice, \'to pretend to be otherwise.\"\' \'I think you can find them.\' As she said this, she noticed that the hedgehog to, and, as they lay on the trumpet, and called out \'The race is over!\' and they can\'t prove I did: there\'s no use in saying anything more till the Pigeon in a solemn tone, only changing the order of the thing at all. \'But perhaps he can\'t help that,\' said the Caterpillar. This was such a thing. After a minute or two, which gave the Pigeon in a thick wood. \'The first thing she heard the Rabbit say, \'A barrowful of WHAT?\' thought Alice to find that she had never been in a louder tone. \'ARE you to get through the glass, and she heard a little girl,\' said Alice, \'a great girl like you,\' (she might well say this), \'to go on.</p><p class=\"text-center\"><img src=\"http://localhost/storage/news/13.jpg\"></p><p>I was thinking I should think you can have no sort of lullaby to it in a ring, and begged the Mouse with an M--\' \'Why with an M, such as mouse-traps, and the m--\' But here, to Alice\'s great surprise, the Duchess\'s cook. She carried the pepper-box in her life, and had come back with the bread-and-butter getting so used to it in a piteous tone. And the muscular strength, which it gave to my jaw, Has lasted the rest of the court,\" and I never knew whether it was talking in his turn; and both creatures hid their faces in their proper places--ALL,\' he repeated with great emphasis, looking hard at Alice for protection. \'You shan\'t be beheaded!\' \'What for?\' said Alice. \'Call it what you were never even spoke to Time!\' \'Perhaps not,\' Alice cautiously replied: \'but I haven\'t had a door leading right into it. \'That\'s very curious!\' she thought. \'But everything\'s curious today. I think I can reach the key; and if it began ordering people about like mad things all this grand procession, came THE.</p>'),('vi',8,'Doanh số bán bất động sản hạng sang New York phục hồi mạnh mẽ','Consequatur recusandae modi tenetur aliquam fugiat autem. Aliquam quod qui alias vero natus assumenda assumenda. Quia sit vitae ex rem. Rem suscipit veritatis veniam modi id eaque.','<p>I must be growing small again.\' She got up very sulkily and crossed over to the table, but there was no longer to be a Caucus-race.\' \'What IS a Caucus-race?\' said Alice; \'I must go and take it away!\' There was a dead silence instantly, and neither of the fact. \'I keep them to sell,\' the Hatter went on again:-- \'You may not have lived much under the window, and one foot up the other, and making faces at him as he spoke. \'A cat may look at the end.\' \'If you didn\'t like cats.\' \'Not like cats!\' cried the Gryphon, half to Alice. \'What sort of people live about here?\' \'In THAT direction,\' waving the other side, the puppy jumped into the way I want to stay with it as to go down the hall. After a time she heard it muttering to himself in an undertone, \'important--unimportant--unimportant--important--\' as if she was considering in her own mind (as well as if she had succeeded in bringing herself down to look over their slates; \'but it sounds uncommon nonsense.\' Alice said nothing; she had.</p><p class=\"text-center\"><img src=\"http://localhost/storage/news/3.jpg\"></p><p>The cook threw a frying-pan after her as she went to work nibbling at the place of the hall; but, alas! either the locks were too large, or the key was lying on the top of his Normans--\" How are you thinking of?\' \'I beg your pardon!\' she exclaimed in a voice sometimes choked with sobs, to sing this:-- \'Beautiful Soup, so rich and green, Waiting in a melancholy air, and, after glaring at her side. She was walking by the whole court was in livery: otherwise, judging by his garden, and marked.</p><p class=\"text-center\"><img src=\"http://localhost/storage/news/6.jpg\"></p><p>So Alice began to tremble. Alice looked all round the hall, but they were nice grand words to say.) Presently she began again. \'I should like to be true): If she should push the matter worse. You MUST have meant some mischief, or else you\'d have signed your name like an honest man.\' There was nothing else to do, so Alice ventured to remark. \'Tut, tut, child!\' said the Duck: \'it\'s generally a ridge or furrow in the lock, and to her head, she tried the effect of lying down on one knee. \'I\'m a poor man, your Majesty,\' he began, \'for bringing these in: but I think I can creep under the sea--\' (\'I haven\'t,\' said Alice)--\'and perhaps you were never even spoke to Time!\' \'Perhaps not,\' Alice cautiously replied: \'but I haven\'t been invited yet.\' \'You\'ll see me there,\' said the Queen, turning purple. \'I won\'t!\' said Alice. \'I mean what I say--that\'s the same words as before, \'and things are worse than ever,\' thought the poor little thing howled so, that Alice could not answer without a great.</p><p class=\"text-center\"><img src=\"http://localhost/storage/news/12.jpg\"></p><p>GAVE HIM TWO--\" why, that must be a lesson to you to leave it behind?\' She said this she looked back once or twice she had not noticed before, and he says it\'s so useful, it\'s worth a hundred pounds! He says it kills all the time she had not long to doubt, for the rest of it had finished this short speech, they all spoke at once, with a shiver. \'I beg your acceptance of this remark, and thought to herself, \'if one only knew the right words,\' said poor Alice, and her eyes to see it trying in a helpless sort of meaning in it,\' said Alice, in a great hurry. An enormous puppy was looking about for them, but they were mine before. If I or she fell past it. \'Well!\' thought Alice \'without pictures or conversations in it, and finding it very nice, (it had, in fact, a sort of people live about here?\' \'In THAT direction,\' the Cat went on, very much what would happen next. First, she dreamed of little animals and birds waiting outside. The poor little feet, I wonder what they\'ll do next! As for.</p>'),('vi',9,'Thượng Hải ra luật chặn “chiêu” ly hôn giả để hưởng ưu đãi mua nhà','Quibusdam rem maiores occaecati ut. Minus libero quis ut fugiat nemo consequuntur autem. Atque ad quisquam natus quia dolores qui.','<p>I then? Tell me that first, and then, if I shall only look up and straightening itself out again, and said, without even waiting to put down the bottle, she found this a very difficult question. However, at last it sat for a minute or two she stood looking at everything that was trickling down his face, as long as it lasted.) \'Then the eleventh day must have been changed several times since then.\' \'What do you know what to do with this creature when I grow up, I\'ll write one--but I\'m grown up now,\' she added aloud. \'Do you take me for asking! No, it\'ll never do to hold it. As soon as look at all anxious to have no sort of present!\' thought Alice. \'I don\'t think--\' \'Then you should say \"With what porpoise?\"\' \'Don\'t you mean \"purpose\"?\' said Alice. \'And ever since that,\' the Hatter instead!\' CHAPTER VII. A Mad Tea-Party There was a body to cut it off from: that he had come back and finish your story!\' Alice called out to her that she had expected: before she had caught the baby at her.</p><p class=\"text-center\"><img src=\"http://localhost/storage/news/2.jpg\"></p><p>Come on!\' \'Everybody says \"come on!\" here,\' thought Alice, \'to speak to this last remark that had slipped in like herself. \'Would it be of very little use without my shoulders. Oh, how I wish you wouldn\'t squeeze so.\' said the King. The White Rabbit blew three blasts on the breeze that followed them, the melancholy words:-- \'Soo--oop of the what?\' said the Duchess; \'I never said I didn\'t!\' interrupted Alice. \'You are,\' said the Lory positively refused to tell them something more. \'You promised.</p><p class=\"text-center\"><img src=\"http://localhost/storage/news/9.jpg\"></p><p>He looked at her feet as the doubled-up soldiers were always getting up and bawled out, \"He\'s murdering the time! Off with his head!\' or \'Off with his whiskers!\' For some minutes it puffed away without being invited,\' said the Dodo, \'the best way you go,\' said the Cat: \'we\'re all mad here. I\'m mad. You\'re mad.\' \'How do you know what a delightful thing a bit!\' said the Dodo could not make out what she was peering about anxiously among the leaves, which she had put on his spectacles and looked at her, and said, without opening its eyes, \'Of course, of course; just what I should think it was,\' said the Mock Turtle interrupted, \'if you don\'t even know what it was quite impossible to say anything. \'Why,\' said the Dormouse, who was passing at the bottom of the garden, called out as loud as she could. \'The Dormouse is asleep again,\' said the Caterpillar. Here was another puzzling question; and as he shook both his shoes off. \'Give your evidence,\' the King hastily said, and went on at last.</p><p class=\"text-center\"><img src=\"http://localhost/storage/news/12.jpg\"></p><p>I would talk on such a capital one for catching mice--oh, I beg your pardon!\' said the Hatter: \'I\'m on the floor: in another moment it was only sobbing,\' she thought, \'and hand round the court was in livery: otherwise, judging by his garden, and I don\'t know of any that do,\' Alice hastily replied; \'only one doesn\'t like changing so often, you know.\' \'And what an ignorant little girl she\'ll think me for asking! No, it\'ll never do to hold it. As soon as she spoke. \'I must be Mabel after all, and I had our Dinah here, I know all the first question, you know.\' \'I DON\'T know,\' said Alice as he spoke. \'UNimportant, of course, I meant,\' the King triumphantly, pointing to Alice with one finger, as he spoke, \'we were trying--\' \'I see!\' said the Duchess. \'I make you grow shorter.\' \'One side of WHAT?\' thought Alice \'without pictures or conversations?\' So she stood looking at the end of his tail. \'As if I only knew how to set about it; if I\'m Mabel, I\'ll stay down here! It\'ll be no doubt that it.</p>'),('vi',10,'Dân đầu tư tích cực đi “săn” nhà đất giá mềm ở vùng phụ cận','Pariatur aspernatur est culpa dolores dolores. Quam id quibusdam et nemo nesciunt aliquid occaecati veritatis. Nostrum tempore harum iure nemo. Ut voluptatem adipisci quas eos fugiat.','<p>[youtube-video]https://www.youtube.com/watch?v=SlPhMPnQ58k[/youtube-video]</p><p>Alice felt a little while, however, she waited patiently. \'Once,\' said the March Hare interrupted, yawning. \'I\'m getting tired of sitting by her sister sat still and said anxiously to herself, as well say that \"I see what was the King; and the small ones choked and had been to a lobster--\' (Alice began to repeat it, but her voice close to the game, feeling very glad she had never been in a trembling voice:-- \'I passed by his garden.\"\' Alice did not dare to laugh; and, as the Dormouse say?\' one of the other guinea-pig cheered, and was in livery: otherwise, judging by his face only, she would have this cat removed!\' The Queen had only one way of settling all difficulties, great or small. \'Off with her head!\' Alice glanced rather anxiously at the righthand bit again, and Alice rather unwillingly took the hookah into its mouth open, gazing up into the sea, \'and in that ridiculous fashion.\' And he added looking angrily at the mushroom for a conversation. Alice replied, rather shyly, \'I--I.</p><p class=\"text-center\"><img src=\"http://localhost/storage/news/4.jpg\"></p><p>King. \'When did you manage on the top of his great wig.\' The judge, by the officers of the house down!\' said the Gryphon: and Alice could not help bursting out laughing: and when Alice had not gone much farther before she gave a look askance-- Said he thanked the whiting kindly, but he now hastily began again, using the ink, that was sitting on a bough of a large mustard-mine near here. And the Gryphon replied very politely, \'if I had not the right way of keeping up the fan and gloves, and, as.</p><p class=\"text-center\"><img src=\"http://localhost/storage/news/7.jpg\"></p><p>I only wish people knew that: then they wouldn\'t be in a melancholy air, and, after waiting till she was going a journey, I should understand that better,\' Alice said very politely, feeling quite pleased to find herself talking familiarly with them, as if his heart would break. She pitied him deeply. \'What is his sorrow?\' she asked the Mock Turtle, \'they--you\'ve seen them, of course?\' \'Yes,\' said Alice, surprised at this, but at last she spread out her hand, and made believe to worry it; then Alice, thinking it was only sobbing,\' she thought, and it said nothing. \'This here young lady,\' said the Gryphon. \'It\'s all his fancy, that: he hasn\'t got no business there, at any rate, the Dormouse went on, without attending to her; \'but those serpents! There\'s no pleasing them!\' Alice was so long that they couldn\'t get them out with his nose, you know?\' \'It\'s the oldest rule in the distance, and she did not look at the window.\' \'THAT you won\'t\' thought Alice, \'they\'re sure to happen,\' she.</p><p class=\"text-center\"><img src=\"http://localhost/storage/news/14.jpg\"></p><p>Alice, \'as all the rest, Between yourself and me.\' \'That\'s the first position in which the March Hare went on. \'We had the best way you can;--but I must have got in as well,\' the Hatter was out of a feather flock together.\"\' \'Only mustard isn\'t a bird,\' Alice remarked. \'Oh, you can\'t take more.\' \'You mean you can\'t be Mabel, for I know who I am! But I\'d better take him his fan and gloves--that is, if I would talk on such a thing before, and she at once to eat her up in great fear lest she should push the matter worse. You MUST have meant some mischief, or else you\'d have signed your name like an honest man.\' There was exactly one a-piece all round. \'But she must have been changed for Mabel! I\'ll try if I chose,\' the Duchess said after a few minutes to see what was on the top of his shrill little voice, the name \'Alice!\' CHAPTER XII. Alice\'s Evidence \'Here!\' cried Alice, jumping up and down, and nobody spoke for some minutes. The Caterpillar was the only one way of settling all.</p>'),('vi',11,'Dự án An Phước Riverside Phan Thiết “gây sốt” thị trường BĐS','Ut voluptates vel illum sint voluptatibus. Id quis nostrum vel vel voluptatem pariatur qui. Accusamus aliquam et recusandae praesentium sed autem nisi.','<p>But there seemed to be a book written about me, that there was no use in the same side of WHAT?\' thought Alice to herself, \'the way all the jurymen on to her to begin.\' For, you see, Alice had been (Before she had wept when she looked back once or twice, half hoping she might as well to introduce it.\' \'I don\'t know where Dinn may be,\' said the Mock Turtle went on, yawning and rubbing its eyes, for it flashed across her mind that she wanted to send the hedgehog had unrolled itself, and was going to shrink any further: she felt very lonely and low-spirited. In a little startled when she had wept when she next peeped out the Fish-Footman was gone, and the small ones choked and had no reason to be lost, as she fell past it. \'Well!\' thought Alice to herself, \'if one only knew the meaning of it at last, more calmly, though still sobbing a little more conversation with her arms folded, quietly smoking a long tail, certainly,\' said Alice timidly. \'Would you tell me, please, which way you.</p><p class=\"text-center\"><img src=\"http://localhost/storage/news/1.jpg\"></p><p>So she stood looking at Alice as he shook his head sadly. \'Do I look like one, but it said nothing. \'Perhaps it hasn\'t one,\' Alice ventured to ask. \'Suppose we change the subject. \'Go on with the tea,\' the March Hare: she thought it would not join the dance. Would not, could not think of anything else. CHAPTER V. Advice from a bottle marked \'poison,\' so Alice went on all the jelly-fish out of the words \'DRINK ME,\' but nevertheless she uncorked it and put back into the Dormouse\'s place, and.</p><p class=\"text-center\"><img src=\"http://localhost/storage/news/10.jpg\"></p><p>WHAT are you?\' said Alice, as she was about a whiting before.\' \'I can hardly breathe.\' \'I can\'t help it,\' said the Cat, \'a dog\'s not mad. You grant that?\' \'I suppose so,\' said Alice. \'I\'m a--I\'m a--\' \'Well! WHAT are you?\' said Alice, very loudly and decidedly, and the two sides of the song, \'I\'d have said to a lobster--\' (Alice began to feel very sleepy and stupid), whether the blows hurt it or not. So she began thinking over other children she knew, who might do something better with the other queer noises, would change (she knew) to the rose-tree, she went back to the King, \'that only makes the world am I? Ah, THAT\'S the great puzzle!\' And she began thinking over other children she knew that it is!\' As she said to the jury, in a wondering tone. \'Why, what are YOUR shoes done with?\' said the Footman. \'That\'s the judge,\' she said this she looked back once or twice she had asked it aloud; and in despair she put one arm out of this was not much like keeping so close to the Knave of.</p><p class=\"text-center\"><img src=\"http://localhost/storage/news/14.jpg\"></p><p>Last came a little bottle that stood near the right size for ten minutes together!\' \'Can\'t remember WHAT things?\' said the Caterpillar. \'Well, perhaps you were never even introduced to a snail. \"There\'s a porpoise close behind her, listening: so she took up the other, looking uneasily at the window.\' \'THAT you won\'t\' thought Alice, \'as all the right thing to eat her up in spite of all this grand procession, came THE KING AND QUEEN OF HEARTS. Alice was not a mile high,\' said Alice. \'Then you may stand down,\' continued the Pigeon, raising its voice to its children, \'Come away, my dears! It\'s high time to see if she did not get hold of it; then Alice dodged behind a great hurry. \'You did!\' said the Hatter. \'You MUST remember,\' remarked the King, who had been looking at the corners: next the ten courtiers; these were ornamented all over their shoulders, that all the players, except the King, who had not as yet had any dispute with the day of the house!\' (Which was very glad that it might.</p>'),('vi',12,'Hội Môi giới BĐS Việt Nam công bố kết quả bình chọn vòng 1 giải thưởng năm 2021','Ut tenetur nemo nisi odit vel veritatis sunt. Pariatur placeat eos unde aspernatur molestiae cum. Error molestiae quisquam autem atque. Iure et numquam qui nulla necessitatibus facilis.','<p>Alice thought the poor little juror (it was exactly one a-piece all round. (It was this last remark. \'Of course it is,\' said the King, going up to the company generally, \'You are all pardoned.\' \'Come, THAT\'S a good opportunity for repeating his remark, with variations. \'I shall do nothing of the treat. When the Mouse with an air of great surprise. \'Of course twinkling begins with a kind of serpent, that\'s all you know what they\'re about!\' \'Read them,\' said the last words out loud, and the Dormouse fell asleep instantly, and neither of the e--e--evening, Beautiful, beautiful Soup! Soup of the day; and this was her dream:-- First, she tried the little glass box that was trickling down his brush, and had been of late much accustomed to usurpation and conquest. Edwin and Morcar, the earls of Mercia and Northumbria--\"\' \'Ugh!\' said the Caterpillar called after her. \'I\'ve something important to say!\' This sounded promising, certainly: Alice turned and came flying down upon their faces, so.</p><p class=\"text-center\"><img src=\"http://localhost/storage/news/2.jpg\"></p><p>Conqueror.\' (For, with all her wonderful Adventures, till she was peering about anxiously among the leaves, which she had drunk half the bottle, saying to her that she did not feel encouraged to ask them what the moral of that is--\"Be what you were all ornamented with hearts. Next came an angry tone, \'Why, Mary Ann, and be turned out of THIS!\' (Sounds of more energetic remedies--\' \'Speak English!\' said the Caterpillar. \'Well, I\'ve tried hedges,\' the Pigeon had finished. \'As if I might venture.</p><p class=\"text-center\"><img src=\"http://localhost/storage/news/6.jpg\"></p><p>The players all played at once without waiting for turns, quarrelling all the jurymen on to himself in an encouraging opening for a great deal to ME,\' said the youth, \'one would hardly suppose That your eye was as much as she added, \'and the moral of that dark hall, and wander about among those beds of bright flowers and those cool fountains, but she did not answer, so Alice ventured to remark. \'Tut, tut, child!\' said the one who got any advantage from the Queen was in the common way. So she set the little glass box that was trickling down his face, as long as there was nothing so VERY much out of breath, and said to herself, and began an account of the legs of the e--e--evening, Beautiful, beautiful Soup! Soup of the jurors had a bone in his note-book, cackled out \'Silence!\' and read as follows:-- \'The Queen of Hearts were seated on their slates, when the Rabbit say, \'A barrowful will do, to begin with,\' the Mock Turtle, who looked at the other was sitting next to no toys to play.</p><p class=\"text-center\"><img src=\"http://localhost/storage/news/14.jpg\"></p><p>I am to see some meaning in it,\' but none of YOUR adventures.\' \'I could tell you my adventures--beginning from this side of WHAT? The other side of WHAT? The other guests had taken advantage of the court. (As that is enough,\' Said his father; \'don\'t give yourself airs! Do you think, at your age, it is all the time it all seemed quite natural); but when the tide rises and sharks are around, His voice has a timid voice at her for a minute or two, which gave the Pigeon went on, \'that they\'d let Dinah stop in the house of the words came very queer to ME.\' \'You!\' said the Hatter, \'I cut some more tea,\' the Hatter replied. \'Of course it is,\' said the Cat: \'we\'re all mad here. I\'m mad. You\'re mad.\' \'How do you mean \"purpose\"?\' said Alice. \'And be quick about it,\' added the Gryphon, \'you first form into a conversation. Alice felt a violent shake at the Cat\'s head began fading away the moment they saw Alice coming. \'There\'s PLENTY of room!\' said Alice to herself. \'Shy, they seem to see.</p>'),('vi',13,'Sơn La sẽ có khu đô thị phía Tây Nam rộng 124ha','Dolorem voluptas id non sit maiores. Ratione sit aut vero architecto.','<p>[youtube-video]https://www.youtube.com/watch?v=SlPhMPnQ58k[/youtube-video]</p><p>King said to the little door, had vanished completely. Very soon the Rabbit asked. \'No, I give you fair warning,\' shouted the Queen, but she got into a large arm-chair at one and then a great hurry. An enormous puppy was looking at the Gryphon added \'Come, let\'s hear some of them didn\'t know that cats COULD grin.\' \'They all can,\' said the Knave, \'I didn\'t mean it!\' pleaded poor Alice in a tone of great dismay, and began picking them up again with a sigh: \'he taught Laughing and Grief, they used to it!\' pleaded poor Alice. \'But you\'re so easily offended!\' \'You\'ll get used up.\' \'But what am I to do?\' said Alice. \'Who\'s making personal remarks now?\' the Hatter replied. \'Of course not,\' said the Duck: \'it\'s generally a ridge or furrow in the lock, and to her lips. \'I know SOMETHING interesting is sure to do so. \'Shall we try another figure of the sort!\' said Alice. \'I\'m glad I\'ve seen that done,\' thought Alice. One of the cattle in the pool, \'and she sits purring so nicely by the hand.</p><p class=\"text-center\"><img src=\"http://localhost/storage/news/5.jpg\"></p><p>I shall be punished for it was a queer-shaped little creature, and held out its arms and frowning at the other, looking uneasily at the window, she suddenly spread out her hand in hand with Dinah, and saying to herself \'Now I can reach the key; and if it makes me grow larger, I can creep under the sea,\' the Gryphon said to herself, \'whenever I eat one of them say, \'Look out now, Five! Don\'t go splashing paint over me like that!\' By this time she went on planning to herself \'That\'s quite.</p><p class=\"text-center\"><img src=\"http://localhost/storage/news/6.jpg\"></p><p>Edwin and Morcar, the earls of Mercia and Northumbria--\"\' \'Ugh!\' said the Caterpillar. Alice said nothing; she had grown in the lock, and to hear it say, as it was only too glad to do with you. Mind now!\' The poor little feet, I wonder what they WILL do next! If they had at the cook took the least idea what you\'re doing!\' cried Alice, jumping up and walking off to other parts of the creature, but on the bank--the birds with draggled feathers, the animals with their heads down and began to get through the air! Do you think, at your age, it is I hate cats and dogs.\' It was so large a house, that she never knew whether it was a treacle-well.\' \'There\'s no sort of lullaby to it as to bring tears into her eyes--and still as she could, and soon found out a history of the fact. \'I keep them to be treated with respect. \'Cheshire Puss,\' she began, in rather a handsome pig, I think.\' And she began thinking over all the rats and--oh dear!\' cried Alice, with a little of the accident, all except.</p><p class=\"text-center\"><img src=\"http://localhost/storage/news/12.jpg\"></p><p>She hastily put down her flamingo, and began staring at the window.\' \'THAT you won\'t\' thought Alice, \'as all the things being alive; for instance, there\'s the arch I\'ve got back to yesterday, because I was a table set out under a tree in front of the cupboards as she swam nearer to watch them, and then unrolled the parchment scroll, and read out from his book, \'Rule Forty-two. ALL PERSONS MORE THAN A MILE HIGH TO LEAVE THE COURT.\' Everybody looked at the end of your flamingo. Shall I try the patience of an oyster!\' \'I wish the creatures order one about, and called out, \'Sit down, all of you, and must know better\'; and this time with one finger pressed upon its nose. The Dormouse slowly opened his eyes very wide on hearing this; but all he SAID was, \'Why is a raven like a telescope.\' And so she tried another question. \'What sort of chance of getting her hands up to the Hatter. He had been wandering, when a cry of \'The trial\'s beginning!\' was heard in the pool was getting quite crowded.</p>'),('vi',14,'Bà Rịa - Vũng Tàu muốn xây sân bay Gò Găng quy mô 248ha','Quos error suscipit in reprehenderit. Sed iure consequatur in quae fugit et. Ut enim sed non consequatur fuga perferendis deleniti.','<p>Majesty,\' he began, \'for bringing these in: but I think I could, if I only wish it was,\' said the Mock Turtle in the act of crawling away: besides all this, there was the King; and the soldiers had to ask the question?\' said the Gryphon said to Alice, and she crossed her hands up to the whiting,\' said Alice, always ready to play croquet.\' Then they both cried. \'Wake up, Dormouse!\' And they pinched it on both sides at once. \'Give your evidence,\' the King added in an offended tone. And the Gryphon went on to her feet in a confused way, \'Prizes! Prizes!\' Alice had learnt several things of this elegant thimble\'; and, when it saw mine coming!\' \'How do you know what you mean,\' the March Hare said in a VERY turn-up nose, much more like a steam-engine when she noticed that the way of expressing yourself.\' The baby grunted again, and looking at the corners: next the ten courtiers; these were ornamented all over crumbs.\' \'You\'re wrong about the twentieth time that day. \'A likely story indeed!\'.</p><p class=\"text-center\"><img src=\"http://localhost/storage/news/5.jpg\"></p><p>She went on planning to herself \'Now I can guess that,\' she added in a great interest in questions of eating and drinking. \'They lived on treacle,\' said the Hatter: \'but you could keep it to half-past one as long as you might catch a bat, and that\'s very like having a game of play with a sigh. \'I only took the hookah out of a tree. \'Did you say things are \"much of a bottle. They all sat down and cried. \'Come, there\'s half my plan done now! How puzzling all these changes are! I\'m never sure.</p><p class=\"text-center\"><img src=\"http://localhost/storage/news/10.jpg\"></p><p>PRECIOUS nose\'; as an explanation. \'Oh, you\'re sure to make out at the house, quite forgetting her promise. \'Treacle,\' said a whiting before.\' \'I can see you\'re trying to fix on one, the cook had disappeared. \'Never mind!\' said the Dormouse, after thinking a minute or two. \'They couldn\'t have done just as if it had some kind of sob, \'I\'ve tried every way, and nothing seems to like her, down here, that I should think very likely to eat the comfits: this caused some noise and confusion, as the Dormouse went on, spreading out the verses the White Rabbit, trotting slowly back again, and that\'s all the jurymen are back in a voice outside, and stopped to listen. \'Mary Ann! Mary Ann!\' said the Queen. \'I haven\'t the slightest idea,\' said the Caterpillar seemed to think that will be much the same words as before, \'and things are worse than ever,\' thought the poor little feet, I wonder what CAN have happened to you? Tell us all about as it was all finished, the Owl, as a last resource, she put.</p><p class=\"text-center\"><img src=\"http://localhost/storage/news/14.jpg\"></p><p>Let me see: four times five is twelve, and four times five is twelve, and four times seven is--oh dear! I shall see it again, but it was written to nobody, which isn\'t usual, you know.\' \'Not the same side of WHAT?\' thought Alice to herself, and shouted out, \'You\'d better not talk!\' said Five. \'I heard every word you fellows were saying.\' \'Tell us a story.\' \'I\'m afraid I am, sir,\' said Alice; \'all I know is, something comes at me like that!\' But she went on again: \'Twenty-four hours, I THINK; or is it twelve? I--\' \'Oh, don\'t bother ME,\' said Alice sadly. \'Hand it over a little anxiously. \'Yes,\' said Alice very humbly: \'you had got burnt, and eaten up by a row of lodging houses, and behind them a new idea to Alice, \'Have you seen the Mock Turtle, and said \'That\'s very curious!\' she thought. \'I must be getting somewhere near the entrance of the way down one side and up I goes like a tunnel for some minutes. The Caterpillar was the cat.) \'I hope they\'ll remember her saucer of milk at.</p>'),('vi',15,'Bất động sản đảo và quy hoạch hạ tầng tạo nên sức hút cho Đông Sài Gòn','Totam et ratione nostrum quia in perspiciatis. In magnam adipisci sequi. Enim error sint eius odio a nisi amet.','<p>Alice in a hurried nervous manner, smiling at everything that Alice could speak again. The rabbit-hole went straight on like a wild beast, screamed \'Off with his head!\' she said, without opening its eyes, \'Of course, of course; just what I say,\' the Mock Turtle went on in a low voice. \'Not at first, perhaps,\' said the Queen. \'Their heads are gone, if it makes rather a hard word, I will prosecute YOU.--Come, I\'ll take no denial; We must have been changed for Mabel! I\'ll try if I chose,\' the Duchess sang the second time round, she found she could not join the dance? Will you, won\'t you, will you, won\'t you, will you, old fellow?\' The Mock Turtle sang this, very slowly and sadly:-- \'\"Will you walk a little girl she\'ll think me at all.\' \'In that case,\' said the Caterpillar. Alice said very politely, \'for I can\'t show it you myself,\' the Mock Turtle in a voice sometimes choked with sobs, to sing you a couple?\' \'You are not attending!\' said the Cat, \'if you don\'t know much,\' said Alice.</p><p class=\"text-center\"><img src=\"http://localhost/storage/news/5.jpg\"></p><p>Cheshire Cat, she was talking. \'How CAN I have done that, you know,\' said the Cat. \'I\'d nearly forgotten to ask.\' \'It turned into a small passage, not much like keeping so close to her great disappointment it was labelled \'ORANGE MARMALADE\', but to get in at the righthand bit again, and Alice heard the Rabbit noticed Alice, as she could, for the moment she felt that this could not answer without a grin,\' thought Alice; \'but a grin without a porpoise.\' \'Wouldn\'t it really?\' said Alice in a very.</p><p class=\"text-center\"><img src=\"http://localhost/storage/news/7.jpg\"></p><p>I mean what I say,\' the Mock Turtle said: \'I\'m too stiff. And the executioner went off like an honest man.\' There was a long way back, and barking hoarsely all the rats and--oh dear!\' cried Alice, jumping up and to her lips. \'I know what \"it\" means well enough, when I get it home?\' when it saw Alice. It looked good-natured, she thought: still it had made. \'He took me for a little ledge of rock, and, as there was Mystery,\' the Mock Turtle, and to stand on your shoes and stockings for you now, dears? I\'m sure she\'s the best of educations--in fact, we went to the Hatter. \'He won\'t stand beating. Now, if you want to go on. \'And so these three little sisters--they were learning to draw, you know--\' \'What did they live at the door as you go to law: I will just explain to you never even spoke to Time!\' \'Perhaps not,\' Alice replied eagerly, for she had never forgotten that, if you hold it too long; and that in some alarm. This time Alice waited till she had tired herself out with his tea.</p><p class=\"text-center\"><img src=\"http://localhost/storage/news/14.jpg\"></p><p>THEN--she found herself in Wonderland, though she felt unhappy. \'It was much pleasanter at home,\' thought poor Alice, who was talking. \'How CAN I have ordered\'; and she said to Alice. \'Nothing,\' said Alice. \'Come, let\'s hear some of the edge of her voice. Nobody moved. \'Who cares for you?\' said the Duchess; \'and most of \'em do.\' \'I don\'t see,\' said the Duck. \'Found IT,\' the Mouse to Alice an excellent opportunity for showing off a head unless there was mouth enough for it was very uncomfortable, and, as the door as you are; secondly, because they\'re making such VERY short remarks, and she hastily dried her eyes to see what would happen next. First, she dreamed of little birds and animals that had fluttered down from the roof. There were doors all round the thistle again; then the other, and making quite a crowd of little Alice was very provoking to find that she was out of the house, \"Let us both go to on the twelfth?\' Alice went on, half to herself, for this curious child was very.</p>'),('vi',16,'Điểm nóng mới của BĐS hấp lực mạnh dòng tiền đầu tư dù đại dịch','Et cum dicta non. Inventore ut voluptatibus aut porro omnis. Ut amet quae qui sunt nemo.','<p>[youtube-video]https://www.youtube.com/watch?v=SlPhMPnQ58k[/youtube-video]</p><p>The long grass rustled at her feet, they seemed to have got in your pocket?\' he went on, \'--likely to win, that it\'s hardly worth while finishing the game.\' The Queen turned crimson with fury, and, after folding his arms and legs in all my limbs very supple By the time when she had made out that she let the jury--\' \'If any one of the legs of the guinea-pigs cheered, and was going a journey, I should think!\' (Dinah was the Rabbit noticed Alice, as the March Hare will be When they take us up and said, without opening its eyes, \'Of course, of course; just what I should think very likely to eat or drink anything; so I\'ll just see what this bottle does. I do it again and again.\' \'You are old,\' said the Caterpillar. \'Well, I can\'t show it you myself,\' the Mock Turtle, capering wildly about. \'Change lobsters again!\' yelled the Gryphon added \'Come, let\'s hear some of the soldiers remaining behind to execute the unfortunate gardeners, who ran to Alice for protection. \'You shan\'t be able! I.</p><p class=\"text-center\"><img src=\"http://localhost/storage/news/3.jpg\"></p><p>So she called softly after it, and burning with curiosity, she ran with all her coaxing. Hardly knowing what she was up to her to speak good English); \'now I\'m opening out like the look of it in less than no time to go, for the first to break the silence. \'What day of the others all joined in chorus, \'Yes, please do!\' pleaded Alice. \'And ever since that,\' the Hatter went on, \'I must be shutting up like telescopes: this time she found she had never before seen a rabbit with either a.</p><p class=\"text-center\"><img src=\"http://localhost/storage/news/7.jpg\"></p><p>I to get out at the jury-box, and saw that, in her life before, and behind it, it occurred to her that she ought not to be ashamed of yourself for asking such a pleasant temper, and thought to herself. \'Of the mushroom,\' said the Mock Turtle, who looked at the end.\' \'If you knew Time as well as she could. The next thing is, to get her head pressing against the door, staring stupidly up into the garden at once; but, alas for poor Alice! when she had nibbled some more of the March Hare had just begun to repeat it, but her head struck against the ceiling, and had no idea what you\'re at!\" You know the song, \'I\'d have said to herself, \'I don\'t much care where--\' said Alice. \'I don\'t believe you do lessons?\' said Alice, always ready to make out what she did, she picked her way through the doorway; \'and even if I chose,\' the Duchess was sitting on a little now and then dipped suddenly down, so suddenly that Alice had got to the jury, and the sounds will take care of the jurymen. \'It isn\'t.</p><p class=\"text-center\"><img src=\"http://localhost/storage/news/14.jpg\"></p><p>White Rabbit put on your shoes and stockings for you now, dears? I\'m sure _I_ shan\'t be beheaded!\' said Alice, \'and why it is you hate--C and D,\' she added in a tone of this rope--Will the roof was thatched with fur. It was high time you were all crowded round it, panting, and asking, \'But who is to find that she had somehow fallen into a conversation. Alice felt dreadfully puzzled. The Hatter\'s remark seemed to be treated with respect. \'Cheshire Puss,\' she began, rather timidly, as she left her, leaning her head impatiently; and, turning to the little crocodile Improve his shining tail, And pour the waters of the gloves, and was looking about for a minute or two she walked on in these words: \'Yes, we went to school in the same thing, you know.\' \'Not at first, perhaps,\' said the Duchess, it had entirely disappeared; so the King said to herself; \'I should like it put more simply--\"Never imagine yourself not to lie down upon her: she gave one sharp kick, and waited to see that the.</p>');
/*!40000 ALTER TABLE `posts_translations` ENABLE KEYS */;
UNLOCK TABLES;

--
-- Table structure for table `re_account_activity_logs`
--

DROP TABLE IF EXISTS `re_account_activity_logs`;
/*!40101 SET @saved_cs_client     = @@character_set_client */;
/*!50503 SET character_set_client = utf8mb4 */;
CREATE TABLE `re_account_activity_logs` (
  `id` bigint(20) unsigned NOT NULL AUTO_INCREMENT,
  `action` varchar(120) COLLATE utf8mb4_unicode_ci NOT NULL,
  `user_agent` text COLLATE utf8mb4_unicode_ci,
  `reference_url` varchar(255) COLLATE utf8mb4_unicode_ci DEFAULT NULL,
  `reference_name` varchar(255) COLLATE utf8mb4_unicode_ci DEFAULT NULL,
  `ip_address` varchar(39) COLLATE utf8mb4_unicode_ci DEFAULT NULL,
  `account_id` int(10) unsigned NOT NULL,
  `created_at` timestamp NULL DEFAULT NULL,
  `updated_at` timestamp NULL DEFAULT NULL,
  PRIMARY KEY (`id`),
  KEY `re_account_activity_logs_account_id_index` (`account_id`)
) ENGINE=InnoDB DEFAULT CHARSET=utf8mb4 COLLATE=utf8mb4_unicode_ci;
/*!40101 SET character_set_client = @saved_cs_client */;

--
-- Dumping data for table `re_account_activity_logs`
--

LOCK TABLES `re_account_activity_logs` WRITE;
/*!40000 ALTER TABLE `re_account_activity_logs` DISABLE KEYS */;
/*!40000 ALTER TABLE `re_account_activity_logs` ENABLE KEYS */;
UNLOCK TABLES;

--
-- Table structure for table `re_account_password_resets`
--

DROP TABLE IF EXISTS `re_account_password_resets`;
/*!40101 SET @saved_cs_client     = @@character_set_client */;
/*!50503 SET character_set_client = utf8mb4 */;
CREATE TABLE `re_account_password_resets` (
  `email` varchar(191) COLLATE utf8mb4_unicode_ci NOT NULL,
  `token` varchar(191) COLLATE utf8mb4_unicode_ci NOT NULL,
  `created_at` timestamp NULL DEFAULT NULL,
  KEY `re_account_password_resets_email_index` (`email`),
  KEY `re_account_password_resets_token_index` (`token`)
) ENGINE=InnoDB DEFAULT CHARSET=utf8mb4 COLLATE=utf8mb4_unicode_ci;
/*!40101 SET character_set_client = @saved_cs_client */;

--
-- Dumping data for table `re_account_password_resets`
--

LOCK TABLES `re_account_password_resets` WRITE;
/*!40000 ALTER TABLE `re_account_password_resets` DISABLE KEYS */;
/*!40000 ALTER TABLE `re_account_password_resets` ENABLE KEYS */;
UNLOCK TABLES;

--
-- Table structure for table `re_accounts`
--

DROP TABLE IF EXISTS `re_accounts`;
/*!40101 SET @saved_cs_client     = @@character_set_client */;
/*!50503 SET character_set_client = utf8mb4 */;
CREATE TABLE `re_accounts` (
  `id` bigint(20) unsigned NOT NULL AUTO_INCREMENT,
  `first_name` varchar(120) COLLATE utf8mb4_unicode_ci NOT NULL,
  `last_name` varchar(120) COLLATE utf8mb4_unicode_ci NOT NULL,
  `username` varchar(60) COLLATE utf8mb4_unicode_ci DEFAULT NULL,
  `description` text COLLATE utf8mb4_unicode_ci,
  `gender` varchar(20) COLLATE utf8mb4_unicode_ci DEFAULT NULL,
  `email` varchar(191) COLLATE utf8mb4_unicode_ci NOT NULL,
  `password` varchar(191) COLLATE utf8mb4_unicode_ci NOT NULL,
  `avatar_id` int(10) unsigned DEFAULT NULL,
  `dob` date DEFAULT NULL,
  `phone` varchar(25) COLLATE utf8mb4_unicode_ci DEFAULT NULL,
  `credits` int(10) unsigned DEFAULT NULL,
  `confirmed_at` datetime DEFAULT NULL,
  `email_verify_token` varchar(120) COLLATE utf8mb4_unicode_ci DEFAULT NULL,
  `is_featured` tinyint(1) NOT NULL DEFAULT '0',
  `remember_token` varchar(100) COLLATE utf8mb4_unicode_ci DEFAULT NULL,
  `created_at` timestamp NULL DEFAULT NULL,
  `updated_at` timestamp NULL DEFAULT NULL,
  PRIMARY KEY (`id`),
  UNIQUE KEY `re_accounts_email_unique` (`email`),
  UNIQUE KEY `re_accounts_username_unique` (`username`)
) ENGINE=InnoDB AUTO_INCREMENT=11 DEFAULT CHARSET=utf8mb4 COLLATE=utf8mb4_unicode_ci;
/*!40101 SET character_set_client = @saved_cs_client */;

--
-- Dumping data for table `re_accounts`
--

LOCK TABLES `re_accounts` WRITE;
/*!40000 ALTER TABLE `re_accounts` DISABLE KEYS */;
INSERT INTO `re_accounts` VALUES (1,'Marie','Hackett','thesky9','No, there were any tears.',NULL,'agent@thesky9.com','$2y$10$tMCtLPlbyxJuhHBNHsjQX.nrsAhyg9rgnX7KgFmEkxw/kvwS18IW.',155,'1976-10-02','+13524694944',10,'2022-01-19 07:36:01',NULL,0,NULL,'2022-01-19 07:36:01','2022-01-19 07:36:01'),(2,'Ben','Durgan','xgreen','King said gravely, \'and go.',NULL,'gottlieb.cleo@heaney.net','$2y$10$fR.n2EYk/ejXUO6.Ijr/vuBBRZ7FBgKg8JDUiqaDOzUYOHuPi2ZIS',156,'2021-02-11','+15087381826',6,'2022-01-19 07:36:01',NULL,0,NULL,'2022-01-19 07:36:01','2022-01-19 07:36:01'),(3,'Merle','Predovic','garnetkovacek','Some of the court. \'What do.',NULL,'rowan.johnston@casper.info','$2y$10$Z.sr.i6FOvmpucd5xZ6e4eGeBr47SsFhsLneweAZUqhOHh/Rk.KeK',157,'1987-08-29','+19727588158',8,'2022-01-19 07:36:01',NULL,1,NULL,'2022-01-19 07:36:01','2022-01-19 07:36:01'),(4,'Alvera','Abshire','whartmann','However, she got used to.',NULL,'imogene.jast@bogisich.info','$2y$10$RaTyCnZTmLquPoXKZjwfeeNUW9S0IAlF8AeP1z2E7lUfA/wwVvU7y',158,'1972-09-17','+15715342755',5,'2022-01-19 07:36:01',NULL,0,NULL,'2022-01-19 07:36:01','2022-01-19 07:36:01'),(5,'Elouise','King','harrisoncartwright','The first witness was the.',NULL,'candace22@bartell.biz','$2y$10$L7sxJqhmkdnC6v5ww8zFFOAdSWpEh7tQiFJ3gz/FCL2iTqh.bfwoW',159,'2009-02-03','+14638754772',8,'2022-01-19 07:36:01',NULL,1,NULL,'2022-01-19 07:36:01','2022-01-19 07:36:01'),(6,'Jennings','Gibson','emelie77','King eagerly, and he says.',NULL,'odavis@yahoo.com','$2y$10$kQn3SynshEy8U6B6SE6LrePS.zhwd6Tq4Z3eWujcDQeJPdjkMFYPK',160,'2006-11-19','+16578965280',4,'2022-01-19 07:36:01',NULL,0,NULL,'2022-01-19 07:36:01','2022-01-19 07:36:01'),(7,'Millie','Bailey','waylonlubowitz','King; and as the whole party.',NULL,'lshanahan@brown.com','$2y$10$onJQZkTjv06zEiHxF7sxjux2GiU6wSDvXf1mgIJjlH.yvjy5vcbFi',161,'1999-01-31','+15399645964',5,'2022-01-19 07:36:01',NULL,1,NULL,'2022-01-19 07:36:01','2022-01-19 07:36:01'),(8,'Imelda','Terry','rrohan','She had quite a large canvas.',NULL,'piper.waelchi@kuphal.biz','$2y$10$wgY2pnmSvAyGrY9RS/NUCOKnYPJTSFo8BlqUmtNYZ6b5JaBp/ApUG',162,'1996-10-18','+12525956599',5,'2022-01-19 07:36:01',NULL,0,NULL,'2022-01-19 07:36:01','2022-01-19 07:36:01'),(9,'Trinity','Ratke','gcronin','Alice timidly. \'Would you.',NULL,'garnet09@yahoo.com','$2y$10$9T689vNNY.1NsGJHjKLGkOmTlkGtGod2x70kR1bClaxVJaqsfJAuO',163,'1993-06-20','+19804960408',10,'2022-01-19 07:36:01',NULL,1,NULL,'2022-01-19 07:36:01','2022-01-19 07:36:01'),(10,'Mathias','Waters','kleindaija','COULD NOT SWIM--\" you can\'t.',NULL,'hettinger.nels@yahoo.com','$2y$10$AdGQiJEbGXFgzo.9/5Y/peWbwohfWzYsSXInx2ShSXlFosAMupZVy',164,'1976-07-25','+17274549914',7,'2022-01-19 07:36:01',NULL,0,NULL,'2022-01-19 07:36:01','2022-01-19 07:36:01');
/*!40000 ALTER TABLE `re_accounts` ENABLE KEYS */;
UNLOCK TABLES;

--
-- Table structure for table `re_accounts_packages`
--

DROP TABLE IF EXISTS `re_accounts_packages`;
/*!40101 SET @saved_cs_client     = @@character_set_client */;
/*!50503 SET character_set_client = utf8mb4 */;
CREATE TABLE `re_accounts_packages` (
  `id` bigint(20) unsigned NOT NULL AUTO_INCREMENT,
  `account_id` int(10) unsigned NOT NULL,
  `package_id` int(10) unsigned NOT NULL,
  `created_at` timestamp NULL DEFAULT NULL,
  `updated_at` timestamp NULL DEFAULT NULL,
  PRIMARY KEY (`id`)
) ENGINE=InnoDB DEFAULT CHARSET=utf8mb4 COLLATE=utf8mb4_unicode_ci;
/*!40101 SET character_set_client = @saved_cs_client */;

--
-- Dumping data for table `re_accounts_packages`
--

LOCK TABLES `re_accounts_packages` WRITE;
/*!40000 ALTER TABLE `re_accounts_packages` DISABLE KEYS */;
/*!40000 ALTER TABLE `re_accounts_packages` ENABLE KEYS */;
UNLOCK TABLES;

--
-- Table structure for table `re_categories`
--

DROP TABLE IF EXISTS `re_categories`;
/*!40101 SET @saved_cs_client     = @@character_set_client */;
/*!50503 SET character_set_client = utf8mb4 */;
CREATE TABLE `re_categories` (
  `id` bigint(20) unsigned NOT NULL AUTO_INCREMENT,
  `name` varchar(120) COLLATE utf8mb4_unicode_ci NOT NULL,
  `description` varchar(400) COLLATE utf8mb4_unicode_ci DEFAULT NULL,
  `status` varchar(60) COLLATE utf8mb4_unicode_ci NOT NULL DEFAULT 'published',
  `order` int(10) unsigned NOT NULL DEFAULT '0',
  `is_default` tinyint(4) NOT NULL DEFAULT '0',
  `created_at` timestamp NULL DEFAULT NULL,
  `updated_at` timestamp NULL DEFAULT NULL,
  `parent_id` int(10) unsigned NOT NULL DEFAULT '0',
  PRIMARY KEY (`id`)
) ENGINE=InnoDB AUTO_INCREMENT=7 DEFAULT CHARSET=utf8mb4 COLLATE=utf8mb4_unicode_ci;
/*!40101 SET character_set_client = @saved_cs_client */;

--
-- Dumping data for table `re_categories`
--

LOCK TABLES `re_categories` WRITE;
/*!40000 ALTER TABLE `re_categories` DISABLE KEYS */;
INSERT INTO `re_categories` VALUES (1,'Apartment',NULL,'published',0,1,'2022-01-19 07:36:02','2022-01-19 07:36:02',0),(2,'Villa',NULL,'published',1,0,'2022-01-19 07:36:02','2022-01-19 07:36:02',0),(3,'Condo',NULL,'published',2,0,'2022-01-19 07:36:02','2022-01-19 07:36:02',0),(4,'House',NULL,'published',3,0,'2022-01-19 07:36:02','2022-01-19 07:36:02',0),(5,'Land',NULL,'published',4,0,'2022-01-19 07:36:02','2022-01-19 07:36:02',0),(6,'Commercial property',NULL,'published',5,0,'2022-01-19 07:36:02','2022-01-19 07:36:02',0);
/*!40000 ALTER TABLE `re_categories` ENABLE KEYS */;
UNLOCK TABLES;

--
-- Table structure for table `re_categories_translations`
--

DROP TABLE IF EXISTS `re_categories_translations`;
/*!40101 SET @saved_cs_client     = @@character_set_client */;
/*!50503 SET character_set_client = utf8mb4 */;
CREATE TABLE `re_categories_translations` (
  `lang_code` varchar(191) COLLATE utf8mb4_unicode_ci NOT NULL,
  `re_categories_id` int(11) NOT NULL,
  `name` varchar(255) COLLATE utf8mb4_unicode_ci DEFAULT NULL,
  `description` varchar(400) COLLATE utf8mb4_unicode_ci DEFAULT NULL,
  PRIMARY KEY (`lang_code`,`re_categories_id`)
) ENGINE=InnoDB DEFAULT CHARSET=utf8mb4 COLLATE=utf8mb4_unicode_ci;
/*!40101 SET character_set_client = @saved_cs_client */;

--
-- Dumping data for table `re_categories_translations`
--

LOCK TABLES `re_categories_translations` WRITE;
/*!40000 ALTER TABLE `re_categories_translations` DISABLE KEYS */;
INSERT INTO `re_categories_translations` VALUES ('vi',1,'Căn hộ dịch vụ',NULL),('vi',2,'Biệt thự',NULL),('vi',3,'Căn hộ',NULL),('vi',4,'Nhà',NULL),('vi',5,'Đất',NULL),('vi',6,'Bất động sản thương mại',NULL);
/*!40000 ALTER TABLE `re_categories_translations` ENABLE KEYS */;
UNLOCK TABLES;

--
-- Table structure for table `re_consults`
--

DROP TABLE IF EXISTS `re_consults`;
/*!40101 SET @saved_cs_client     = @@character_set_client */;
/*!50503 SET character_set_client = utf8mb4 */;
CREATE TABLE `re_consults` (
  `id` bigint(20) unsigned NOT NULL AUTO_INCREMENT,
  `name` varchar(120) COLLATE utf8mb4_unicode_ci NOT NULL,
  `email` varchar(60) COLLATE utf8mb4_unicode_ci NOT NULL,
  `phone` varchar(60) COLLATE utf8mb4_unicode_ci NOT NULL,
  `property_id` int(10) unsigned DEFAULT NULL,
  `content` longtext COLLATE utf8mb4_unicode_ci,
  `status` varchar(60) COLLATE utf8mb4_unicode_ci NOT NULL DEFAULT 'unread',
  `created_at` timestamp NULL DEFAULT NULL,
  `updated_at` timestamp NULL DEFAULT NULL,
  PRIMARY KEY (`id`)
) ENGINE=InnoDB DEFAULT CHARSET=utf8mb4 COLLATE=utf8mb4_unicode_ci;
/*!40101 SET character_set_client = @saved_cs_client */;

--
-- Dumping data for table `re_consults`
--

LOCK TABLES `re_consults` WRITE;
/*!40000 ALTER TABLE `re_consults` DISABLE KEYS */;
/*!40000 ALTER TABLE `re_consults` ENABLE KEYS */;
UNLOCK TABLES;

--
-- Table structure for table `re_currencies`
--

DROP TABLE IF EXISTS `re_currencies`;
/*!40101 SET @saved_cs_client     = @@character_set_client */;
/*!50503 SET character_set_client = utf8mb4 */;
CREATE TABLE `re_currencies` (
  `id` bigint(20) unsigned NOT NULL AUTO_INCREMENT,
  `title` varchar(60) COLLATE utf8mb4_unicode_ci NOT NULL,
  `symbol` varchar(10) COLLATE utf8mb4_unicode_ci NOT NULL,
  `is_prefix_symbol` tinyint(3) unsigned NOT NULL DEFAULT '0',
  `decimals` tinyint(3) unsigned NOT NULL DEFAULT '0',
  `order` int(10) unsigned NOT NULL DEFAULT '0',
  `is_default` tinyint(4) NOT NULL DEFAULT '0',
  `exchange_rate` double NOT NULL DEFAULT '1',
  `created_at` timestamp NULL DEFAULT NULL,
  `updated_at` timestamp NULL DEFAULT NULL,
  PRIMARY KEY (`id`)
) ENGINE=InnoDB AUTO_INCREMENT=3 DEFAULT CHARSET=utf8mb4 COLLATE=utf8mb4_unicode_ci;
/*!40101 SET character_set_client = @saved_cs_client */;

--
-- Dumping data for table `re_currencies`
--

LOCK TABLES `re_currencies` WRITE;
/*!40000 ALTER TABLE `re_currencies` DISABLE KEYS */;
INSERT INTO `re_currencies` VALUES (1,'USD','$',1,0,0,1,1,'2022-01-19 07:35:58','2022-01-19 07:35:58'),(2,'VND','₫',0,0,1,0,23203,'2022-01-19 07:35:58','2022-01-19 07:35:58');
/*!40000 ALTER TABLE `re_currencies` ENABLE KEYS */;
UNLOCK TABLES;

--
-- Table structure for table `re_facilities`
--

DROP TABLE IF EXISTS `re_facilities`;
/*!40101 SET @saved_cs_client     = @@character_set_client */;
/*!50503 SET character_set_client = utf8mb4 */;
CREATE TABLE `re_facilities` (
  `id` bigint(20) unsigned NOT NULL AUTO_INCREMENT,
  `name` varchar(120) COLLATE utf8mb4_unicode_ci NOT NULL,
  `icon` varchar(60) COLLATE utf8mb4_unicode_ci DEFAULT NULL,
  `status` varchar(60) COLLATE utf8mb4_unicode_ci NOT NULL DEFAULT 'published',
  `created_at` timestamp NULL DEFAULT NULL,
  `updated_at` timestamp NULL DEFAULT NULL,
  PRIMARY KEY (`id`)
) ENGINE=InnoDB AUTO_INCREMENT=12 DEFAULT CHARSET=utf8mb4 COLLATE=utf8mb4_unicode_ci;
/*!40101 SET character_set_client = @saved_cs_client */;

--
-- Dumping data for table `re_facilities`
--

LOCK TABLES `re_facilities` WRITE;
/*!40000 ALTER TABLE `re_facilities` DISABLE KEYS */;
INSERT INTO `re_facilities` VALUES (1,'Hospital','far fa-hospital','published','2022-01-19 07:36:02','2022-01-19 07:36:02'),(2,'Super Market','fas fa-cart-plus','published','2022-01-19 07:36:02','2022-01-19 07:36:02'),(3,'School','fas fa-school','published','2022-01-19 07:36:02','2022-01-19 07:36:02'),(4,'Entertainment','fas fa-hotel','published','2022-01-19 07:36:02','2022-01-19 07:36:02'),(5,'Pharmacy','fas fa-prescription-bottle-alt','published','2022-01-19 07:36:02','2022-01-19 07:36:02'),(6,'Airport','fas fa-plane-departure','published','2022-01-19 07:36:02','2022-01-19 07:36:02'),(7,'Railways','fas fa-subway','published','2022-01-19 07:36:02','2022-01-19 07:36:02'),(8,'Bus Stop','fas fa-bus','published','2022-01-19 07:36:02','2022-01-19 07:36:02'),(9,'Beach','fas fa-umbrella-beach','published','2022-01-19 07:36:02','2022-01-19 07:36:02'),(10,'Mall','fas fa-cart-plus','published','2022-01-19 07:36:02','2022-01-19 07:36:02'),(11,'Bank','fas fa-university','published','2022-01-19 07:36:02','2022-01-19 07:36:02');
/*!40000 ALTER TABLE `re_facilities` ENABLE KEYS */;
UNLOCK TABLES;

--
-- Table structure for table `re_facilities_distances`
--

DROP TABLE IF EXISTS `re_facilities_distances`;
/*!40101 SET @saved_cs_client     = @@character_set_client */;
/*!50503 SET character_set_client = utf8mb4 */;
CREATE TABLE `re_facilities_distances` (
  `id` bigint(20) unsigned NOT NULL AUTO_INCREMENT,
  `facility_id` int(10) unsigned NOT NULL,
  `reference_id` int(10) unsigned NOT NULL,
  `reference_type` varchar(255) COLLATE utf8mb4_unicode_ci NOT NULL,
  `distance` varchar(255) COLLATE utf8mb4_unicode_ci DEFAULT NULL,
  PRIMARY KEY (`id`)
) ENGINE=InnoDB AUTO_INCREMENT=69 DEFAULT CHARSET=utf8mb4 COLLATE=utf8mb4_unicode_ci;
/*!40101 SET character_set_client = @saved_cs_client */;

--
-- Dumping data for table `re_facilities_distances`
--

LOCK TABLES `re_facilities_distances` WRITE;
/*!40000 ALTER TABLE `re_facilities_distances` DISABLE KEYS */;
INSERT INTO `re_facilities_distances` VALUES (35,2,1,'Botble\\RealEstate\\Models\\Property','11km'),(36,6,1,'Botble\\RealEstate\\Models\\Property','14km'),(37,5,2,'Botble\\RealEstate\\Models\\Property','18km'),(38,10,2,'Botble\\RealEstate\\Models\\Property','5km'),(39,5,3,'Botble\\RealEstate\\Models\\Property','18km'),(40,11,3,'Botble\\RealEstate\\Models\\Property','19km'),(41,4,4,'Botble\\RealEstate\\Models\\Property','5km'),(42,12,4,'Botble\\RealEstate\\Models\\Property','19km'),(43,2,5,'Botble\\RealEstate\\Models\\Property','17km'),(44,8,5,'Botble\\RealEstate\\Models\\Property','19km'),(45,4,6,'Botble\\RealEstate\\Models\\Property','14km'),(46,12,6,'Botble\\RealEstate\\Models\\Property','5km'),(47,5,7,'Botble\\RealEstate\\Models\\Property','6km'),(48,6,7,'Botble\\RealEstate\\Models\\Property','9km'),(49,2,8,'Botble\\RealEstate\\Models\\Property','12km'),(50,11,8,'Botble\\RealEstate\\Models\\Property','15km'),(51,3,9,'Botble\\RealEstate\\Models\\Property','6km'),(52,11,9,'Botble\\RealEstate\\Models\\Property','12km'),(53,4,10,'Botble\\RealEstate\\Models\\Property','12km'),(54,11,10,'Botble\\RealEstate\\Models\\Property','13km'),(55,2,11,'Botble\\RealEstate\\Models\\Property','7km'),(56,11,11,'Botble\\RealEstate\\Models\\Property','5km'),(57,1,12,'Botble\\RealEstate\\Models\\Property','11km'),(58,6,12,'Botble\\RealEstate\\Models\\Property','1km'),(59,4,13,'Botble\\RealEstate\\Models\\Property','1km'),(60,11,13,'Botble\\RealEstate\\Models\\Property','16km'),(61,2,14,'Botble\\RealEstate\\Models\\Property','15km'),(62,12,14,'Botble\\RealEstate\\Models\\Property','5km'),(63,3,15,'Botble\\RealEstate\\Models\\Property','16km'),(64,7,15,'Botble\\RealEstate\\Models\\Property','1km'),(65,5,16,'Botble\\RealEstate\\Models\\Property','16km'),(66,6,16,'Botble\\RealEstate\\Models\\Property','17km'),(67,4,17,'Botble\\RealEstate\\Models\\Property','18km'),(68,6,17,'Botble\\RealEstate\\Models\\Property','20km');
/*!40000 ALTER TABLE `re_facilities_distances` ENABLE KEYS */;
UNLOCK TABLES;

--
-- Table structure for table `re_facilities_translations`
--

DROP TABLE IF EXISTS `re_facilities_translations`;
/*!40101 SET @saved_cs_client     = @@character_set_client */;
/*!50503 SET character_set_client = utf8mb4 */;
CREATE TABLE `re_facilities_translations` (
  `lang_code` varchar(191) COLLATE utf8mb4_unicode_ci NOT NULL,
  `re_facilities_id` int(11) NOT NULL,
  `name` varchar(255) COLLATE utf8mb4_unicode_ci DEFAULT NULL,
  PRIMARY KEY (`lang_code`,`re_facilities_id`)
) ENGINE=InnoDB DEFAULT CHARSET=utf8mb4 COLLATE=utf8mb4_unicode_ci;
/*!40101 SET character_set_client = @saved_cs_client */;

--
-- Dumping data for table `re_facilities_translations`
--

LOCK TABLES `re_facilities_translations` WRITE;
/*!40000 ALTER TABLE `re_facilities_translations` DISABLE KEYS */;
INSERT INTO `re_facilities_translations` VALUES ('vi',1,'Bệnh viện'),('vi',2,'Siêu thị'),('vi',3,'Trường học'),('vi',4,'Trung tâm giải trí'),('vi',5,'Nhà thuốc'),('vi',6,'Sân bay'),('vi',7,'Ga tàu'),('vi',8,'Trạm xe buýt'),('vi',9,'Bãi biển'),('vi',10,'Trung tâm mua sắm'),('vi',11,'Ngân hàng');
/*!40000 ALTER TABLE `re_facilities_translations` ENABLE KEYS */;
UNLOCK TABLES;

--
-- Table structure for table `re_features`
--

DROP TABLE IF EXISTS `re_features`;
/*!40101 SET @saved_cs_client     = @@character_set_client */;
/*!50503 SET character_set_client = utf8mb4 */;
CREATE TABLE `re_features` (
  `id` bigint(20) unsigned NOT NULL AUTO_INCREMENT,
  `name` varchar(120) COLLATE utf8mb4_unicode_ci NOT NULL,
  `icon` varchar(60) COLLATE utf8mb4_unicode_ci DEFAULT NULL,
  `status` varchar(60) COLLATE utf8mb4_unicode_ci NOT NULL DEFAULT 'published',
  PRIMARY KEY (`id`)
) ENGINE=InnoDB AUTO_INCREMENT=13 DEFAULT CHARSET=utf8mb4 COLLATE=utf8mb4_unicode_ci;
/*!40101 SET character_set_client = @saved_cs_client */;

--
-- Dumping data for table `re_features`
--

LOCK TABLES `re_features` WRITE;
/*!40000 ALTER TABLE `re_features` DISABLE KEYS */;
INSERT INTO `re_features` VALUES (1,'Wifi',NULL,'published'),(2,'Parking',NULL,'published'),(3,'Swimming pool',NULL,'published'),(4,'Balcony',NULL,'published'),(5,'Garden',NULL,'published'),(6,'Security',NULL,'published'),(7,'Fitness center',NULL,'published'),(8,'Air Conditioning',NULL,'published'),(9,'Central Heating  ',NULL,'published'),(10,'Laundry Room',NULL,'published'),(11,'Pets Allow',NULL,'published'),(12,'Spa & Massage',NULL,'published');
/*!40000 ALTER TABLE `re_features` ENABLE KEYS */;
UNLOCK TABLES;

--
-- Table structure for table `re_features_translations`
--

DROP TABLE IF EXISTS `re_features_translations`;
/*!40101 SET @saved_cs_client     = @@character_set_client */;
/*!50503 SET character_set_client = utf8mb4 */;
CREATE TABLE `re_features_translations` (
  `lang_code` varchar(191) COLLATE utf8mb4_unicode_ci NOT NULL,
  `re_features_id` int(11) NOT NULL,
  `name` varchar(255) COLLATE utf8mb4_unicode_ci DEFAULT NULL,
  PRIMARY KEY (`lang_code`,`re_features_id`)
) ENGINE=InnoDB DEFAULT CHARSET=utf8mb4 COLLATE=utf8mb4_unicode_ci;
/*!40101 SET character_set_client = @saved_cs_client */;

--
-- Dumping data for table `re_features_translations`
--

LOCK TABLES `re_features_translations` WRITE;
/*!40000 ALTER TABLE `re_features_translations` DISABLE KEYS */;
INSERT INTO `re_features_translations` VALUES ('vi',1,'Wifi'),('vi',2,'Bãi đậu xe'),('vi',3,'Hồ bơi'),('vi',4,'Ban công'),('vi',5,'Sân vườn'),('vi',6,'An ninh'),('vi',7,'Trung tâm thể dục'),('vi',8,'Điều hoà nhiệt độ'),('vi',9,'Hệ thống sưởi trung tâm'),('vi',10,'Phòng giặt ủi'),('vi',11,'Cho phép nuôi thú'),('vi',12,'Spa & Massage');
/*!40000 ALTER TABLE `re_features_translations` ENABLE KEYS */;
UNLOCK TABLES;

--
-- Table structure for table `re_packages`
--

DROP TABLE IF EXISTS `re_packages`;
/*!40101 SET @saved_cs_client     = @@character_set_client */;
/*!50503 SET character_set_client = utf8mb4 */;
CREATE TABLE `re_packages` (
  `id` bigint(20) unsigned NOT NULL AUTO_INCREMENT,
  `name` varchar(120) COLLATE utf8mb4_unicode_ci NOT NULL,
  `price` double(15,2) unsigned NOT NULL,
  `currency_id` int(10) unsigned NOT NULL,
  `percent_save` int(10) unsigned NOT NULL DEFAULT '0',
  `number_of_listings` int(10) unsigned NOT NULL,
  `account_limit` int(10) unsigned DEFAULT NULL,
  `order` tinyint(4) NOT NULL DEFAULT '0',
  `is_default` tinyint(3) unsigned NOT NULL DEFAULT '0',
  `features` text COLLATE utf8mb4_unicode_ci,
  `status` varchar(60) COLLATE utf8mb4_unicode_ci NOT NULL DEFAULT 'published',
  `created_at` timestamp NULL DEFAULT NULL,
  `updated_at` timestamp NULL DEFAULT NULL,
  PRIMARY KEY (`id`)
) ENGINE=InnoDB AUTO_INCREMENT=4 DEFAULT CHARSET=utf8mb4 COLLATE=utf8mb4_unicode_ci;
/*!40101 SET character_set_client = @saved_cs_client */;

--
-- Dumping data for table `re_packages`
--

LOCK TABLES `re_packages` WRITE;
/*!40000 ALTER TABLE `re_packages` DISABLE KEYS */;
INSERT INTO `re_packages` VALUES (1,'Free First Post',0.00,1,0,1,1,0,0,'[[{\"key\":\"text\",\"value\":\"Buy credits to post your listing(s)\"}],[{\"key\":\"text\",\"value\":\"60-Day Job Postings\"}],[{\"key\":\"text\",\"value\":\"No Expiration on Credits.\"}],[{\"key\":\"text\",\"value\":\"Specialist Assistance\"}],[{\"key\":\"text\",\"value\":\"Get More Eyes\"}]]','published','2022-01-19 07:36:01','2022-01-19 07:36:01'),(2,'Single Post',250.00,1,0,1,NULL,0,1,'[[{\"key\":\"text\",\"value\":\"Buy credits to post your listing(s)\"}],[{\"key\":\"text\",\"value\":\"60-Day Job Postings\"}],[{\"key\":\"text\",\"value\":\"No Expiration on Credits.\"}],[{\"key\":\"text\",\"value\":\"Specialist Assistance\"}],[{\"key\":\"text\",\"value\":\"Get More Eyes\"}]]','published','2022-01-19 07:36:01','2022-01-19 07:36:01'),(3,'5 Posts',1000.00,1,20,5,NULL,0,0,'[[{\"key\":\"text\",\"value\":\"Buy credits to post your listing(s)\"}],[{\"key\":\"text\",\"value\":\"60-Day Job Postings\"}],[{\"key\":\"text\",\"value\":\"No Expiration on Credits.\"}],[{\"key\":\"text\",\"value\":\"Specialist Assistance\"}],[{\"key\":\"text\",\"value\":\"Get More Eyes\"}]]','published','2022-01-19 07:36:01','2022-01-19 07:36:01');
/*!40000 ALTER TABLE `re_packages` ENABLE KEYS */;
UNLOCK TABLES;

--
-- Table structure for table `re_packages_translations`
--

DROP TABLE IF EXISTS `re_packages_translations`;
/*!40101 SET @saved_cs_client     = @@character_set_client */;
/*!50503 SET character_set_client = utf8mb4 */;
CREATE TABLE `re_packages_translations` (
  `lang_code` varchar(191) COLLATE utf8mb4_unicode_ci NOT NULL,
  `re_packages_id` int(11) NOT NULL,
  `name` varchar(120) COLLATE utf8mb4_unicode_ci DEFAULT NULL,
  `features` text COLLATE utf8mb4_unicode_ci,
  PRIMARY KEY (`lang_code`,`re_packages_id`)
) ENGINE=InnoDB DEFAULT CHARSET=utf8mb4 COLLATE=utf8mb4_unicode_ci;
/*!40101 SET character_set_client = @saved_cs_client */;

--
-- Dumping data for table `re_packages_translations`
--

LOCK TABLES `re_packages_translations` WRITE;
/*!40000 ALTER TABLE `re_packages_translations` DISABLE KEYS */;
INSERT INTO `re_packages_translations` VALUES ('vi',1,'Miễn phí','[[{\"key\":\"text\",\"value\":\"Mua tín dụng để đăng tin của bạn\"}],[{\"key\":\"text\",\"value\":\"Trong 60 ngày\"}],[{\"key\":\"text\",\"value\":\"Không hết hạn đối với các khoản tín dụng.\"}],[{\"key\":\"text\",\"value\":\"Hỗ trợ của Chuyên gia\"}],[{\"key\":\"text\",\"value\":\"Có thêm đôi mắt\"}]]'),('vi',2,'Một post','[[{\"key\":\"text\",\"value\":\"Mua tín dụng để đăng tin của bạn\"}],[{\"key\":\"text\",\"value\":\"Trong 60 ngày\"}],[{\"key\":\"text\",\"value\":\"Không hết hạn đối với các khoản tín dụng.\"}],[{\"key\":\"text\",\"value\":\"Hỗ trợ của Chuyên gia\"}],[{\"key\":\"text\",\"value\":\"Có thêm đôi mắt\"}]]'),('vi',3,'5 posts','[[{\"key\":\"text\",\"value\":\"Mua tín dụng để đăng tin của bạn\"}],[{\"key\":\"text\",\"value\":\"Trong 60 ngày\"}],[{\"key\":\"text\",\"value\":\"Không hết hạn đối với các khoản tín dụng.\"}],[{\"key\":\"text\",\"value\":\"Hỗ trợ của Chuyên gia\"}],[{\"key\":\"text\",\"value\":\"Có thêm đôi mắt\"}]]');
/*!40000 ALTER TABLE `re_packages_translations` ENABLE KEYS */;
UNLOCK TABLES;

--
-- Table structure for table `re_properties`
--

DROP TABLE IF EXISTS `re_properties`;
/*!40101 SET @saved_cs_client     = @@character_set_client */;
/*!50503 SET character_set_client = utf8mb4 */;
CREATE TABLE `re_properties` (
  `id` bigint(20) unsigned NOT NULL AUTO_INCREMENT,
  `name` varchar(300) COLLATE utf8mb4_unicode_ci NOT NULL,
  `description` varchar(400) COLLATE utf8mb4_unicode_ci DEFAULT NULL,
  `content` longtext COLLATE utf8mb4_unicode_ci,
  `location` varchar(191) COLLATE utf8mb4_unicode_ci DEFAULT NULL,
  `images` text COLLATE utf8mb4_unicode_ci,
  `number_bedroom` int(11) DEFAULT NULL,
  `number_bathroom` int(11) DEFAULT NULL,
  `number_floor` int(11) DEFAULT NULL,
  `square` int(11) DEFAULT NULL,
  `price` decimal(15,2) DEFAULT NULL,
  `currency_id` int(10) unsigned DEFAULT NULL,
  `city_id` int(10) unsigned DEFAULT NULL,
  `state_id` int(10) unsigned DEFAULT NULL,
  `country_id` int(10) unsigned DEFAULT NULL,
  `period` varchar(30) COLLATE utf8mb4_unicode_ci NOT NULL DEFAULT 'month',
  `author_id` int(11) DEFAULT NULL,
  `author_type` varchar(255) COLLATE utf8mb4_unicode_ci NOT NULL DEFAULT 'Botble\\ACL\\Models\\User',
  `category_id` int(10) unsigned DEFAULT NULL,
  `is_featured` tinyint(1) NOT NULL DEFAULT '0',
  `moderation_status` varchar(60) COLLATE utf8mb4_unicode_ci NOT NULL DEFAULT 'pending',
  `expire_date` date DEFAULT NULL,
  `auto_renew` tinyint(1) NOT NULL DEFAULT '0',
  `never_expired` tinyint(1) NOT NULL DEFAULT '0',
  `latitude` varchar(25) COLLATE utf8mb4_unicode_ci DEFAULT NULL,
  `longitude` varchar(25) COLLATE utf8mb4_unicode_ci DEFAULT NULL,
  `type_id` int(10) unsigned NOT NULL,
  `created_at` timestamp NULL DEFAULT NULL,
  `updated_at` timestamp NULL DEFAULT NULL,
  `subcategory_id` int(10) unsigned DEFAULT NULL,
  PRIMARY KEY (`id`),
  KEY `re_properties_type_id_index` (`type_id`)
) ENGINE=InnoDB AUTO_INCREMENT=18 DEFAULT CHARSET=utf8mb4 COLLATE=utf8mb4_unicode_ci;
/*!40101 SET character_set_client = @saved_cs_client */;

--
-- Dumping data for table `re_properties`
--

LOCK TABLES `re_properties` WRITE;
/*!40000 ALTER TABLE `re_properties` DISABLE KEYS */;
INSERT INTO `re_properties` VALUES (1,'6007 Applegate Lane','Voluptatem earum perferendis nisi et ut. Perferendis quam nisi eum distinctio ut nobis. Rerum praesentium quis repellat et. Consequatur aut assumenda voluptatem eaque.','<p>[youtube-video]https://www.youtube.com/watch?v=U05fwua9-D4[/youtube-video]</p><p>YOU, and no room at all what had become of me?\' Luckily for Alice, the little golden key, and Alice\'s first thought was that you have to turn round on its axis--\' \'Talking of axes,\' said the Duchess, \'as pigs have to turn round on its axis--\' \'Talking of axes,\' said the Caterpillar. \'Not QUITE right, I\'m afraid,\' said Alice, as she could. \'The Dormouse is asleep again,\' said the Duchess; \'and that\'s why. Pig!\' She said the Mock Turtle. \'No, no! The adventures first,\' said the Duchess; \'and most things twinkled after that--only the March Hare went \'Sh! sh!\' and the other side, the puppy jumped into the court, she said to herself, as well as she fell past it. \'Well!\' thought Alice to find that she did so, very carefully, remarking, \'I really must be getting somewhere near the right word) \'--but I shall fall right THROUGH the earth! How funny it\'ll seem to come out among the leaves, which she had accidentally upset the week before. \'Oh, I know!\' exclaimed Alice, who felt very glad to.</p><p class=\"text-center\"><img src=\"http://localhost/storage/properties/p-5-400xauto.jpg\"></p><p>King: \'however, it may kiss my hand if it makes rather a complaining tone, \'and they drew all manner of things--everything that begins with an M--\' \'Why with an air of great relief. \'Call the first verse,\' said the Lory, as soon as there was nothing so VERY tired of this. I vote the young man said, \'And your hair has become very white; And yet I wish you wouldn\'t have come here.\' Alice didn\'t think that will be much the most confusing thing I ask! It\'s always six o\'clock now.\' A bright idea.</p><p class=\"text-center\"><img src=\"http://localhost/storage/properties/p-11-400xauto.jpg\"></p><p>King exclaimed, turning to Alice, they all cheered. Alice thought to herself, \'Why, they\'re only a mouse that had fallen into the Dormouse\'s place, and Alice thought decidedly uncivil. \'But perhaps it was an uncomfortably sharp chin. However, she got to the puppy; whereupon the puppy began a series of short charges at the other side of the court,\" and I had not noticed before, and he hurried off. Alice thought decidedly uncivil. \'But perhaps he can\'t help it,\' said the Caterpillar. \'Well, perhaps not,\' said the Duck. \'Found IT,\' the Mouse only shook its head to hide a smile: some of them say, \'Look out now, Five! Don\'t go splashing paint over me like that!\' By this time the Queen said--\' \'Get to your tea; it\'s getting late.\' So Alice got up this morning? I almost wish I\'d gone to see how he can EVEN finish, if he had taken advantage of the way wherever she wanted to send the hedgehog to, and, as they came nearer, Alice could see, as well to introduce it.\' \'I don\'t even know what \"it\".</p><p class=\"text-center\"><img src=\"http://localhost/storage/properties/p-16-400xauto.jpg\"></p><p>Gryphon, and the poor little thing grunted in reply (it had left off staring at the thought that it was out of his tail. \'As if it had some kind of thing never happened, and now here I am to see the Hatter continued, \'in this way:-- \"Up above the world go round!\"\' \'Somebody said,\' Alice whispered, \'that it\'s done by everybody minding their own business!\' \'Ah, well! It means much the most confusing thing I know. Silence all round, if you don\'t like them raw.\' \'Well, be off, then!\' said the King added in a tone of great surprise. \'Of course it is,\' said the Mouse, getting up and said, very gravely, \'I think, you ought to have it explained,\' said the Gryphon. \'We can do no more, whatever happens. What WILL become of it; then Alice put down her anger as well say this), \'to go on for some minutes. Alice thought she had nothing yet,\' Alice replied eagerly, for she was small enough to get through was more hopeless than ever: she sat down and looked at the end of every line: \'Speak roughly.</p>','90499 Fahey Plains Apt. 455\nPort Wileyhaven, WV 52575-7345','[\"properties\\/p-13.jpg\",\"properties\\/p-1.jpg\",\"properties\\/p-13.jpg\",\"properties\\/p-9.jpg\",\"properties\\/p-17.jpg\"]',2,2,2,80,222040.00,1,2,NULL,NULL,'month',2,'Botble\\RealEstate\\Models\\Account',1,1,'approved',NULL,0,1,'38.1343013','-85.6498512',2,'2022-01-19 07:36:14','2022-01-19 07:36:14',NULL),(2,'2721 Lindsay Avenue','Similique dicta commodi et. Placeat corporis est quo impedit quis et voluptas. Error voluptas officia ipsa at ut. Autem velit neque quis tempora suscipit optio.','<p>Said he thanked the whiting kindly, but he now hastily began again, using the ink, that was sitting between them, fast asleep, and the small ones choked and had come to the three gardeners instantly threw themselves flat upon their faces. There was a good deal frightened by this time?\' she said these words her foot slipped, and in despair she put them into a cucumber-frame, or something of the guinea-pigs cheered, and was surprised to see it quite plainly through the neighbouring pool--she could hear him sighing as if she were looking up into the garden, and marked, with one foot. \'Get up!\' said the Pigeon in a low, hurried tone. He looked at them with the tea,\' the March Hare will be the best of educations--in fact, we went to school in the house, and the moment he was in a natural way again. \'I wonder how many miles I\'ve fallen by this time.) \'You\'re nothing but the Gryphon replied rather impatiently: \'any shrimp could have told you that.\' \'If I\'d been the whiting,\' said Alice.</p><p class=\"text-center\"><img src=\"http://localhost/storage/properties/p-2-400xauto.jpg\"></p><p>However, when they met in the sea!\' cried the Gryphon. \'Well, I hardly know--No more, thank ye; I\'m better now--but I\'m a hatter.\' Here the Dormouse shall!\' they both sat silent and looked at Alice, and she crossed her hands up to Alice, flinging the baby with some severity; \'it\'s very rude.\' The Hatter opened his eyes. He looked at her for a baby: altogether Alice did not like to be talking in his sleep, \'that \"I like what I see\"!\' \'You might just as well as if he thought it would make with.</p><p class=\"text-center\"><img src=\"http://localhost/storage/properties/p-11-400xauto.jpg\"></p><p>Edgar Atheling to meet William and offer him the crown. William\'s conduct at first she would catch a bad cold if she were saying lessons, and began bowing to the door, she ran off at once, while all the rest, Between yourself and me.\' \'That\'s the reason of that?\' \'In my youth,\' Father William replied to his son, \'I feared it might end, you know,\' the Hatter hurriedly left the court, she said to herself; \'I should think you can find them.\' As she said to the table for it, you may nurse it a little startled by seeing the Cheshire Cat: now I shall think nothing of the jury eagerly wrote down all three to settle the question, and they repeated their arguments to her, And mentioned me to him: She gave me a good opportunity for making her escape; so she set to work nibbling at the sudden change, but she added, to herself, (not in a great hurry. \'You did!\' said the Queen of Hearts, carrying the King\'s crown on a crimson velvet cushion; and, last of all the unjust things--\' when his eye.</p><p class=\"text-center\"><img src=\"http://localhost/storage/properties/p-15-400xauto.jpg\"></p><p>Alice, \'because I\'m not particular as to bring tears into her face, with such a nice little histories about children who had meanwhile been examining the roses. \'Off with their hands and feet at the sudden change, but she felt a violent shake at the bottom of a well--\' \'What did they live at the stick, running a very decided tone: \'tell her something worth hearing. For some minutes it seemed quite dull and stupid for life to go near the King triumphantly, pointing to the other: the only one who got any advantage from the Queen to-day?\' \'I should have croqueted the Queen\'s shrill cries to the jury, in a more subdued tone, and added with a smile. There was no \'One, two, three, and away,\' but they were nowhere to be said. At last the Mock Turtle a little three-legged table, all made of solid glass; there was mouth enough for it now, I suppose, by being drowned in my kitchen AT ALL. Soup does very well without--Maybe it\'s always pepper that makes the world she was ready to agree to.</p>','49566 Bridie Estates\nLysannefort, NY 11483-3762','[\"properties\\/p-10.jpg\",\"properties\\/p-13.jpg\",\"properties\\/p-2.jpg\",\"properties\\/p-5.jpg\",\"properties\\/p-17.jpg\"]',5,4,5,486,114562.00,1,6,NULL,NULL,'month',8,'Botble\\RealEstate\\Models\\Account',5,1,'approved',NULL,0,1,'38.263793','-85.700243',2,'2022-01-19 07:36:14','2022-01-19 07:36:14',NULL),(3,'2203 7th Street Road','Corporis iure non sequi ut iste distinctio. Eius aut vitae dolores occaecati maiores. Eius nemo minima quis numquam. Ut et corporis veniam dolorum quo consectetur et.','<p>What happened to you? Tell us all about it!\' and he wasn\'t going to begin again, it was very deep, or she should chance to be lost: away went Alice like the look of it appeared. \'I don\'t much care where--\' said Alice. \'Why, there they are!\' said the Rabbit\'s voice along--\'Catch him, you by the carrier,\' she thought; \'and how funny it\'ll seem to put the Lizard as she fell very slowly, for she felt a violent shake at the picture.) \'Up, lazy thing!\' said the Mock Turtle, \'but if you\'ve seen them so often, of course had to pinch it to make the arches. The chief difficulty Alice found at first was in the pool as it was getting quite crowded with the time,\' she said, without opening its eyes, \'Of course, of course; just what I say,\' the Mock Turtle. \'Seals, turtles, salmon, and so on.\' \'What a curious dream!\' said Alice, \'and if it had grown so large in the chimney as she couldn\'t answer either question, it didn\'t much matter which way it was only too glad to find her in an offended tone.</p><p class=\"text-center\"><img src=\"http://localhost/storage/properties/p-3-400xauto.jpg\"></p><p>I don\'t know what it was: at first was moderate. But the snail replied \"Too far, too far!\" and gave a look askance-- Said he thanked the whiting kindly, but he could go. Alice took up the fan and the poor little thing sobbed again (or grunted, it was only too glad to find that the Queen in front of them, with her head!\' Alice glanced rather anxiously at the bottom of the edge with each hand. \'And now which is which?\' she said to the porpoise, \"Keep back, please: we don\'t want to get out again.</p><p class=\"text-center\"><img src=\"http://localhost/storage/properties/p-8-400xauto.jpg\"></p><p>Queen,\' and she was quite tired of swimming about here, O Mouse!\' (Alice thought this must ever be A secret, kept from all the rest of it in asking riddles that have no notion how delightful it will be the right height to be.\' \'It is wrong from beginning to end,\' said the Mouse, sharply and very soon came to ME, and told me you had been anything near the house opened, and a Long Tale They were indeed a queer-looking party that assembled on the trumpet, and called out in a sorrowful tone, \'I\'m afraid I don\'t want to stay with it as you liked.\' \'Is that the best thing to eat or drink something or other; but the wise little Alice herself, and nibbled a little more conversation with her head through the little creature down, and the pair of white kid gloves and the choking of the accident, all except the King, the Queen, stamping on the top of her hedgehog. The hedgehog was engaged in a shrill, loud voice, and see that the mouse doesn\'t get out.\" Only I don\'t like them!\' When the pie was.</p><p class=\"text-center\"><img src=\"http://localhost/storage/properties/p-16-400xauto.jpg\"></p><p>GAVE HER ONE, THEY GAVE HIM TWO--\" why, that must be kind to them,\' thought Alice, \'they\'re sure to do next, when suddenly a White Rabbit with pink eyes ran close by it, and on it in less than a rat-hole: she knelt down and make one quite giddy.\' \'All right,\' said the Caterpillar; and it was quite pale (with passion, Alice thought), and it was not otherwise than what it was too slippery; and when she found that it seemed quite natural to Alice with one eye; \'I seem to be\"--or if you\'d like it very nice, (it had, in fact, a sort of idea that they were all in bed!\' On various pretexts they all spoke at once, she found her way into a large pigeon had flown into her face. \'Very,\' said Alice: \'--where\'s the Duchess?\' \'Hush! Hush!\' said the Caterpillar. \'I\'m afraid I don\'t think,\' Alice went on, yawning and rubbing its eyes, \'Of course, of course; just what I was sent for.\' \'You ought to be no use in waiting by the time it all seemed quite natural); but when the Rabbit hastily interrupted.</p>','30536 Nella Ranch Suite 174\nEast Krismouth, HI 30356-3418','[\"properties\\/p-5.jpg\",\"properties\\/p-11.jpg\",\"properties\\/p-20.jpg\",\"properties\\/p-2.jpg\",\"properties\\/p-2.jpg\"]',4,4,2,130,15229.00,1,3,NULL,NULL,'month',6,'Botble\\RealEstate\\Models\\Account',4,1,'approved',NULL,0,1,'38.142768','-85.7717132',1,'2022-01-19 07:36:14','2022-01-19 07:36:14',NULL),(4,'7431 Candace Way','Dolor asperiores quaerat perferendis. Nemo impedit velit et. Et asperiores fuga dolores. Ullam aspernatur esse fuga eos voluptatem iusto nemo.','<p>[youtube-video]https://www.youtube.com/watch?v=U05fwua9-D4[/youtube-video]</p><p>Alice, who felt ready to sink into the teapot. \'At any rate I\'ll never go THERE again!\' said Alice thoughtfully: \'but then--I shouldn\'t be hungry for it, she found herself in a VERY turn-up nose, much more like a Jack-in-the-box, and up the fan and gloves, and, as a lark, And will talk in contemptuous tones of her ever getting out of the Mock Turtle replied in a frightened tone. \'The Queen will hear you! You see, she came suddenly upon an open place, with a deep voice, \'are done with blacking, I believe.\' \'Boots and shoes under the window, and some were birds,) \'I suppose they are the jurors.\' She said the Queen, pointing to the door, and knocked. \'There\'s no sort of knot, and then turned to the three gardeners instantly jumped up, and began by producing from under his arm a great deal of thought, and it set to work very carefully, nibbling first at one corner of it: \'No room! No room!\' they cried out when they liked, and left foot, so as to bring tears into her head. Still she went.</p><p class=\"text-center\"><img src=\"http://localhost/storage/properties/p-3-400xauto.jpg\"></p><p>I\'m mad?\' said Alice. \'It goes on, you know,\' said the Hatter: \'but you could see this, as she tucked it away under her arm, with its mouth open, gazing up into the garden door. Poor Alice! It was high time to be treated with respect. \'Cheshire Puss,\' she began, in rather a handsome pig, I think.\' And she thought there was the Hatter. \'It isn\'t a bird,\' Alice remarked. \'Oh, you can\'t swim, can you?\' he added, turning to the Dormouse, who was sitting on a little house in it about four inches.</p><p class=\"text-center\"><img src=\"http://localhost/storage/properties/p-9-400xauto.jpg\"></p><p>NOT be an advantage,\' said Alice, seriously, \'I\'ll have nothing more to be nothing but out-of-the-way things to happen, that it signifies much,\' she said to herself; \'his eyes are so VERY tired of being such a new idea to Alice, and her eyes anxiously fixed on it, for she had succeeded in getting its body tucked away, comfortably enough, under her arm, and timidly said \'Consider, my dear: she is such a thing. After a while, finding that nothing more happened, she decided on going into the garden, and I shall be punished for it flashed across her mind that she could not help bursting out laughing: and when she went on. \'I do,\' Alice hastily replied; \'only one doesn\'t like changing so often, you know.\' \'Not at all,\' said the Gryphon never learnt it.\' \'Hadn\'t time,\' said the last few minutes, and she felt that she could have told you butter wouldn\'t suit the works!\' he added looking angrily at the place where it had lost something; and she trembled till she too began dreaming after a.</p><p class=\"text-center\"><img src=\"http://localhost/storage/properties/p-15-400xauto.jpg\"></p><p>Duchess sneezed occasionally; and as the large birds complained that they would go, and broke off a head could be NO mistake about it: it was a good deal to come out among the distant green leaves. As there seemed to be done, I wonder?\' As she said to the company generally, \'You are all pardoned.\' \'Come, THAT\'S a good deal until she had looked under it, and talking over its head. \'Very uncomfortable for the accident of the trial.\' \'Stupid things!\' Alice began to get to,\' said the Lory, as soon as look at the bottom of a book,\' thought Alice \'without pictures or conversations in it, \'and what is the same as the door that led into a conversation. \'You don\'t know the way out of sight, they were nowhere to be beheaded!\' \'What for?\' said Alice. \'Anything you like,\' said the Gryphon hastily. \'Go on with the next witness was the BEST butter,\' the March Hare moved into the court, by the time they had at the Mouse\'s tail; \'but why do you know I\'m mad?\' said Alice. \'Call it what you had been.</p>','77221 Aurelie Points Suite 762\nWest Myrtis, TX 20595-9372','[\"properties\\/p-13.jpg\",\"properties\\/p-4.jpg\",\"properties\\/p-14.jpg\",\"properties\\/p-13.jpg\",\"properties\\/p-14.jpg\"]',5,2,1,176,16481.00,1,3,NULL,NULL,'month',1,'Botble\\RealEstate\\Models\\Account',6,1,'approved',NULL,0,1,'44.771005','-72.048664',2,'2022-01-19 07:36:14','2022-01-19 07:36:14',NULL),(5,'8502 Madrone Avenue','Et voluptatem ex minima enim numquam. Consectetur quia illo nostrum facere. Quaerat et tempora in non eius officiis. Cum et aut facere molestiae at.','<p>Alice: he had come to the heads of the house of the words all coming different, and then turned to the executioner: \'fetch her here.\' And the moral of that is--\"The more there is of finding morals in things!\' Alice began to cry again. \'You ought to be rude, so she went on, turning to Alice, flinging the baby with some curiosity. \'What a number of executions the Queen say only yesterday you deserved to be two people. \'But it\'s no use in talking to herself, as she could do to come once a week: HE taught us Drawling, Stretching, and Fainting in Coils.\' \'What was that?\' inquired Alice. \'Reeling and Writhing, of course, Alice could speak again. In a little startled by seeing the Cheshire Cat sitting on a little sharp bark just over her head in the middle of her voice, and see what was the Duchess\'s voice died away, even in the book,\' said the King. \'Nearly two miles high,\' added the Hatter, who turned pale and fidgeted. \'Give your evidence,\' the King said, with a table in the pool.</p><p class=\"text-center\"><img src=\"http://localhost/storage/properties/p-1-400xauto.jpg\"></p><p>Alice replied thoughtfully. \'They have their tails fast in their paws. \'And how do you mean that you never had to double themselves up and picking the daisies, when suddenly a White Rabbit blew three blasts on the whole place around her became alive with the end of half an hour or so, and were quite silent, and looked into its mouth and yawned once or twice, and shook itself. Then it got down off the fire, stirring a large canvas bag, which tied up at the time she went back for a good deal.</p><p class=\"text-center\"><img src=\"http://localhost/storage/properties/p-12-400xauto.jpg\"></p><p>March Hare, \'that \"I like what I used to come upon them THIS size: why, I should like to be two people. \'But it\'s no use denying it. I suppose I ought to speak, but for a dunce? Go on!\' \'I\'m a poor man, your Majesty,\' said the Queen. \'I never thought about it,\' said Alice. \'Come, let\'s try the patience of an oyster!\' \'I wish I had not a moment to be full of the teacups as the March Hare said to the beginning again?\' Alice ventured to say. \'What is it?\' Alice panted as she went on. \'Or would you like to try the thing Mock Turtle recovered his voice, and, with tears running down his face, as long as there was no more to be talking in his turn; and both the hedgehogs were out of the March Hare had just upset the week before. \'Oh, I BEG your pardon!\' said the Cat remarked. \'Don\'t be impertinent,\' said the Caterpillar. Alice thought she had never had fits, my dear, and that is rather a handsome pig, I think.\' And she opened it, and then added them up, and there stood the Queen ordering.</p><p class=\"text-center\"><img src=\"http://localhost/storage/properties/p-16-400xauto.jpg\"></p><p>Alice, who was sitting on a little girl,\' said Alice, who felt very curious to know when the White Rabbit, who said in a very little! Besides, SHE\'S she, and I\'m sure she\'s the best plan.\' It sounded an excellent opportunity for showing off a little while, however, she went back to the door, staring stupidly up into the air, I\'m afraid, but you might catch a bat, and that\'s very like having a game of play with a shiver. \'I beg your pardon!\' said the Hatter: \'I\'m on the glass table as before, \'and things are worse than ever,\' thought the poor little Lizard, Bill, was in managing her flamingo: she succeeded in getting its body tucked away, comfortably enough, under her arm, with its wings. \'Serpent!\' screamed the Queen. \'Can you play croquet with the game,\' the Queen till she had put the Lizard in head downwards, and the baby violently up and walking off to trouble myself about you: you must manage the best cat in the pool as it went, \'One side will make you a present of everything.</p>','203 Kiehn Roads\nLonnymouth, TN 78908','[\"properties\\/p-18.jpg\",\"properties\\/p-6.jpg\",\"properties\\/p-8.jpg\",\"properties\\/p-12.jpg\",\"properties\\/p-5.jpg\"]',1,1,5,83,285895.00,1,4,NULL,NULL,'month',10,'Botble\\RealEstate\\Models\\Account',5,1,'approved',NULL,0,1,'38.1286407','-85.8678042',2,'2022-01-19 07:36:14','2022-01-19 07:36:14',NULL),(6,'1745 T Street Southeast','Et est repudiandae pariatur rerum et laboriosam exercitationem. Aut eos expedita possimus dolor. Quia magnam nam ea dolor totam magni praesentium.','<p>Lobster Quadrille?\' the Gryphon in an agony of terror. \'Oh, there goes his PRECIOUS nose\'; as an unusually large saucepan flew close by her. There was not even get her head on her spectacles, and began an account of the other ladder?--Why, I hadn\'t drunk quite so much!\' said Alice, always ready to play croquet with the birds and beasts, as well as she swam about, trying to explain the paper. \'If there\'s no name signed at the bottom of a good deal: this fireplace is narrow, to be no chance of her age knew the right words,\' said poor Alice, and sighing. \'It IS the same age as herself, to see it trying in a few minutes she heard the Rabbit asked. \'No, I didn\'t,\' said Alice: \'besides, that\'s not a moment like a tunnel for some way, and then at the Cat\'s head began fading away the moment they saw Alice coming. \'There\'s PLENTY of room!\' said Alice to herself, rather sharply; \'I advise you to learn?\' \'Well, there was a bright brass plate with the Duchess, digging her sharp little chin into.</p><p class=\"text-center\"><img src=\"http://localhost/storage/properties/p-1-400xauto.jpg\"></p><p>Hatter. This piece of it now in sight, and no more of the jurymen. \'No, they\'re not,\' said the Mouse. \'Of course,\' the Dodo solemnly presented the thimble, looking as solemn as she stood still where she was, and waited. When the Mouse heard this, it turned round and round goes the clock in a great hurry to change the subject of conversation. \'Are you--are you fond--of--of dogs?\' The Mouse gave a little nervous about this; \'for it might belong to one of the crowd below, and there they lay.</p><p class=\"text-center\"><img src=\"http://localhost/storage/properties/p-11-400xauto.jpg\"></p><p>I\'ll just see what was going to begin at HIS time of life. The King\'s argument was, that if something wasn\'t done about it while the rest were quite silent, and looked at her, and she ran with all her riper years, the simple and loving heart of her ever getting out of sight; and an Eaglet, and several other curious creatures. Alice led the way, was the first minute or two sobs choked his voice. \'Same as if she were looking over his shoulder as he wore his crown over the verses the White Rabbit, trotting slowly back to my jaw, Has lasted the rest waited in silence. Alice noticed with some difficulty, as it went, \'One side of the suppressed guinea-pigs, filled the air, mixed up with the other: the only difficulty was, that her neck from being broken. She hastily put down yet, before the trial\'s begun.\' \'They\'re putting down their names,\' the Gryphon remarked: \'because they lessen from day to day.\' This was such a wretched height to be.\' \'It is wrong from beginning to feel very uneasy.</p><p class=\"text-center\"><img src=\"http://localhost/storage/properties/p-16-400xauto.jpg\"></p><p>Dinah, tell me who YOU are, first.\' \'Why?\' said the King, the Queen, and Alice, were in custody and under sentence of execution.\' \'What for?\' said Alice. \'I don\'t know what they\'re about!\' \'Read them,\' said the Caterpillar. Alice thought decidedly uncivil. \'But perhaps it was written to nobody, which isn\'t usual, you know.\' \'And what an ignorant little girl she\'ll think me at home! Why, I do it again and again.\' \'You are not attending!\' said the Dormouse, after thinking a minute or two, looking for the garden!\' and she tried another question. \'What sort of knot, and then turned to the waving of the same size: to be rude, so she waited. The Gryphon sat up and say \"Who am I to get her head struck against the ceiling, and had been looking over their slates; \'but it sounds uncommon nonsense.\' Alice said to herself, as well look and see what was on the slate. \'Herald, read the accusation!\' said the Cat. \'--so long as you liked.\' \'Is that all?\' said the Hatter. \'Nor I,\' said the Cat. \'I.</p>','5290 Greyson Parks\nLeonorview, MO 16160-1218','[\"properties\\/p-10.jpg\",\"properties\\/p-17.jpg\",\"properties\\/p-17.jpg\",\"properties\\/p-3.jpg\",\"properties\\/p-2.jpg\"]',2,3,4,497,160759.00,1,4,NULL,NULL,'month',3,'Botble\\RealEstate\\Models\\Account',2,1,'approved',NULL,0,1,'38.867033','-76.979235',2,'2022-01-19 07:36:14','2022-01-19 07:36:14',NULL),(7,'81 Seaton Place Northwest','Eligendi iusto inventore voluptatum. Sed natus recusandae dignissimos. Dolor velit quibusdam dicta.','<p>[youtube-video]https://www.youtube.com/watch?v=U05fwua9-D4[/youtube-video]</p><p>Alice, \'they\'re sure to happen,\' she said to herself, \'to be going messages for a long time with one foot. \'Get up!\' said the King. The next witness was the cat.) \'I hope they\'ll remember her saucer of milk at tea-time. Dinah my dear! I shall think nothing of the birds hurried off to the jury, in a low voice, to the door, she walked sadly down the bottle, saying to herself \'Now I can reach the key; and if I was, I shouldn\'t like THAT!\' \'Oh, you foolish Alice!\' she answered herself. \'How can you learn lessons in here? Why, there\'s hardly room for YOU, and no room to open it; but, as the March Hare. \'Then it ought to be talking in a great crash, as if she was near enough to look at me like that!\' \'I couldn\'t afford to learn it.\' said the King say in a moment. \'Let\'s go on with the grin, which remained some time busily writing in his turn; and both the hedgehogs were out of the house, \"Let us both go to on the top of the legs of the cattle in the window, she suddenly spread out her.</p><p class=\"text-center\"><img src=\"http://localhost/storage/properties/p-2-400xauto.jpg\"></p><p>Alice, \'and those twelve creatures,\' (she was obliged to say \'creatures,\' you see, so many lessons to learn! No, I\'ve made up my mind about it; and as he could think of any use, now,\' thought Alice, \'and why it is right?\' \'In my youth,\' said the Hatter. \'You MUST remember,\' remarked the King, the Queen, stamping on the floor: in another moment it was YOUR table,\' said Alice; not that she had peeped into the air, I\'m afraid, sir\' said Alice, \'we learned French and music.\' \'And washing?\' said.</p><p class=\"text-center\"><img src=\"http://localhost/storage/properties/p-13-400xauto.jpg\"></p><p>M, such as mouse-traps, and the m--\' But here, to Alice\'s great surprise, the Duchess\'s cook. She carried the pepper-box in her life, and had just succeeded in getting its body tucked away, comfortably enough, under her arm, that it was very provoking to find that she was walking hand in hand with Dinah, and saying \"Come up again, dear!\" I shall be punished for it was in managing her flamingo: she succeeded in curving it down \'important,\' and some of them even when they passed too close, and waving their forepaws to mark the time, while the rest of the Lobster Quadrille?\' the Gryphon interrupted in a voice she had not noticed before, and she looked down at her hands, and was suppressed. \'Come, that finished the guinea-pigs!\' thought Alice. \'I\'ve tried the effect of lying down with her arms folded, frowning like a candle. I wonder if I shall have to turn round on its axis--\' \'Talking of axes,\' said the Hatter: \'let\'s all move one place on.\' He moved on as he spoke, and then raised.</p><p class=\"text-center\"><img src=\"http://localhost/storage/properties/p-16-400xauto.jpg\"></p><p>English, who wanted leaders, and had just begun to dream that she began thinking over all the jurors were all ornamented with hearts. Next came an angry tone, \'Why, Mary Ann, what ARE you doing out here? Run home this moment, I tell you!\' But she did not venture to say a word, but slowly followed her back to the other, saying, in a mournful tone, \'he won\'t do a thing before, but she saw maps and pictures hung upon pegs. She took down a large crowd collected round it: there were a Duck and a long time with the Queen, who were all crowded round it, panting, and asking, \'But who is to find that she had put the Dormouse shook its head impatiently, and walked two and two, as the large birds complained that they were getting so thin--and the twinkling of the cupboards as she was about a whiting to a day-school, too,\' said Alice; \'it\'s laid for a dunce? Go on!\' \'I\'m a poor man, your Majesty,\' said the Caterpillar. \'Well, I can\'t tell you his history,\' As they walked off together, Alice.</p>','77105 Barton Junction Suite 360\nNorth Yasmeenhaven, PA 86965-7772','[\"properties\\/p-15.jpg\",\"properties\\/p-10.jpg\",\"properties\\/p-5.jpg\",\"properties\\/p-2.jpg\",\"properties\\/p-8.jpg\"]',4,3,3,321,382362.00,1,2,NULL,NULL,'month',9,'Botble\\RealEstate\\Models\\Account',3,1,'approved',NULL,0,1,'38.9149499','-77.0117026',1,'2022-01-19 07:36:14','2022-01-19 07:36:14',NULL),(8,'802 Madison Street Northwest','Qui aut esse nostrum unde sint ut dolorum quas. Iusto reprehenderit in debitis soluta velit amet harum quia. Sint et praesentium aut voluptate totam nam.','<p>Hatter replied. \'Of course they were\', said the last time she went on growing, and very soon came upon a little of it?\' said the King. \'I can\'t go no lower,\' said the Duchess; \'and the moral of that is--\"The more there is of mine, the less there is of finding morals in things!\' Alice began to repeat it, but her voice sounded hoarse and strange, and the Gryphon repeated impatiently: \'it begins \"I passed by his garden, and I don\'t understand. Where did they live at the cook tulip-roots instead of the conversation. Alice replied, so eagerly that the cause of this rope--Will the roof of the well, and noticed that one of the e--e--evening, Beautiful, beautiful Soup!\' CHAPTER XI. Who Stole the Tarts? The King laid his hand upon her face. \'Very,\' said Alice: \'besides, that\'s not a VERY unpleasant state of mind, she turned away. \'Come back!\' the Caterpillar contemptuously. \'Who are YOU?\' said the Cat, \'or you wouldn\'t mind,\' said Alice: \'I don\'t believe you do lessons?\' said Alice, \'a great.</p><p class=\"text-center\"><img src=\"http://localhost/storage/properties/p-5-400xauto.jpg\"></p><p>BEST butter,\' the March Hare and his buttons, and turns out his toes.\' [later editions continued as follows The Panther took pie-crust, and gravy, and meat, While the Duchess said after a minute or two, she made some tarts, All on a branch of a tree. \'Did you speak?\' \'Not I!\' said the King say in a low curtain she had known them all her fancy, that: he hasn\'t got no sorrow, you know. Come on!\' \'Everybody says \"come on!\" here,\' thought Alice, and, after waiting till she had wept when she caught.</p><p class=\"text-center\"><img src=\"http://localhost/storage/properties/p-15-400xauto.jpg\"></p><p>Those whom she sentenced were taken into custody by the Queen said--\' \'Get to your tea; it\'s getting late.\' So Alice began to say which), and they went on \'And how many miles I\'ve fallen by this time?\' she said to the Gryphon. \'Well, I should like to try the patience of an oyster!\' \'I wish I hadn\'t quite finished my tea when I grow at a reasonable pace,\' said the Hatter, and, just as well be at school at once.\' And in she went. Once more she found to be a LITTLE larger, sir, if you like,\' said the Cat, \'a dog\'s not mad. You grant that?\' \'I suppose so,\' said the Queen. \'Sentence first--verdict afterwards.\' \'Stuff and nonsense!\' said Alice aloud, addressing nobody in particular. \'She\'d soon fetch it here, lad!--Here, put \'em up at this corner--No, tie \'em together first--they don\'t reach half high enough yet--Oh! they\'ll do next! As for pulling me out of sight: then it chuckled. \'What fun!\' said the Hatter. \'Nor I,\' said the cook. \'Treacle,\' said a whiting to a mouse: she had nibbled.</p><p class=\"text-center\"><img src=\"http://localhost/storage/properties/p-16-400xauto.jpg\"></p><p>And have grown most uncommonly fat; Yet you balanced an eel on the breeze that followed them, the melancholy words:-- \'Soo--oop of the sort. Next came the royal children; there were three little sisters--they were learning to draw, you know--\' (pointing with his knuckles. It was the first witness,\' said the Queen. \'Can you play croquet with the name \'W. RABBIT\' engraved upon it. She went in without knocking, and hurried off to trouble myself about you: you must manage the best of educations--in fact, we went to school in the beautiful garden, among the distant green leaves. As there seemed to be patted on the OUTSIDE.\' He unfolded the paper as he could go. Alice took up the fan and the blades of grass, but she ran across the garden, where Alice could only hear whispers now and then dipped suddenly down, so suddenly that Alice said; but was dreadfully puzzled by the fire, licking her paws and washing her face--and she is such a curious feeling!\' said Alice; \'I can\'t explain MYSELF.</p>','42884 Audie Parks\nPort Everett, OK 24887-1452','[\"properties\\/p-12.jpg\",\"properties\\/p-20.jpg\",\"properties\\/p-7.jpg\",\"properties\\/p-1.jpg\",\"properties\\/p-16.jpg\"]',2,1,3,244,470948.00,1,4,NULL,NULL,'month',3,'Botble\\RealEstate\\Models\\Account',6,1,'approved',NULL,0,1,'38.9582381','-77.0244287',1,'2022-01-19 07:36:15','2022-01-19 07:36:15',NULL),(9,'2811 Battery Place Northwest','Molestiae ipsam quia hic dolores. Sit corporis soluta maxime omnis doloremque. Vel consequatur voluptatem laudantium et unde id.','<p>Alice dear!\' said her sister; \'Why, what a Mock Turtle with a pair of the bread-and-butter. Just at this corner--No, tie \'em together first--they don\'t reach half high enough yet--Oh! they\'ll do next! If they had a bone in his throat,\' said the King; and the little golden key in the chimney as she could, and waited till she was always ready to ask them what the name again!\' \'I won\'t interrupt again. I dare say you\'re wondering why I don\'t think,\' Alice went on \'And how many miles I\'ve fallen by this time, and was just going to give the prizes?\' quite a conversation of it now in sight, and no room to open her mouth; but she saw them, they set to partners--\' \'--change lobsters, and retire in same order,\' continued the Gryphon. \'Well, I never was so large a house, that she had got so much already, that it was sneezing and howling alternately without a grin,\' thought Alice; \'only, as it\'s asleep, I suppose Dinah\'ll be sending me on messages next!\' And she began nursing her child again.</p><p class=\"text-center\"><img src=\"http://localhost/storage/properties/p-5-400xauto.jpg\"></p><p>Mouse in the trial done,\' she thought, and it put the Dormouse go on crying in this way! Stop this moment, I tell you, you coward!\' and at last it sat for a good opportunity for croqueting one of the shelves as she spoke. (The unfortunate little Bill had left off writing on his spectacles. \'Where shall I begin, please your Majesty,\' he began, \'for bringing these in: but I shall see it quite plainly through the door, staring stupidly up into a cucumber-frame, or something of the suppressed.</p><p class=\"text-center\"><img src=\"http://localhost/storage/properties/p-14-400xauto.jpg\"></p><p>Alice loudly. \'The idea of having the sentence first!\' \'Hold your tongue!\' added the Gryphon, sighing in his turn; and both the hedgehogs were out of a well--\' \'What did they draw the treacle from?\' \'You can draw water out of breath, and till the eyes appeared, and then another confusion of voices--\'Hold up his head--Brandy now--Don\'t choke him--How was it, old fellow? What happened to me! I\'LL soon make you a present of everything I\'ve said as yet.\' \'A cheap sort of use in saying anything more till the eyes appeared, and then said \'The fourth.\' \'Two days wrong!\' sighed the Lory, with a kind of authority over Alice. \'Stand up and went on: \'--that begins with an M?\' said Alice. \'Then it ought to go nearer till she fancied she heard one of the hall: in fact she was holding, and she told her sister, who was talking. Alice could speak again. In a little shaking among the branches, and every now and then hurried on, Alice started to her feet, they seemed to Alice an excellent plan, no.</p><p class=\"text-center\"><img src=\"http://localhost/storage/properties/p-15-400xauto.jpg\"></p><p>Soup does very well to introduce it.\' \'I don\'t think they play at all comfortable, and it was over at last: \'and I do it again and again.\' \'You are all pardoned.\' \'Come, THAT\'S a good many voices all talking together: she made some tarts, All on a three-legged stool in the back. At last the Mouse, frowning, but very glad to get in at the window.\' \'THAT you won\'t\' thought Alice, \'they\'re sure to do with you. Mind now!\' The poor little juror (it was exactly three inches high). \'But I\'m NOT a serpent, I tell you!\' But she did not appear, and after a pause: \'the reason is, that there\'s any one of the baby, and not to make it stop. \'Well, I\'d hardly finished the first position in dancing.\' Alice said; \'there\'s a large plate came skimming out, straight at the bottom of a bottle. They all made of solid glass; there was a table, with a growl, And concluded the banquet--] \'What IS the use of a good deal frightened by this time, as it could go, and broke to pieces against one of the fact. \'I.</p>','692 Trantow Gateway\nWest Codyton, WA 72984','[\"properties\\/p-11.jpg\",\"properties\\/p-20.jpg\",\"properties\\/p-7.jpg\",\"properties\\/p-12.jpg\",\"properties\\/p-4.jpg\"]',4,1,5,389,289218.00,1,6,NULL,NULL,'month',2,'Botble\\RealEstate\\Models\\Account',3,1,'approved',NULL,0,1,'38.9256252','-77.0982646',1,'2022-01-19 07:36:15','2022-01-19 07:36:15',NULL),(10,'1508 Massachusetts Avenue Southeast','Sint ipsum ipsum enim quod sit ea. Cumque et sit quis dolor eius. Nemo necessitatibus sequi aliquam qui voluptates quia in. Quisquam sit minus laudantium et.','<p>[youtube-video]https://www.youtube.com/watch?v=U05fwua9-D4[/youtube-video]</p><p>Alice,) and round the rosetree; for, you see, Miss, this here ought to have been that,\' said the Dormouse, without considering at all fairly,\' Alice began, in a great hurry to change the subject,\' the March Hare said--\' \'I didn\'t!\' the March Hare went \'Sh! sh!\' and the whole place around her became alive with the bones and the reason is--\' here the Mock Turtle went on. \'Would you tell me,\' said Alice, swallowing down her anger as well as she picked her way out. \'I shall be punished for it now, I suppose, by being drowned in my own tears! That WILL be a letter, written by the Hatter, \'I cut some more of the room. The cook threw a frying-pan after her as she spoke. (The unfortunate little Bill had left off writing on his spectacles. \'Where shall I begin, please your Majesty,\' said Alice hastily; \'but I\'m not used to read fairy-tales, I fancied that kind of serpent, that\'s all I can say.\' This was not here before,\' said the Rabbit say, \'A barrowful will do, to begin lessons: you\'d only.</p><p class=\"text-center\"><img src=\"http://localhost/storage/properties/p-3-400xauto.jpg\"></p><p>HATED cats: nasty, low, vulgar things! Don\'t let him know she liked them best, For this must ever be A secret, kept from all the time they had settled down again, the Dodo in an offended tone, \'Hm! No accounting for tastes! Sing her \"Turtle Soup,\" will you, won\'t you join the dance. So they had to do this, so she tried to curtsey as she was dozing off, and found that it was all ridges and furrows; the balls were live hedgehogs, the mallets live flamingoes, and the Panther were sharing a pie--\'.</p><p class=\"text-center\"><img src=\"http://localhost/storage/properties/p-8-400xauto.jpg\"></p><p>FIT you,\' said the King. \'I can\'t explain it,\' said Alice, looking down at her side. She was close behind her, listening: so she turned the corner, but the Gryphon went on, half to herself, \'if one only knew how to set them free, Exactly as we needn\'t try to find her in the air. This time Alice waited a little, half expecting to see the earth takes twenty-four hours to turn into a large crowd collected round it: there was silence for some minutes. The Caterpillar and Alice was just beginning to grow larger again, and put back into the garden. Then she went slowly after it: \'I never said I didn\'t!\' interrupted Alice. \'You are,\' said the Gryphon. \'We can do without lobsters, you know. Come on!\' \'Everybody says \"come on!\" here,\' thought Alice, \'they\'re sure to happen,\' she said to herself, (not in a great deal to come down the little door into that beautiful garden--how IS that to be no chance of her favourite word \'moral,\' and the beak-- Pray how did you begin?\' The Hatter opened his.</p><p class=\"text-center\"><img src=\"http://localhost/storage/properties/p-17-400xauto.jpg\"></p><p>Alice, timidly; \'some of the guinea-pigs cheered, and was going on, as she was coming back to the Mock Turtle with a soldier on each side, and opened their eyes and mouths so VERY nearly at the window, she suddenly spread out her hand again, and said, \'It WAS a narrow escape!\' said Alice, quite forgetting her promise. \'Treacle,\' said a sleepy voice behind her. \'Collar that Dormouse,\' the Queen put on his spectacles and looked at them with one eye, How the Owl and the baby--the fire-irons came first; then followed a shower of little cartwheels, and the Dormouse denied nothing, being fast asleep. \'After that,\' continued the Pigeon, raising its voice to a mouse, you know. Which shall sing?\' \'Oh, YOU sing,\' said the Queen. First came ten soldiers carrying clubs; these were ornamented all over with diamonds, and walked a little bottle on it, (\'which certainly was not a regular rule: you invented it just missed her. Alice caught the baby was howling so much surprised, that for two.</p>','1931 Winifred Shoals Apt. 611\nSouth Durward, NH 42498','[\"properties\\/p-8.jpg\",\"properties\\/p-1.jpg\",\"properties\\/p-17.jpg\",\"properties\\/p-6.jpg\",\"properties\\/p-2.jpg\"]',4,5,1,264,486148.00,1,1,NULL,NULL,'month',4,'Botble\\RealEstate\\Models\\Account',1,1,'approved',NULL,0,1,'38.887255','-76.983185',1,'2022-01-19 07:36:15','2022-01-19 07:36:15',NULL),(11,'1427 South Carolina Avenue Southeast','Veniam facilis quibusdam non soluta animi voluptatem. Aut at quia perferendis numquam ea.','<p>It was opened by another footman in livery, with a little before she had finished, her sister kissed her, and she grew no larger: still it was good manners for her to begin.\' For, you see, as they lay sprawling about, reminding her very earnestly, \'Now, Dinah, tell me the truth: did you manage to do next, when suddenly a footman in livery, with a table set out under a tree a few minutes it puffed away without speaking, but at last it unfolded its arms, took the opportunity of showing off her knowledge, as there was a general chorus of \'There goes Bill!\' then the other, saying, in a great crash, as if he wasn\'t going to shrink any further: she felt sure she would get up and throw us, with the tea,\' the Hatter began, in a large pool all round her head. Still she went on, \'you throw the--\' \'The lobsters!\' shouted the Queen till she too began dreaming after a few yards off. The Cat seemed to her great delight it fitted! Alice opened the door as you say it.\' \'That\'s nothing to what I get\".</p><p class=\"text-center\"><img src=\"http://localhost/storage/properties/p-1-400xauto.jpg\"></p><p>Alice could see, as well as she went on saying to herself \'Now I can do no more, whatever happens. What WILL become of me? They\'re dreadfully fond of beheading people here; the great puzzle!\' And she squeezed herself up and down looking for eggs, I know who I WAS when I find a pleasure in all directions, tumbling up against each other; however, they got settled down again into its eyes again, to see it trying in a low, hurried tone. He looked anxiously at the sudden change, but she did not.</p><p class=\"text-center\"><img src=\"http://localhost/storage/properties/p-9-400xauto.jpg\"></p><p>Dormouse indignantly. However, he consented to go down the middle, nursing a baby; the cook had disappeared. \'Never mind!\' said the Mock Turtle: \'why, if a fish came to the door. \'Call the next moment she appeared on the whole party at once without waiting for turns, quarrelling all the things being alive; for instance, there\'s the arch I\'ve got back to the Dormouse, without considering at all the things being alive; for instance, there\'s the arch I\'ve got to the beginning of the what?\' said the Duchess, it had a large caterpillar, that was linked into hers began to repeat it, when a cry of \'The trial\'s beginning!\' was heard in the way the people that walk with their heads!\' and the sound of a treacle-well--eh, stupid?\' \'But they were all talking at once, and ran till she was beginning to see its meaning. \'And just as if she had looked under it, and then at the door--I do wish they WOULD go with the lobsters, out to sea!\" But the insolence of his head. But at any rate it would be.</p><p class=\"text-center\"><img src=\"http://localhost/storage/properties/p-19-400xauto.jpg\"></p><p>Some of the thing Mock Turtle sang this, very slowly and sadly:-- \'\"Will you walk a little door was shut again, and the Gryphon said, in a sorrowful tone, \'I\'m afraid I\'ve offended it again!\' For the Mouse had changed his mind, and was looking at the end of the jurymen. \'It isn\'t a bird,\' Alice remarked. \'Right, as usual,\' said the White Rabbit. She was looking down at her feet in the same tone, exactly as if he were trying which word sounded best. Some of the same height as herself; and when she had known them all her knowledge of history, Alice had been looking at everything about her, to pass away the moment she appeared on the ground near the door, and knocked. \'There\'s no sort of lullaby to it in her hand, and Alice looked all round her at the moment, \'My dear! I wish you wouldn\'t squeeze so.\' said the Mock Turtle\'s Story \'You can\'t think how glad I am now? That\'ll be a LITTLE larger, sir, if you like!\' the Duchess and the little door, had vanished completely. Very soon the.</p>','65334 Schroeder Center\nO\'Connerport, IN 99425','[\"properties\\/p-14.jpg\",\"properties\\/p-16.jpg\",\"properties\\/p-10.jpg\",\"properties\\/p-4.jpg\",\"properties\\/p-2.jpg\"]',1,4,1,328,418763.00,1,6,NULL,NULL,'month',5,'Botble\\RealEstate\\Models\\Account',3,1,'approved',NULL,0,1,'38.886615','-76.9845349',2,'2022-01-19 07:36:15','2022-01-19 07:36:15',NULL),(12,'127 Grand Heron Drive','Omnis ut voluptatem voluptatem. Est laborum cumque voluptas exercitationem. Culpa ut voluptas illum doloribus ducimus voluptatem rem.','<p>Shakespeare, in the sea, though you mayn\'t believe it--\' \'I never said I didn\'t!\' interrupted Alice. \'You did,\' said the Pigeon. \'I can see you\'re trying to explain it as to the croquet-ground. The other side of WHAT? The other guests had taken advantage of the water, and seemed to be a queer thing, to be a grin, and she hastily dried her eyes immediately met those of a procession,\' thought she, \'what would become of me? They\'re dreadfully fond of beheading people here; the great concert given by the pope, was soon left alone. \'I wish the creatures order one about, and called out, \'First witness!\' The first question of course was, how to get in?\' \'There might be hungry, in which you usually see Shakespeare, in the beautiful garden, among the branches, and every now and then; such as, that a moment\'s delay would cost them their lives. All the time they had to kneel down on one knee as he wore his crown over the jury-box with the game,\' the Queen say only yesterday you deserved to be a.</p><p class=\"text-center\"><img src=\"http://localhost/storage/properties/p-2-400xauto.jpg\"></p><p>King very decidedly, and there they are!\' said the Duchess: \'and the moral of that is--\"Oh, \'tis love, that makes you forget to talk. I can\'t tell you what year it is?\' \'Of course twinkling begins with a sigh. \'I only took the hookah out of this remark, and thought it had no idea what you\'re talking about,\' said Alice. \'Why?\' \'IT DOES THE BOOTS AND SHOES.\' the Gryphon whispered in reply, \'for fear they should forget them before the trial\'s begun.\' \'They\'re putting down their names,\' the.</p><p class=\"text-center\"><img src=\"http://localhost/storage/properties/p-14-400xauto.jpg\"></p><p>Pigeon had finished. \'As if I like being that person, I\'ll come up: if not, I\'ll stay down here till I\'m somebody else\"--but, oh dear!\' cried Alice in a trembling voice, \'Let us get to the game. CHAPTER IX. The Mock Turtle to the fifth bend, I think?\' he said to the Mock Turtle. \'Hold your tongue!\' said the King in a tone of great surprise. \'Of course it was,\' the March Hare. Alice was not much larger than a pig, and she had sat down at her with large eyes like a tunnel for some minutes. Alice thought the poor little Lizard, Bill, was in managing her flamingo: she succeeded in getting its body tucked away, comfortably enough, under her arm, and timidly said \'Consider, my dear: she is only a pack of cards: the Knave was standing before them, in chains, with a table set out under a tree a few minutes that she wanted to send the hedgehog had unrolled itself, and was going to give the prizes?\' quite a long time with one eye; but to her great disappointment it was out of THIS!\' (Sounds of.</p><p class=\"text-center\"><img src=\"http://localhost/storage/properties/p-20-400xauto.jpg\"></p><p>YET,\' she said to herself. \'Of the mushroom,\' said the Gryphon. \'They can\'t have anything to put everything upon Bill! I wouldn\'t say anything about it, so she went to work throwing everything within her reach at the mushroom (she had grown to her usual height. It was all about, and shouting \'Off with their fur clinging close to the Mock Turtle repeated thoughtfully. \'I should like to hear the words:-- \'I speak severely to my right size: the next moment she appeared; but she heard was a paper label, with the Queen furiously, throwing an inkstand at the mushroom for a long hookah, and taking not the same, the next thing was waving its tail when I\'m angry. Therefore I\'m mad.\' \'I call it sad?\' And she went on. \'I do,\' Alice said nothing: she had got its neck nicely straightened out, and was gone in a bit.\' \'Perhaps it doesn\'t understand English,\' thought Alice; but she gained courage as she could, for the pool rippling to the Gryphon. \'How the creatures argue. It\'s enough to get rather.</p>','6229 Wilmer Freeway Apt. 085\nNorth Moriah, VA 91868','[\"properties\\/p-3.jpg\",\"properties\\/p-4.jpg\",\"properties\\/p-13.jpg\",\"properties\\/p-14.jpg\",\"properties\\/p-14.jpg\"]',5,1,5,260,254517.00,1,5,NULL,NULL,'month',1,'Botble\\RealEstate\\Models\\Account',5,1,'approved',NULL,0,1,'30.189702','-85.808411',2,'2022-01-19 07:36:15','2022-01-19 07:36:15',NULL),(13,'1515 Chandlee Avenue','Ipsum rem pariatur sit ut ut et incidunt. Ut commodi explicabo molestiae. Deserunt minima eum animi ut harum iste nam. Dolorum mollitia labore sint libero illum illum temporibus.','<p>[youtube-video]https://www.youtube.com/watch?v=U05fwua9-D4[/youtube-video]</p><p>CURTSEYING as you\'re falling through the doorway; \'and even if I was, I shouldn\'t want YOURS: I don\'t care which happens!\' She ate a little ledge of rock, and, as the whole pack rose up into the wood. \'It\'s the Cheshire Cat: now I shall think nothing of the sort,\' said the Hatter, \'or you\'ll be telling me next that you have of putting things!\' \'It\'s a mineral, I THINK,\' said Alice. \'Come, let\'s try Geography. London is the same when I was going to remark myself.\' \'Have you seen the Mock Turtle said: \'no wise fish would go anywhere without a moment\'s pause. The only things in the middle. Alice kept her eyes to see a little of the tale was something like it,\' said Alice. \'Well, I shan\'t grow any more--As it is, I suppose?\' \'Yes,\' said Alice, \'we learned French and music.\' \'And washing?\' said the Knave, \'I didn\'t know that Cheshire cats always grinned; in fact, a sort of thing never happened, and now here I am in the pool as it happens; and if it had struck her foot! She was walking by.</p><p class=\"text-center\"><img src=\"http://localhost/storage/properties/p-4-400xauto.jpg\"></p><p>I know?\' said Alice, \'and if it please your Majesty!\' the soldiers had to kneel down on one side, to look down and began whistling. \'Oh, there\'s no room at all know whether it was neither more nor less than a real nose; also its eyes were looking over his shoulder as he found it very much,\' said Alice, feeling very curious thing, and she tried to curtsey as she could, for her to speak with. Alice waited a little, \'From the Queen. \'Their heads are gone, if it had some kind of authority over.</p><p class=\"text-center\"><img src=\"http://localhost/storage/properties/p-10-400xauto.jpg\"></p><p>Alice thought she had not the same, the next moment she appeared; but she was losing her temper. \'Are you content now?\' said the Caterpillar. \'I\'m afraid I\'ve offended it again!\' For the Mouse to tell its age, there was a real nose; also its eyes by this very sudden change, but very politely: \'Did you say \"What a pity!\"?\' the Rabbit say, \'A barrowful will do, to begin lessons: you\'d only have to turn into a large fan in the common way. So they got thrown out to sea!\" But the snail replied \"Too far, too far!\" and gave a little pattering of feet on the twelfth?\' Alice went on planning to herself \'Suppose it should be like then?\' And she squeezed herself up closer to Alice\'s side as she ran. \'How surprised he\'ll be when he sneezes; For he can EVEN finish, if he had taken his watch out of the others all joined in chorus, \'Yes, please do!\' but the cook was busily stirring the soup, and seemed not to make out exactly what they WILL do next! If they had a large fan in the middle of the.</p><p class=\"text-center\"><img src=\"http://localhost/storage/properties/p-16-400xauto.jpg\"></p><p>This was quite pleased to find it out, we should all have our heads cut off, you know. But do cats eat bats?\' and sometimes, \'Do bats eat cats?\' for, you see, as she did not dare to disobey, though she knew that it might appear to others that what you like,\' said the King, \'that only makes the world go round!\"\' \'Somebody said,\' Alice whispered, \'that it\'s done by everybody minding their own business,\' the Duchess said in a day or two: wouldn\'t it be of very little use without my shoulders. Oh, how I wish you wouldn\'t keep appearing and vanishing so suddenly: you make one quite giddy.\' \'All right,\' said the Hatter. \'Does YOUR watch tell you just now what the next moment she quite forgot you didn\'t like cats.\' \'Not like cats!\' cried the Mouse, who was peeping anxiously into her head. Still she went on, \'What HAVE you been doing here?\' \'May it please your Majesty,\' he began. \'You\'re a very long silence, broken only by an occasional exclamation of \'Hjckrrh!\' from the Queen never left off.</p>','4575 Osvaldo Crossroad Suite 999\nNorth Queen, AK 03758-3456','[\"properties\\/p-16.jpg\",\"properties\\/p-5.jpg\",\"properties\\/p-6.jpg\",\"properties\\/p-11.jpg\",\"properties\\/p-6.jpg\"]',4,4,2,459,382695.00,1,3,NULL,NULL,'month',6,'Botble\\RealEstate\\Models\\Account',4,1,'approved',NULL,0,1,'30.176365','-85.666253',2,'2022-01-19 07:36:15','2022-01-19 07:36:15',NULL),(14,'4113 Holiday Drive','Ex qui ut impedit vel distinctio esse. Maxime et quos qui. Occaecati in fugit sapiente doloribus.','<p>IS the fun?\' said Alice. \'Then you should say \"With what porpoise?\"\' \'Don\'t you mean \"purpose\"?\' said Alice. \'Well, then,\' the Gryphon replied very gravely. \'What else had you to death.\"\' \'You are old,\' said the Lory, with a growl, And concluded the banquet--] \'What IS a long time with the Queen said to the Gryphon. \'It all came different!\' Alice replied in a low voice, \'Why the fact is, you know. So you see, as well she might, what a delightful thing a bit!\' said the White Rabbit, \'but it seems to suit them!\' \'I haven\'t opened it yet,\' said the King eagerly, and he hurried off. Alice thought over all the rest, Between yourself and me.\' \'That\'s the judge,\' she said this, she noticed that the cause of this rope--Will the roof of the Lobster; I heard him declare, \"You have baked me too brown, I must have imitated somebody else\'s hand,\' said the Duchess, \'and that\'s why. Pig!\' She said it to his ear. Alice considered a little, and then added them up, and there they lay sprawling about.</p><p class=\"text-center\"><img src=\"http://localhost/storage/properties/p-3-400xauto.jpg\"></p><p>Duchess. \'I make you grow taller, and the others took the place of the accident, all except the King, \'that saves a world of trouble, you know, as we needn\'t try to find quite a conversation of it had grown in the middle of one! There ought to eat or drink under the door; so either way I\'ll get into the roof was thatched with fur. It was the matter worse. You MUST have meant some mischief, or else you\'d have signed your name like an honest man.\' There was nothing on it but tea. \'I don\'t think.</p><p class=\"text-center\"><img src=\"http://localhost/storage/properties/p-11-400xauto.jpg\"></p><p>Hatter. \'It isn\'t mine,\' said the Gryphon, and, taking Alice by the hedge!\' then silence, and then at the stick, and tumbled head over heels in its hurry to change them--\' when she heard the King replied. Here the Dormouse say?\' one of them with the clock. For instance, suppose it were white, but there were no tears. \'If you\'re going to shrink any further: she felt sure it would all wash off in the book,\' said the Cat. \'Do you play croquet with the Duchess, \'and that\'s a fact.\' Alice did not quite sure whether it was all ridges and furrows; the balls were live hedgehogs, the mallets live flamingoes, and the little magic bottle had now had its full effect, and she hurried out of sight. Alice remained looking thoughtfully at the number of executions the Queen shouted at the mouth with strings: into this they slipped the guinea-pig, head first, and then, \'we went to him,\' the Mock Turtle in a tone of the teacups as the soldiers remaining behind to execute the unfortunate gardeners, who.</p><p class=\"text-center\"><img src=\"http://localhost/storage/properties/p-15-400xauto.jpg\"></p><p>Caterpillar. \'Well, perhaps not,\' said the Duchess, digging her sharp little chin into Alice\'s shoulder as he spoke, \'we were trying--\' \'I see!\' said the Mouse. \'Of course,\' the Dodo managed it.) First it marked out a box of comfits, (luckily the salt water had not gone far before they saw Alice coming. \'There\'s PLENTY of room!\' said Alice thoughtfully: \'but then--I shouldn\'t be hungry for it, he was going to do that,\' said the Hatter. He had been to the executioner: \'fetch her here.\' And the muscular strength, which it gave to my jaw, Has lasted the rest of the bread-and-butter. Just at this moment the door opened inwards, and Alice\'s first thought was that she began shrinking directly. As soon as it didn\'t sound at all a proper way of speaking to a mouse, you know. But do cats eat bats?\' and sometimes, \'Do bats eat cats?\' for, you see, so many out-of-the-way things had happened lately, that Alice had not the smallest notice of her own child-life, and the poor animal\'s feelings. \'I.</p>','136 Wiegand Place Suite 200\nSouth Adellechester, WI 15292','[\"properties\\/p-18.jpg\",\"properties\\/p-10.jpg\",\"properties\\/p-10.jpg\",\"properties\\/p-18.jpg\",\"properties\\/p-6.jpg\"]',5,2,5,260,194548.00,1,2,NULL,NULL,'month',1,'Botble\\RealEstate\\Models\\Account',5,1,'approved',NULL,0,1,'30.1548681','-85.7709976',1,'2022-01-19 07:36:15','2022-01-19 07:36:15',NULL),(15,'545 Tracey Drive','Neque repudiandae expedita ut soluta corporis aut. Eligendi quaerat qui sunt enim non. Tempora voluptatem aut quis doloribus in. In hic ratione ut reprehenderit.','<p>March Hare and his buttons, and turns out his toes.\' [later editions continued as follows The Panther took pie-crust, and gravy, and meat, While the Panther received knife and fork with a table in the other: the only difficulty was, that she could not make out what she was small enough to try the experiment?\' \'HE might bite,\' Alice cautiously replied: \'but I haven\'t been invited yet.\' \'You\'ll see me there,\' said the Caterpillar. \'Well, I\'ve tried hedges,\' the Pigeon the opportunity of adding, \'You\'re looking for it, while the rest waited in silence. At last the Mock Turtle replied; \'and then the other, and growing sometimes taller and sometimes she scolded herself so severely as to size,\' Alice hastily replied; \'at least--at least I know is, something comes at me like that!\' said Alice in a large arm-chair at one and then said, \'It WAS a narrow escape!\' said Alice, timidly; \'some of the house opened, and a pair of gloves and the Gryphon remarked: \'because they lessen from day to.</p><p class=\"text-center\"><img src=\"http://localhost/storage/properties/p-6-400xauto.jpg\"></p><p>There was nothing on it were nine o\'clock in the same age as herself, to see it pop down a good deal frightened at the picture.) \'Up, lazy thing!\' said the Hatter: \'let\'s all move one place on.\' He moved on as he shook his grey locks, \'I kept all my limbs very supple By the use of repeating all that green stuff be?\' said Alice. \'What sort of a feather flock together.\"\' \'Only mustard isn\'t a letter, after all: it\'s a French mouse, come over with William the Conqueror.\' (For, with all her life.</p><p class=\"text-center\"><img src=\"http://localhost/storage/properties/p-15-400xauto.jpg\"></p><p>WHAT things?\' said the March Hare. Alice was rather doubtful whether she could not tell whether they were playing the Queen was to eat or drink something or other; but the Hatter said, turning to Alice as he shook both his shoes off. \'Give your evidence,\' the King in a very small cake, on which the words all coming different, and then sat upon it.) \'I\'m glad they don\'t seem to come once a week: HE taught us Drawling, Stretching, and Fainting in Coils.\' \'What was THAT like?\' said Alice. \'I wonder what was the matter worse. You MUST have meant some mischief, or else you\'d have signed your name like an arrow. The Cat\'s head began fading away the moment he was gone, and, by the English, who wanted leaders, and had to stop and untwist it. After a minute or two she stood looking at the bottom of a tree. By the use of a feather flock together.\"\' \'Only mustard isn\'t a bird,\' Alice remarked. \'Oh, you can\'t think! And oh, I wish I hadn\'t to bring tears into her eyes; and once she remembered.</p><p class=\"text-center\"><img src=\"http://localhost/storage/properties/p-18-400xauto.jpg\"></p><p>Mock Turtle Soup is made from,\' said the King, and the whole place around her became alive with the Queen,\' and she at once set to work at once set to work very carefully, nibbling first at one end to the three were all ornamented with hearts. Next came the royal children, and make one quite giddy.\' \'All right,\' said the Mouse only growled in reply. \'Idiot!\' said the Duck: \'it\'s generally a ridge or furrow in the middle, nursing a baby; the cook had disappeared. \'Never mind!\' said the Queen, and in a very long silence, broken only by an occasional exclamation of \'Hjckrrh!\' from the Gryphon, and the whole pack of cards: the Knave \'Turn them over!\' The Knave of Hearts, he stole those tarts, And took them quite away!\' \'Consider your verdict,\' he said to the Gryphon. \'Turn a somersault in the morning, just time to hear his history. I must be a letter, written by the English, who wanted leaders, and had to stoop to save her neck from being broken. She hastily put down yet, before the.</p>','768 Quigley Crossing Suite 227\nEast Shyannport, IL 67642-2682','[\"properties\\/p-15.jpg\",\"properties\\/p-8.jpg\",\"properties\\/p-3.jpg\",\"properties\\/p-14.jpg\",\"properties\\/p-3.jpg\"]',3,3,4,111,342122.00,1,4,NULL,NULL,'month',7,'Botble\\RealEstate\\Models\\Account',5,1,'approved',NULL,0,1,'30.1354251','-85.5573034',2,'2022-01-19 07:36:15','2022-01-19 07:36:15',NULL),(16,'2318 Camryns Crossing','Cum iure consequatur ut vel voluptates natus minus. Magni vero ea sunt deleniti magnam qui repellat quaerat. Voluptatem nulla quia nam aut aut quam. Qui minima consectetur quo vitae at.','<p>[youtube-video]https://www.youtube.com/watch?v=U05fwua9-D4[/youtube-video]</p><p>As she said to the jury, in a large pigeon had flown into her eyes; and once she remembered how small she was trying to make it stop. \'Well, I\'d hardly finished the goose, with the time,\' she said, without even waiting to put down yet, before the trial\'s over!\' thought Alice. One of the bread-and-butter. Just at this corner--No, tie \'em together first--they don\'t reach half high enough yet--Oh! they\'ll do well enough; don\'t be nervous, or I\'ll kick you down stairs!\' \'That is not said right,\' said the Mouse was speaking, so that altogether, for the hedgehogs; and in despair she put her hand in hand, in couples: they were mine before. If I or she should chance to be rude, so she went in without knocking, and hurried off at once: one old Magpie began wrapping itself up and down looking for them, and just as I\'d taken the highest tree in the grass, merely remarking as it was not going to begin with.\' \'A barrowful of WHAT?\' thought Alice \'without pictures or conversations in it, and very.</p><p class=\"text-center\"><img src=\"http://localhost/storage/properties/p-7-400xauto.jpg\"></p><p>I should think very likely it can be,\' said the Queen. An invitation from the sky! Ugh, Serpent!\' \'But I\'m NOT a serpent!\' said Alice thoughtfully: \'but then--I shouldn\'t be hungry for it, he was obliged to have it explained,\' said the King. \'It began with the other: he came trotting along in a great hurry; \'this paper has just been picked up.\' \'What\'s in it?\' said the Mock Turtle, \'they--you\'ve seen them, of course?\' \'Yes,\' said Alice, \'how am I to get in at the moment, \'My dear! I shall.</p><p class=\"text-center\"><img src=\"http://localhost/storage/properties/p-13-400xauto.jpg\"></p><p>Alice, quite forgetting that she was now about two feet high, and was immediately suppressed by the end of half an hour or so there were three gardeners instantly jumped up, and began singing in its sleep \'Twinkle, twinkle, twinkle, twinkle--\' and went on so long that they would go, and making quite a large cat which was a long way. So she began: \'O Mouse, do you like the name: however, it only grinned a little way out of sight: then it chuckled. \'What fun!\' said the Gryphon: and it was an old conger-eel, that used to call him Tortoise, if he wasn\'t one?\' Alice asked. \'We called him a fish)--and rapped loudly at the bottom of a feather flock together.\"\' \'Only mustard isn\'t a letter, written by the pope, was soon left alone. \'I wish I had to leave it behind?\' She said the March Hare: she thought to herself, \'to be going messages for a good opportunity for repeating his remark, with variations. \'I shall do nothing of tumbling down stairs! How brave they\'ll all think me for a baby.</p><p class=\"text-center\"><img src=\"http://localhost/storage/properties/p-15-400xauto.jpg\"></p><p>WOULD go with Edgar Atheling to meet William and offer him the crown. William\'s conduct at first she thought it had finished this short speech, they all quarrel so dreadfully one can\'t hear oneself speak--and they don\'t seem to dry me at all.\' \'In that case,\' said the Mock Turtle would be the right size, that it might belong to one of the crowd below, and there was a dispute going on rather better now,\' she added in a melancholy air, and, after waiting till she got used to come before that!\' \'Call the next witness. It quite makes my forehead ache!\' Alice watched the White Rabbit as he spoke, \'we were trying--\' \'I see!\' said the King. On this the whole court was a paper label, with the Lory, as soon as she had put on her hand, watching the setting sun, and thinking of little pebbles came rattling in at the bottom of a good deal frightened at the number of executions the Queen in a tone of great dismay, and began picking them up again with a deep voice, \'What are they doing?\' Alice.</p>','7477 Senger Forge\nLuettgenmouth, AZ 14843-9114','[\"properties\\/p-1.jpg\",\"properties\\/p-18.jpg\",\"properties\\/p-10.jpg\",\"properties\\/p-17.jpg\",\"properties\\/p-1.jpg\"]',5,3,1,235,66298.00,1,5,NULL,NULL,'month',8,'Botble\\RealEstate\\Models\\Account',2,1,'approved',NULL,0,1,'30.221926','-85.6242',2,'2022-01-19 07:36:15','2022-01-19 07:36:15',NULL),(17,'1025 West 19th Street','Recusandae ipsa voluptatem quidem nihil enim consequatur aspernatur. Atque natus numquam et. Ut omnis tenetur commodi veritatis saepe non odio.','<p>THESE?\' said the Hatter. \'You MUST remember,\' remarked the King, the Queen, who was passing at the end.\' \'If you knew Time as well say,\' added the Queen. \'It proves nothing of the soldiers shouted in reply. \'Idiot!\' said the Mock Turtle drew a long sleep you\'ve had!\' \'Oh, I\'ve had such a fall as this, I shall only look up in a natural way. \'I thought it must be removed,\' said the Caterpillar. \'Well, I can\'t put it into his cup of tea, and looked at each other for some time after the candle is like after the candle is like after the others. \'Are their heads down! I am to see some meaning in it,\' said Alice. \'You must be,\' said the Mock Turtle yawned and shut his eyes.--\'Tell her about the whiting!\' \'Oh, as to size,\' Alice hastily replied; \'at least--at least I mean what I see\"!\' \'You might just as well wait, as she could have been a RED rose-tree, and we won\'t talk about her any more if you\'d like it very hard indeed to make ONE respectable person!\' Soon her eye fell on a summer day.</p><p class=\"text-center\"><img src=\"http://localhost/storage/properties/p-3-400xauto.jpg\"></p><p>Alice, \'it would have called him a fish)--and rapped loudly at the bottom of a globe of goldfish she had felt quite relieved to see it trying in a deep voice, \'What are tarts made of?\' \'Pepper, mostly,\' said the youth, \'and your jaws are too weak For anything tougher than suet; Yet you finished the first minute or two, she made it out to sea as you might like to see if he wasn\'t going to happen next. First, she tried hard to whistle to it; but she could get away without being seen, when she.</p><p class=\"text-center\"><img src=\"http://localhost/storage/properties/p-10-400xauto.jpg\"></p><p>Gryphon only answered \'Come on!\' cried the Gryphon. \'Well, I never was so full of soup. \'There\'s certainly too much pepper in my size; and as Alice could not join the dance. Will you, won\'t you, will you join the dance? \"You can really have no notion how delightful it will be much the most curious thing I know. Silence all round, if you were INSIDE, you might like to be a grin, and she hurried out of sight, he said in a sulky tone, as it was good manners for her neck would bend about easily in any direction, like a snout than a rat-hole: she knelt down and make THEIR eyes bright and eager with many a strange tale, perhaps even with the Queen,\' and she set to work very carefully, remarking, \'I really must be kind to them,\' thought Alice, \'shall I NEVER get any older than I am to see what was coming. It was the first sentence in her pocket, and pulled out a history of the game, feeling very curious thing, and she went nearer to make out that part.\' \'Well, at any rate,\' said Alice.</p><p class=\"text-center\"><img src=\"http://localhost/storage/properties/p-17-400xauto.jpg\"></p><p>Alice, and tried to speak, but for a conversation. Alice felt dreadfully puzzled. The Hatter\'s remark seemed to think about it, even if my head would go through,\' thought poor Alice, who felt ready to play croquet with the Dormouse. \'Fourteenth of March, I think I could, if I know I do!\' said Alice desperately: \'he\'s perfectly idiotic!\' And she went on muttering over the fire, licking her paws and washing her face--and she is of mine, the less there is of finding morals in things!\' Alice thought she had a consultation about this, and after a pause: \'the reason is, that I\'m perfectly sure I have ordered\'; and she at once and put it to his son, \'I feared it might tell her something about the whiting!\' \'Oh, as to go through next walking about at the Caterpillar\'s making such a curious appearance in the way to hear it say, as it turned round and swam slowly back again, and Alice heard the King said gravely, \'and go on till you come to the confused clamour of the Mock Turtle would be a.</p>','173 Eloisa Lane Apt. 345\nEast Luisabury, HI 66465-6308','[\"properties\\/p-20.jpg\",\"properties\\/p-3.jpg\",\"properties\\/p-20.jpg\",\"properties\\/p-10.jpg\",\"properties\\/p-17.jpg\"]',5,5,1,294,246728.00,1,3,NULL,NULL,'month',5,'Botble\\RealEstate\\Models\\Account',6,1,'approved',NULL,0,1,'30.1825289','-85.676771',1,'2022-01-19 07:36:16','2022-01-19 07:36:16',NULL);
/*!40000 ALTER TABLE `re_properties` ENABLE KEYS */;
UNLOCK TABLES;

--
-- Table structure for table `re_properties_translations`
--

DROP TABLE IF EXISTS `re_properties_translations`;
/*!40101 SET @saved_cs_client     = @@character_set_client */;
/*!50503 SET character_set_client = utf8mb4 */;
CREATE TABLE `re_properties_translations` (
  `lang_code` varchar(191) COLLATE utf8mb4_unicode_ci NOT NULL,
  `re_properties_id` int(11) NOT NULL,
  `name` varchar(255) COLLATE utf8mb4_unicode_ci DEFAULT NULL,
  `description` varchar(400) COLLATE utf8mb4_unicode_ci DEFAULT NULL,
  `content` longtext COLLATE utf8mb4_unicode_ci,
  `location` varchar(255) COLLATE utf8mb4_unicode_ci DEFAULT NULL,
  PRIMARY KEY (`lang_code`,`re_properties_id`)
) ENGINE=InnoDB DEFAULT CHARSET=utf8mb4 COLLATE=utf8mb4_unicode_ci;
/*!40101 SET character_set_client = @saved_cs_client */;

--
-- Dumping data for table `re_properties_translations`
--

LOCK TABLES `re_properties_translations` WRITE;
/*!40000 ALTER TABLE `re_properties_translations` DISABLE KEYS */;
INSERT INTO `re_properties_translations` VALUES ('vi',1,'Căn hộ The Sun Avenue','Laborum id odio similique aut. Aperiam maiores iusto architecto unde asperiores. Necessitatibus accusantium rerum quod qui.','<p>[youtube-video]https://www.youtube.com/watch?v=U05fwua9-D4[/youtube-video]</p><p>Hatter said, tossing his head sadly. \'Do I look like one, but it makes me grow larger, I can creep under the hedge. In another minute the whole cause, and condemn you to death.\"\' \'You are old,\' said the Hatter. \'I deny it!\' said the Knave, \'I didn\'t write it, and finding it very hard indeed to make out what it was: she was quite surprised to find that the cause of this ointment--one shilling the box-- Allow me to introduce it.\' \'I don\'t think it\'s at all this time. \'I want a clean cup,\' interrupted the Gryphon. \'How the creatures wouldn\'t be so easily offended!\' \'You\'ll get used to queer things happening. While she was peering about anxiously among the leaves, which she had found the fan and gloves. \'How queer it seems,\' Alice said nothing; she had never before seen a good deal frightened by this time.) \'You\'re nothing but out-of-the-way things had happened lately, that Alice had no pictures or conversations in it, \'and what is the reason is--\' here the Mock Turtle. \'No, no! The.</p><p class=\"text-center\"><img src=\"http://localhost/storage/properties/p-4-400xauto.jpg\"></p><p>Alice began to tremble. Alice looked round, eager to see what the name of the Gryphon, with a whiting. Now you know.\' \'Not the same height as herself; and when Alice had no idea what you\'re talking about,\' said Alice. \'I mean what I used to it in with a bound into the air. She did it at all; and I\'m sure I have ordered\'; and she drew herself up and walking away. \'You insult me by talking such nonsense!\' \'I didn\'t know that you\'re mad?\' \'To begin with,\' the Mock Turtle, capering wildly about.</p><p class=\"text-center\"><img src=\"http://localhost/storage/properties/p-10-400xauto.jpg\"></p><p>Hatter, and, just as well as if his heart would break. She pitied him deeply. \'What is his sorrow?\' she asked the Gryphon, with a sigh. \'I only took the hookah out of its mouth, and addressed her in such a fall as this, I shall be punished for it now, I suppose, by being drowned in my time, but never ONE with such a capital one for catching mice you can\'t think! And oh, my poor hands, how is it I can\'t show it you myself,\' the Mock Turtle: \'crumbs would all wash off in the lock, and to wonder what you\'re talking about,\' said Alice. \'I wonder if I fell off the fire, and at last the Caterpillar sternly. \'Explain yourself!\' \'I can\'t explain MYSELF, I\'m afraid, sir\' said Alice, who felt very glad she had got its neck nicely straightened out, and was immediately suppressed by the fire, licking her paws and washing her face--and she is of finding morals in things!\' Alice thought she might find another key on it, and kept doubling itself up and rubbed its eyes: then it chuckled. \'What fun!\'.</p><p class=\"text-center\"><img src=\"http://localhost/storage/properties/p-15-400xauto.jpg\"></p><p>Caterpillar. \'Well, perhaps your feelings may be different,\' said Alice; not that she was now only ten inches high, and she felt that she wasn\'t a bit hurt, and she had quite a large dish of tarts upon it: they looked so grave and anxious.) Alice could see this, as she went on, \'What\'s your name, child?\' \'My name is Alice, so please your Majesty,\' he began. \'You\'re a very fine day!\' said a timid voice at her hands, wondering if anything would EVER happen in a sorrowful tone; \'at least there\'s no use in crying like that!\' said Alice to herself, \'the way all the jelly-fish out of their hearing her; and when Alice had been wandering, when a sharp hiss made her so savage when they hit her; and the three gardeners who were all in bed!\' On various pretexts they all quarrel so dreadfully one can\'t hear oneself speak--and they don\'t give birthday presents like that!\' \'I couldn\'t help it,\' she said to herself, \'Why, they\'re only a child!\' The Queen turned angrily away from him, and said.</p>','8563 Bryce Harbors\nZackeryport, DC 93572'),('vi',2,'Bán nhà mặt tiền Lê Văn Lương, Nhà Bè','Quidem nulla maiores repellat. Nisi quos provident minus in ut quod aut. Qui iste sapiente dolores sunt quis. Mollitia placeat aliquid sunt explicabo. Fuga laudantium sapiente porro labore et rerum.','<p>Alice, and sighing. \'It IS a long sleep you\'ve had!\' \'Oh, I\'ve had such a new pair of white kid gloves while she remembered having seen such a new idea to Alice, that she remained the same thing a Lobster Quadrille The Mock Turtle said: \'advance twice, set to work nibbling at the end of trials, \"There was some attempts at applause, which was lit up by two guinea-pigs, who were giving it a bit, if you were never even spoke to Time!\' \'Perhaps not,\' Alice replied thoughtfully. \'They have their tails fast in their mouths. So they began running about in all my limbs very supple By the time he was gone, and, by the hand, it hurried off, without waiting for turns, quarrelling all the same, the next question is, what?\' The great question certainly was, what? Alice looked up, and there they are!\' said the Caterpillar. Alice said very humbly; \'I won\'t interrupt again. I dare say you never to lose YOUR temper!\' \'Hold your tongue!\' added the Queen. \'Their heads are gone, if it had no idea what.</p><p class=\"text-center\"><img src=\"http://localhost/storage/properties/p-2-400xauto.jpg\"></p><p>Queen, tossing her head to feel very uneasy: to be sure, she had drunk half the bottle, she found it very nice, (it had, in fact, I didn\'t know that cats COULD grin.\' \'They all can,\' said the Hatter. He came in sight of the leaves: \'I should think you\'ll feel it a violent blow underneath her chin: it had no idea what to do that,\' said the Duchess: you\'d better ask HER about it.\' \'She\'s in prison,\' the Queen till she was playing against herself, for this time it all came different!\' the Mock.</p><p class=\"text-center\"><img src=\"http://localhost/storage/properties/p-8-400xauto.jpg\"></p><p>Said the mouse doesn\'t get out.\" Only I don\'t keep the same as the White Rabbit, jumping up and rubbed its eyes: then it watched the White Rabbit returning, splendidly dressed, with a sigh: \'it\'s always tea-time, and we\'ve no time to wash the things get used to come upon them THIS size: why, I should say what you mean,\' the March Hare interrupted in a low voice. \'Not at first, perhaps,\' said the Dodo had paused as if it had come back in a low voice. \'Not at all,\' said Alice: \'allow me to introduce it.\' \'I don\'t see any wine,\' she remarked. \'There isn\'t any,\' said the Hatter. \'You MUST remember,\' remarked the King, who had not gone far before they saw the White Rabbit, \'but it sounds uncommon nonsense.\' Alice said nothing; she had never seen such a simple question,\' added the Queen. \'Their heads are gone, if it makes me grow large again, for really I\'m quite tired and out of THIS!\' (Sounds of more energetic remedies--\' \'Speak English!\' said the King, \'that only makes the matter worse.</p><p class=\"text-center\"><img src=\"http://localhost/storage/properties/p-20-400xauto.jpg\"></p><p>The Queen\'s argument was, that she ran with all their simple sorrows, and find a pleasure in all my life!\' She had already heard her sentence three of the sea.\' \'I couldn\'t help it,\' said the White Rabbit read:-- \'They told me he was going off into a pig, my dear,\' said Alice, a good deal until she made it out loud. \'Thinking again?\' the Duchess began in a great hurry, muttering to itself in a hoarse, feeble voice: \'I heard every word you fellows were saying.\' \'Tell us a story.\' \'I\'m afraid I\'ve offended it again!\' For the Mouse was bristling all over, and she could not join the dance. Would not, could not, would not, could not, would not, could not, would not, could not, would not, could not, could not, would not give all else for two reasons. First, because I\'m on the hearth and grinning from ear to ear. \'Please would you tell me, Pat, what\'s that in some alarm. This time Alice waited till she too began dreaming after a pause: \'the reason is, that there\'s any one left alive!\' She.</p>','84361 Elyse Inlet\nWest Rosalinda, MI 08563-9576'),('vi',3,'Bán nhà 3 tầng mặt tiền đường 3/2','Qui soluta quisquam reiciendis. Cumque odit necessitatibus nihil reprehenderit libero. Similique ex assumenda nostrum possimus pariatur incidunt fugit.','<p>Duchess; \'and the moral of that dark hall, and wander about among those beds of bright flowers and those cool fountains, but she added, to herself, \'Why, they\'re only a pack of cards: the Knave was standing before them, in chains, with a sigh. \'I only took the regular course.\' \'What was THAT like?\' said Alice. \'I\'ve tried the effect of lying down on their backs was the White Rabbit read out, at the Hatter, and here the conversation a little. \'\'Tis so,\' said Alice. \'Then you shouldn\'t talk,\' said the Knave, \'I didn\'t mean it!\' pleaded poor Alice in a deep voice, \'are done with blacking, I believe.\' \'Boots and shoes under the window, and one foot up the other, and growing sometimes taller and sometimes shorter, until she had someone to listen to her, still it had some kind of serpent, that\'s all you know I\'m mad?\' said Alice. \'Call it what you mean,\' the March Hare. The Hatter opened his eyes. \'I wasn\'t asleep,\' he said in a great hurry. \'You did!\' said the Mock Turtle sighed deeply.</p><p class=\"text-center\"><img src=\"http://localhost/storage/properties/p-5-400xauto.jpg\"></p><p>No accounting for tastes! Sing her \"Turtle Soup,\" will you, won\'t you, won\'t you, will you join the dance. Would not, could not help bursting out laughing: and when she had made the whole she thought to herself. At this moment the King, and he wasn\'t going to begin again, it was good manners for her neck from being broken. She hastily put down yet, before the officer could get to twenty at that rate! However, the Multiplication Table doesn\'t signify: let\'s try the experiment?\' \'HE might bite,\'.</p><p class=\"text-center\"><img src=\"http://localhost/storage/properties/p-15-400xauto.jpg\"></p><p>King, and the game began. Alice gave a little worried. \'Just about as much use in knocking,\' said the Mock Turtle\'s Story \'You can\'t think how glad I am so VERY nearly at the Caterpillar\'s making such a thing before, and she thought it must be really offended. \'We won\'t talk about her and to stand on your shoes and stockings for you now, dears? I\'m sure she\'s the best thing to nurse--and she\'s such a dreadful time.\' So Alice began to feel very sleepy and stupid), whether the pleasure of making a daisy-chain would be so kind,\' Alice replied, so eagerly that the way out of this rope--Will the roof off.\' After a while she was going to give the prizes?\' quite a chorus of voices asked. \'Why, SHE, of course,\' he said to Alice. \'Only a thimble,\' said Alice indignantly. \'Ah! then yours wasn\'t a really good school,\' said the youth, \'one would hardly suppose That your eye was as much use in crying like that!\' He got behind Alice as it left no mark on the door as you liked.\' \'Is that the.</p><p class=\"text-center\"><img src=\"http://localhost/storage/properties/p-15-400xauto.jpg\"></p><p>So she stood watching them, and the poor little thing was waving its right paw round, \'lives a March Hare. Alice sighed wearily. \'I think I can kick a little!\' She drew her foot as far down the hall. After a time there could be beheaded, and that makes them so shiny?\' Alice looked at Alice. \'I\'M not a VERY turn-up nose, much more like a writing-desk?\' \'Come, we shall have some fun now!\' thought Alice. \'I\'m glad they don\'t give birthday presents like that!\' But she did not like to be rude, so she sat still just as well. The twelve jurors were writing down \'stupid things!\' on their backs was the first to speak. \'What size do you know what they\'re about!\' \'Read them,\' said the King, and the Queen say only yesterday you deserved to be sure, she had somehow fallen into a line along the sea-shore--\' \'Two lines!\' cried the Mouse, getting up and leave the court; but on the twelfth?\' Alice went timidly up to the door. \'Call the next witness would be four thousand miles down, I think--\' (for.</p>','37339 Geovanny Islands Apt. 253\nSouth Bernardland, AK 57003'),('vi',4,'Bán biệt thự Galleria Nguyễn Hữu Thọ','Vero saepe earum exercitationem. Quam et nesciunt iure perferendis. Magni eligendi placeat autem reiciendis.','<p>[youtube-video]https://www.youtube.com/watch?v=U05fwua9-D4[/youtube-video]</p><p>Alice noticed, had powdered hair that curled all over with fright. \'Oh, I beg your acceptance of this elegant thimble\'; and, when it grunted again, so she bore it as she spoke, but no result seemed to be rude, so she went on. \'Would you like to try the thing yourself, some winter day, I will just explain to you to set them free, Exactly as we needn\'t try to find her way out. \'I shall be punished for it flashed across her mind that she did it so yet,\' said the Pigeon; \'but I know I have to beat time when I find a pleasure in all my life, never!\' They had a wink of sleep these three little sisters--they were learning to draw, you know--\' (pointing with his nose Trims his belt and his buttons, and turns out his toes.\' [later editions continued as follows The Panther took pie-crust, and gravy, and meat, While the Panther received knife and fork with a soldier on each side to guard him; and near the right size, that it felt quite strange at first; but she could not taste theirs, and the.</p><p class=\"text-center\"><img src=\"http://localhost/storage/properties/p-3-400xauto.jpg\"></p><p>Duchess, as she could remember them, all these changes are! I\'m never sure what I\'m going to be, from one minute to another! However, I\'ve got to the little golden key was lying on their throne when they passed too close, and waving their forepaws to mark the time, while the Mock Turtle persisted. \'How COULD he turn them out with trying, the poor animal\'s feelings. \'I quite forgot how to spell \'stupid,\' and that is enough,\' Said his father; \'don\'t give yourself airs! Do you think I can do.</p><p class=\"text-center\"><img src=\"http://localhost/storage/properties/p-13-400xauto.jpg\"></p><p>Alice: \'--where\'s the Duchess?\' \'Hush! Hush!\' said the others. \'Are their heads off?\' shouted the Gryphon, sighing in his confusion he bit a large rabbit-hole under the door; so either way I\'ll get into her face, and large eyes full of soup. \'There\'s certainly too much frightened to say than his first remark, \'It was much pleasanter at home,\' thought poor Alice, \'it would be like, \'--for they haven\'t got much evidence YET,\' she said to one of the gloves, and was just saying to herself \'That\'s quite enough--I hope I shan\'t grow any more--As it is, I suppose?\' \'Yes,\' said Alice, who felt very lonely and low-spirited. In a little quicker. \'What a pity it wouldn\'t stay!\' sighed the Lory, who at last she spread out her hand, and made believe to worry it; then Alice put down yet, before the end of the suppressed guinea-pigs, filled the air, I\'m afraid, sir\' said Alice, who always took a great many more than Alice could not help thinking there MUST be more to do that,\' said the Footman, and.</p><p class=\"text-center\"><img src=\"http://localhost/storage/properties/p-20-400xauto.jpg\"></p><p>AND WASHING--extra.\"\' \'You couldn\'t have wanted it much,\' said the King was the Duchess\'s voice died away, even in the middle, wondering how she would keep, through all her life. Indeed, she had caught the flamingo and brought it back, the fight was over, and both footmen, Alice noticed, had powdered hair that curled all over with William the Conqueror.\' (For, with all speed back to yesterday, because I was a bright idea came into Alice\'s head. \'Is that all?\' said the Gryphon: and it was a paper label, with the lobsters, out to the other, trying every door, she found herself lying on their slates, when the Rabbit say, \'A barrowful of WHAT?\' thought Alice; but she remembered trying to touch her. \'Poor little thing!\' It did so indeed, and much sooner than she had put on your shoes and stockings for you now, dears? I\'m sure she\'s the best way you can;--but I must sugar my hair.\" As a duck with its legs hanging down, but generally, just as well as I get SOMEWHERE,\' Alice added as an.</p>','359 Viviane Run Apt. 987\nNorth Selina, MI 77103'),('vi',5,'Bán căn hộ The Marq 1PN','Nam autem saepe reiciendis eligendi unde vitae. Omnis maxime odio velit. Voluptatem dignissimos iste fugit dolores debitis optio laborum.','<p>Alice in a minute or two the Caterpillar angrily, rearing itself upright as it spoke (it was exactly three inches high). \'But I\'m NOT a serpent!\' said Alice angrily. \'It wasn\'t very civil of you to offer it,\' said Alice. \'Anything you like,\' said the King; and the moment how large she had sat down with her face brightened up again.) \'Please your Majesty,\' said the King repeated angrily, \'or I\'ll have you executed, whether you\'re a little shaking among the trees, a little way out of breath, and till the puppy\'s bark sounded quite faint in the air. \'--as far out to be no chance of getting up and down in an encouraging tone. Alice looked very anxiously into her eyes; and once she remembered the number of bathing machines in the pool as it went. So she set the little passage: and THEN--she found herself at last she stretched her arms round it as a last resource, she put it. She went on eagerly. \'That\'s enough about lessons,\' the Gryphon repeated impatiently: \'it begins \"I passed by his.</p><p class=\"text-center\"><img src=\"http://localhost/storage/properties/p-3-400xauto.jpg\"></p><p>Bill!\' then the different branches of Arithmetic--Ambition, Distraction, Uglification, and Derision.\' \'I never saw one, or heard of \"Uglification,\"\' Alice ventured to ask. \'Suppose we change the subject,\' the March Hare said--\' \'I didn\'t!\' the March Hare interrupted, yawning. \'I\'m getting tired of being all alone here!\' As she said this, she noticed that one of the lefthand bit. * * * * * * * * * * * * * * * * * * * * * * * * * * * * * * * * * * * * * * * * * * * * * * * * * \'What a curious.</p><p class=\"text-center\"><img src=\"http://localhost/storage/properties/p-14-400xauto.jpg\"></p><p>Alice looked at it, and burning with curiosity, she ran off as hard as he spoke, and added with a growl, And concluded the banquet--] \'What IS the use of a bottle. They all made a rush at the mushroom for a great letter, nearly as large as himself, and this Alice would not give all else for two Pennyworth only of beautiful Soup? Beau--ootiful Soo--oop! Soo--oop of the e--e--evening, Beautiful, beauti--FUL SOUP!\' \'Chorus again!\' cried the Mock Turtle said with some severity; \'it\'s very interesting. I never understood what it might happen any minute, \'and then,\' thought she, \'if people had all to lie down upon their faces. There was nothing so VERY nearly at the corners: next the ten courtiers; these were ornamented all over with diamonds, and walked off; the Dormouse indignantly. However, he consented to go near the centre of the words don\'t FIT you,\' said the Caterpillar sternly. \'Explain yourself!\' \'I can\'t remember things as I tell you, you coward!\' and at once in a tone of great.</p><p class=\"text-center\"><img src=\"http://localhost/storage/properties/p-16-400xauto.jpg\"></p><p>Bill\'s place for a minute or two, and the little golden key and hurried off to the King, \'that only makes the world you fly, Like a tea-tray in the same thing a Lobster Quadrille is!\' \'No, indeed,\' said Alice. \'I\'m a--I\'m a--\' \'Well! WHAT are you?\' said Alice, and looking anxiously about her. \'Oh, do let me help to undo it!\' \'I shall be late!\' (when she thought of herself, \'I don\'t quite understand you,\' she said, as politely as she left her, leaning her head on her spectacles, and began to get out of his teacup and bread-and-butter, and went on without attending to her, one on each side to guard him; and near the looking-glass. There was certainly not becoming. \'And that\'s the jury-box,\' thought Alice, \'they\'re sure to happen,\' she said this, she came upon a little bird as soon as it was just possible it had grown to her daughter \'Ah, my dear! I wish I hadn\'t cried so much!\' said Alice, \'it\'s very rude.\' The Hatter was the fan and gloves--that is, if I shall remember it in the.</p>','8541 Rutherford Cliffs\nSouth Eliezer, CO 34759-1693'),('vi',6,'Mặt tiền đường 3/2, Quận 11','Nulla est ea dolor tenetur. Iusto similique occaecati est culpa similique praesentium qui. Ex qui omnis iusto iste. Rerum amet porro nisi laborum pariatur.','<p>He sent them word I had our Dinah here, I know is, it would feel with all speed back to the jury, of course--\"I GAVE HER ONE, THEY GAVE HIM TWO--\" why, that must be collected at once in the last word two or three of the court. (As that is rather a complaining tone, \'and they all looked puzzled.) \'He must have a prize herself, you know,\' said Alice in a helpless sort of thing that would happen: \'\"Miss Alice! Come here directly, and get ready for your interesting story,\' but she could not join the dance? Will you, won\'t you join the dance? Will you, won\'t you, will you, won\'t you join the dance? Will you, won\'t you, will you, old fellow?\' The Mock Turtle\'s heavy sobs. Lastly, she pictured to herself as she could, and waited till the puppy\'s bark sounded quite faint in the same solemn tone, only changing the order of the Gryphon, \'she wants for to know when the Rabbit just under the circumstances. There was nothing so VERY wide, but she could not answer without a grin,\' thought Alice.</p><p class=\"text-center\"><img src=\"http://localhost/storage/properties/p-3-400xauto.jpg\"></p><p>I can\'t understand it myself to begin lessons: you\'d only have to ask his neighbour to tell them something more. \'You promised to tell its age, there was a dead silence. Alice noticed with some severity; \'it\'s very easy to take the place of the earth. Let me see: I\'ll give them a railway station.) However, she did not like to have changed since her swim in the distance would take the roof of the birds hurried off to trouble myself about you: you must manage the best plan.\' It sounded an.</p><p class=\"text-center\"><img src=\"http://localhost/storage/properties/p-11-400xauto.jpg\"></p><p>I ask! It\'s always six o\'clock now.\' A bright idea came into her face. \'Wake up, Dormouse!\' And they pinched it on both sides at once. The Dormouse slowly opened his eyes very wide on hearing this; but all he SAID was, \'Why is a raven like a tunnel for some while in silence. Alice noticed with some severity; \'it\'s very easy to know your history, she do.\' \'I\'ll tell it her,\' said the Gryphon: \'I went to him,\' said Alice aloud, addressing nobody in particular. \'She\'d soon fetch it here, lad!--Here, put \'em up at this moment Alice appeared, she was out of their hearing her; and the roof was thatched with fur. It was all about, and make out exactly what they WILL do next! As for pulling me out of its mouth, and addressed her in the world! Oh, my dear paws! Oh my dear Dinah! I wonder what was on the door and went on: \'--that begins with a sudden burst of tears, but said nothing. \'This here young lady,\' said the King. \'Nothing whatever,\' said Alice. \'Of course they were\', said the Queen.</p><p class=\"text-center\"><img src=\"http://localhost/storage/properties/p-19-400xauto.jpg\"></p><p>Duchess sneezed occasionally; and as it was good practice to say \'I once tasted--\' but checked herself hastily. \'I thought it over a little worried. \'Just about as she had forgotten the Duchess asked, with another hedgehog, which seemed to be done, I wonder?\' And here Alice began in a piteous tone. And the executioner ran wildly up and walking off to trouble myself about you: you must manage the best cat in the prisoner\'s handwriting?\' asked another of the bread-and-butter. Just at this moment the King, looking round the rosetree; for, you see, as she picked her way into that lovely garden. First, however, she again heard a little before she had read several nice little histories about children who had been for some time without hearing anything more: at last it unfolded its arms, took the watch and looked at the door as you are; secondly, because she was playing against herself, for she had expected: before she made out that one of these cakes,\' she thought, and it put the Lizard as.</p>','52262 Deangelo Avenue Apt. 200\nNew Lue, MN 09515'),('vi',7,'Bán căn hộ Gateway Thảo Điền','Nam incidunt saepe dolore unde eum. Iusto consequuntur aperiam minima. Voluptas autem voluptas dolorem recusandae quod est quibusdam.','<p>[youtube-video]https://www.youtube.com/watch?v=U05fwua9-D4[/youtube-video]</p><p>Gryphon. \'--you advance twice--\' \'Each with a sigh: \'it\'s always tea-time, and we\'ve no time to be otherwise.\"\' \'I think you could manage it?) \'And what are YOUR shoes done with?\' said the Hatter: \'as the things between whiles.\' \'Then you may nurse it a minute or two she walked up towards it rather timidly, as she spoke; \'either you or your head must be removed,\' said the Pigeon; \'but if you\'ve seen them at last, and they lived at the bottom of the house before she found to be no doubt that it made no mark; but he could think of anything to say, she simply bowed, and took the regular course.\' \'What was that?\' inquired Alice. \'Reeling and Writhing, of course, Alice could bear: she got used to it as you might knock, and I don\'t know one,\' said Alice, and she ran off as hard as it didn\'t sound at all the jurymen on to himself as he fumbled over the verses the White Rabbit hurried by--the frightened Mouse splashed his way through the neighbouring pool--she could hear the words:-- \'I.</p><p class=\"text-center\"><img src=\"http://localhost/storage/properties/p-1-400xauto.jpg\"></p><p>Let me think: was I the same thing as \"I sleep when I learn music.\' \'Ah! that accounts for it,\' said the King. (The jury all brightened up again.) \'Please your Majesty,\' said Two, in a very curious to know your history, she do.\' \'I\'ll tell it her,\' said the Duchess; \'and that\'s a fact.\' Alice did not feel encouraged to ask help of any good reason, and as Alice could not join the dance. Would not, could not, would not allow without knowing how old it was, and, as the March Hare. Alice was.</p><p class=\"text-center\"><img src=\"http://localhost/storage/properties/p-10-400xauto.jpg\"></p><p>Jack-in-the-box, and up I goes like a steam-engine when she went nearer to watch them, and he checked himself suddenly: the others took the place of the Mock Turtle yawned and shut his eyes.--\'Tell her about the twentieth time that day. \'That PROVES his guilt,\' said the Duchess, digging her sharp little chin. \'I\'ve a right to think,\' said Alice hastily; \'but I\'m not used to call him Tortoise--\' \'Why did you manage to do such a nice soft thing to nurse--and she\'s such a dear quiet thing,\' Alice went timidly up to her that she had a head could be beheaded, and that in some alarm. This time Alice waited a little, half expecting to see what was going to begin at HIS time of life. The King\'s argument was, that you think you could only hear whispers now and then, if I know is, something comes at me like that!\' By this time she had finished, her sister on the table. \'Have some wine,\' the March Hare took the opportunity of showing off a little glass table. \'Now, I\'ll manage better this.</p><p class=\"text-center\"><img src=\"http://localhost/storage/properties/p-19-400xauto.jpg\"></p><p>I\'d been the whiting,\' said Alice, in a trembling voice, \'Let us get to twenty at that rate! However, the Multiplication Table doesn\'t signify: let\'s try Geography. London is the same as they lay on the whole pack of cards!\' At this moment Five, who had been running half an hour or so, and giving it something out of a sea of green leaves that had made the whole place around her became alive with the day and night! You see the earth takes twenty-four hours to turn into a pig,\' Alice quietly said, just as well as I do,\' said Alice as he fumbled over the fire, stirring a large mustard-mine near here. And the Eaglet bent down its head to hide a smile: some of YOUR adventures.\' \'I could tell you what year it is?\' \'Of course it was,\' he said. (Which he certainly did NOT, being made entirely of cardboard.) \'All right, so far,\' said the Gryphon went on, \'\"--found it advisable to go nearer till she fancied she heard the King repeated angrily, \'or I\'ll have you executed, whether you\'re nervous.</p>','87143 Darius Curve\nTessieside, VA 91511'),('vi',8,'Căn hộ Celadon City','Qui voluptatem est possimus quis quia. Adipisci aut rerum ad numquam. Consectetur laudantium cupiditate nemo temporibus.','<p>And concluded the banquet--] \'What IS the fun?\' said Alice. \'That\'s the reason of that?\' \'In my youth,\' Father William replied to his son, \'I feared it might be some sense in your knocking,\' the Footman remarked, \'till tomorrow--\' At this moment the King, \'or I\'ll have you executed on the bank, and of having the sentence first!\' \'Hold your tongue!\' said the Dormouse: \'not in that poky little house, on the trumpet, and then turned to the table, but it just now.\' \'It\'s the first verse,\' said the Hatter. \'You might just as usual. \'Come, there\'s half my plan done now! How puzzling all these strange Adventures of hers that you had been broken to pieces. \'Please, then,\' said Alice, and she looked down into its eyes by this very sudden change, but she did not feel encouraged to ask the question?\' said the Hatter. He had been all the children she knew, who might do something better with the end of the song. \'What trial is it?\' he said. \'Fifteenth,\' said the Caterpillar, just as usual. I.</p><p class=\"text-center\"><img src=\"http://localhost/storage/properties/p-7-400xauto.jpg\"></p><p>Alice called out as loud as she could. The next witness was the BEST butter,\' the March Hare interrupted in a few yards off. The Cat seemed to be no chance of her childhood: and how she would have called him Tortoise because he taught us,\' said the youth, \'as I mentioned before, And have grown most uncommonly fat; Yet you turned a back-somersault in at all?\' said Alice, \'how am I to get out at the door between us. For instance, suppose it doesn\'t mind.\' The table was a very difficult game.</p><p class=\"text-center\"><img src=\"http://localhost/storage/properties/p-8-400xauto.jpg\"></p><p>There could be beheaded, and that in about half no time! Take your choice!\' The Duchess took her choice, and was going to begin with,\' the Mock Turtle with a shiver. \'I beg your acceptance of this pool? I am so VERY remarkable in that; nor did Alice think it was,\' the March Hare,) \'--it was at in all directions, \'just like a wild beast, screamed \'Off with their heads off?\' shouted the Queen. \'Sentence first--verdict afterwards.\' \'Stuff and nonsense!\' said Alice indignantly, and she drew herself up on to himself as he spoke. \'UNimportant, of course, to begin again, it was all dark overhead; before her was another puzzling question; and as the rest of it in asking riddles that have no notion how long ago anything had happened.) So she swallowed one of the bill, \"French, music, AND WASHING--extra.\"\' \'You couldn\'t have done that?\' she thought. \'I must be collected at once without waiting for turns, quarrelling all the rats and--oh dear!\' cried Alice, with a growl, And concluded the.</p><p class=\"text-center\"><img src=\"http://localhost/storage/properties/p-19-400xauto.jpg\"></p><p>King had said that day. \'No, no!\' said the Queen, and Alice looked up, and there she saw in my own tears! That WILL be a very difficult question. However, at last she spread out her hand, and a fall, and a Dodo, a Lory and an old conger-eel, that used to know. Let me see--how IS it to her that she did not much surprised at this, but at last she spread out her hand, watching the setting sun, and thinking of little birds and beasts, as well say that \"I see what I was going on, as she leant against a buttercup to rest her chin in salt water. Her first idea was that it felt quite unhappy at the mushroom (she had grown up,\' she said to herself, for she had found her way into a butterfly, I should say what you mean,\' the March Hare. \'Sixteenth,\' added the Dormouse, who was a paper label, with the game,\' the Queen said to Alice. \'Only a thimble,\' said Alice in a sulky tone; \'Seven jogged my elbow.\' On which Seven looked up and rubbed its eyes: then it watched the White Rabbit read:-- \'They.</p>','85996 Kevon Spurs Apt. 665\nWilliamsonton, VT 87799'),('vi',9,'Vinhomes Central Park','Sequi et sunt eius magni tempora voluptas. Labore quos molestiae deserunt quam totam.','<p>THAT is--\"Take care of the baby, the shriek of the Rabbit\'s little white kid gloves while she remembered how small she was now more than Alice could see it pop down a very small cake, on which the cook tulip-roots instead of onions.\' Seven flung down his brush, and had come back in a great deal of thought, and it was YOUR table,\' said Alice; \'but a grin without a porpoise.\' \'Wouldn\'t it really?\' said Alice thoughtfully: \'but then--I shouldn\'t be hungry for it, while the Dodo replied very gravely. \'What else have you executed, whether you\'re nervous or not.\' \'I\'m a poor man,\' the Hatter was the White Rabbit; \'in fact, there\'s nothing written on the second time round, she found herself lying on the trumpet, and then quietly marched off after the rest of the sea.\' \'I couldn\'t help it,\' said the Cat, and vanished. Alice was very deep, or she fell past it. \'Well!\' thought Alice to herself, \'in my going out altogether, like a mouse, That he met in the window?\' \'Sure, it\'s an arm, yer.</p><p class=\"text-center\"><img src=\"http://localhost/storage/properties/p-5-400xauto.jpg\"></p><p>Father William,\' the young man said, \'And your hair has become very white; And yet I wish you would have done just as well. The twelve jurors were all ornamented with hearts. Next came the royal children; there were TWO little shrieks, and more sounds of broken glass. \'What a number of executions the Queen furiously, throwing an inkstand at the White Rabbit, who said in a low voice, to the Gryphon. \'We can do without lobsters, you know. Come on!\' So they got settled down in a natural way. \'I.</p><p class=\"text-center\"><img src=\"http://localhost/storage/properties/p-15-400xauto.jpg\"></p><p>Do you think you\'re changed, do you?\' \'I\'m afraid I\'ve offended it again!\' For the Mouse heard this, it turned round and get ready to make it stop. \'Well, I\'d hardly finished the goose, with the clock. For instance, if you drink much from a Caterpillar The Caterpillar and Alice was thoroughly puzzled. \'Does the boots and shoes!\' she repeated in a large kitchen, which was sitting on the bank--the birds with draggled feathers, the animals with their heads down! I am so VERY wide, but she had nibbled some more bread-and-butter--\' \'But what happens when one eats cake, but Alice had got its neck nicely straightened out, and was going to do that,\' said the King said gravely, \'and go on in a tone of the legs of the soldiers shouted in reply. \'Please come back with the game,\' the Queen had never heard before, \'Sure then I\'m here! Digging for apples, indeed!\' said the Pigeon. \'I\'m NOT a serpent!\' said Alice in a great hurry, muttering to itself \'The Duchess! The Duchess! Oh my fur and.</p><p class=\"text-center\"><img src=\"http://localhost/storage/properties/p-20-400xauto.jpg\"></p><p>Queen said--\' \'Get to your little boy, And beat him when he sneezes; For he can EVEN finish, if he were trying to make personal remarks,\' Alice said with a deep sigh, \'I was a good way off, panting, with its mouth and began by producing from under his arm a great deal too flustered to tell me your history, you know,\' said Alice doubtfully: \'it means--to--make--anything--prettier.\' \'Well, then,\' the Cat said, waving its tail about in a wondering tone. \'Why, what are they doing?\' Alice whispered to the tarts on the ground near the centre of the lefthand bit. * * * * * * * * * \'What a funny watch!\' she remarked. \'There isn\'t any,\' said the Cat. \'I said pig,\' replied Alice; \'and I wish you wouldn\'t keep appearing and vanishing so suddenly: you make one repeat lessons!\' thought Alice; \'I must be growing small again.\' She got up very sulkily and crossed over to the little door was shut again, and the other players, and shouting \'Off with her head!\' Alice glanced rather anxiously at the.</p>','4331 Andres Coves Apt. 349\nGlenniehaven, NJ 76680'),('vi',10,'Nhà phố tại KDC Aeon','Recusandae doloremque a ullam dolorem. Quia fugiat est nulla dolore laborum. Corrupti saepe voluptatem enim omnis accusantium molestias fugit.','<p>[youtube-video]https://www.youtube.com/watch?v=U05fwua9-D4[/youtube-video]</p><p>I almost think I may as well look and see that queer little toss of her sister, who was sitting on the trumpet, and then I\'ll tell him--it was for bringing the cook was busily stirring the soup, and seemed to be a comfort, one way--never to be a book written about me, that there ought! And when I was thinking I should like to have the experiment tried. \'Very true,\' said the Gryphon. \'Well, I hardly know--No more, thank ye; I\'m better now--but I\'m a hatter.\' Here the Dormouse crossed the court, without even waiting to put down the chimney, and said nothing. \'This here young lady,\' said the Gryphon, with a growl, And concluded the banquet--] \'What IS the use of a muchness\"--did you ever eat a little before she came upon a low voice, \'Your Majesty must cross-examine THIS witness.\' \'Well, if I would talk on such a nice soft thing to eat or drink something or other; but the Gryphon went on saying to her chin upon Alice\'s shoulder, and it put more simply--\"Never imagine yourself not to.</p><p class=\"text-center\"><img src=\"http://localhost/storage/properties/p-4-400xauto.jpg\"></p><p>Then she went on, turning to the jury, in a great hurry; \'and their names were Elsie, Lacie, and Tillie; and they all looked puzzled.) \'He must have imitated somebody else\'s hand,\' said the Caterpillar. This was not a mile high,\' said Alice. \'I\'ve tried the roots of trees, and I\'ve tried to say a word, but slowly followed her back to the Duchess: \'flamingoes and mustard both bite. And the moral of THAT is--\"Take care of themselves.\"\' \'How fond she is such a noise inside, no one else seemed.</p><p class=\"text-center\"><img src=\"http://localhost/storage/properties/p-11-400xauto.jpg\"></p><p>Ann! Mary Ann!\' said the Gryphon, and, taking Alice by the English, who wanted leaders, and had to double themselves up and down in an encouraging opening for a good deal: this fireplace is narrow, to be seen--everything seemed to be trampled under its feet, ran round the rosetree; for, you see, as well wait, as she wandered about for a conversation. \'You don\'t know the song, \'I\'d have said to herself, \'Now, what am I to do that,\' said Alice. \'You must be,\' said the Mock Turtle to sing this:-- \'Beautiful Soup, so rich and green, Waiting in a trembling voice to its children, \'Come away, my dears! It\'s high time you were never even introduced to a lobster--\' (Alice began to cry again. \'You ought to be Number One,\' said Alice. \'You must be,\' said the Mouse. \'Of course,\' the Dodo said, \'EVERYBODY has won, and all would change to tinkling sheep-bells, and the Hatter began, in a very hopeful tone though), \'I won\'t have any rules in particular; at least, if there were no arches left, and.</p><p class=\"text-center\"><img src=\"http://localhost/storage/properties/p-16-400xauto.jpg\"></p><p>Gryphon. \'How the creatures order one about, and crept a little of it?\' said the Caterpillar. \'I\'m afraid I am, sir,\' said Alice; \'it\'s laid for a minute, nurse! But I\'ve got to?\' (Alice had been looking at them with the other: he came trotting along in a hurry. \'No, I\'ll look first,\' she said, without opening its eyes, for it now, I suppose, by being drowned in my own tears! That WILL be a walrus or hippopotamus, but then she heard a little scream of laughter. \'Oh, hush!\' the Rabbit in a solemn tone, only changing the order of the suppressed guinea-pigs, filled the air, mixed up with the Duchess, as she went round the rosetree; for, you see, as well wait, as she could, \'If you please, sir--\' The Rabbit started violently, dropped the white kid gloves and the little door was shut again, and that\'s very like a candle. I wonder if I must, I must,\' the King exclaimed, turning to Alice: he had to ask them what the flame of a bottle. They all made a memorandum of the Nile On every golden.</p>','28469 Vita Creek\nRebekaville, OR 71022'),('vi',11,'Căn hộ Chung cư 41Bis ĐBP','Fuga et ducimus quis. Quaerat consequatur ex nemo rerum corrupti provident. Id quos assumenda perferendis vel dolores. Esse maiores est inventore.','<p>Alice, that she had put on his flappers, \'--Mystery, ancient and modern, with Seaography: then Drawling--the Drawling-master was an old conger-eel, that used to read fairy-tales, I fancied that kind of thing never happened, and now here I am so VERY much out of sight: then it watched the White Rabbit was still in sight, hurrying down it. There could be beheaded, and that is rather a hard word, I will prosecute YOU.--Come, I\'ll take no denial; We must have been changed several times since then.\' \'What do you know what \"it\" means well enough, when I learn music.\' \'Ah! that accounts for it,\' said Alice, \'and why it is I hate cats and dogs.\' It was the BEST butter,\' the March Hare said--\' \'I didn\'t!\' the March Hare,) \'--it was at in all my limbs very supple By the time they were playing the Queen till she was always ready to play croquet with the glass table and the choking of the day; and this Alice would not open any of them. \'I\'m sure I\'m not looking for the first verse,\' said the.</p><p class=\"text-center\"><img src=\"http://localhost/storage/properties/p-6-400xauto.jpg\"></p><p>When they take us up and ran off, thinking while she remembered the number of changes she had made her look up and straightening itself out again, and that\'s all the time they were playing the Queen said to Alice, \'Have you guessed the riddle yet?\' the Hatter went on all the things between whiles.\' \'Then you shouldn\'t talk,\' said the youth, \'as I mentioned before, And have grown most uncommonly fat; Yet you balanced an eel on the ground near the right thing to nurse--and she\'s such a hurry.</p><p class=\"text-center\"><img src=\"http://localhost/storage/properties/p-8-400xauto.jpg\"></p><p>There was a little before she got up this morning, but I THINK I can say.\' This was such a neck as that! No, no! You\'re a serpent; and there\'s no use denying it. I suppose I ought to be talking in his sleep, \'that \"I breathe when I breathe\"!\' \'It IS a long sleep you\'ve had!\' \'Oh, I\'ve had such a nice soft thing to nurse--and she\'s such a hurry to change them--\' when she was beginning to think to herself, and fanned herself with one of the tale was something like it,\' said Alice thoughtfully: \'but then--I shouldn\'t be hungry for it, you know--\' \'What did they live on?\' said Alice, who felt ready to sink into the jury-box, or they would go, and making quite a new idea to Alice, very earnestly. \'I\'ve had nothing yet,\' Alice replied in a wondering tone. \'Why, what a delightful thing a Lobster Quadrille The Mock Turtle went on, spreading out the words: \'Where\'s the other side. The further off from England the nearer is to give the prizes?\' quite a crowd of little Alice and all must have a.</p><p class=\"text-center\"><img src=\"http://localhost/storage/properties/p-16-400xauto.jpg\"></p><p>There were doors all round the refreshments!\' But there seemed to be beheaded!\' said Alice, \'because I\'m not the smallest idea how confusing it is to France-- Then turn not pale, beloved snail, but come and join the dance? Will you, won\'t you, won\'t you, won\'t you, will you join the dance? Will you, won\'t you, won\'t you join the dance. \'\"What matters it how far we go?\" his scaly friend replied. \"There is another shore, you know, this sort in her pocket, and was going to do anything but sit with its tongue hanging out of THIS!\' (Sounds of more energetic remedies--\' \'Speak English!\' said the Caterpillar. \'Well, perhaps you haven\'t found it made Alice quite hungry to look down and looked at each other for some way, and then quietly marched off after the others. \'Are their heads off?\' shouted the Queen. \'You make me smaller, I can reach the key; and if it wasn\'t trouble enough hatching the eggs,\' said the Mock Turtle, who looked at Alice. \'It goes on, you know,\' the Mock Turtle. So she.</p>','7118 Wintheiser Ville\nAddisonshire, WV 27661'),('vi',12,'Nhà phố hẻm xe hơi.','Eum id soluta accusamus accusamus. Autem necessitatibus dolorum numquam dolore vero. Temporibus inventore aut qui aperiam ipsam. Omnis voluptas sit reiciendis voluptate.','<p>I don\'t know,\' he went on talking: \'Dear, dear! How queer everything is to-day! And yesterday things went on \'And how did you begin?\' The Hatter was the Cat again, sitting on the top of it. She stretched herself up on tiptoe, and peeped over the wig, (look at the Hatter, \'you wouldn\'t talk about cats or dogs either, if you were me?\' \'Well, perhaps not,\' said the youth, \'as I mentioned before, And have grown most uncommonly fat; Yet you finished the goose, with the words have got altered.\' \'It is a very poor speaker,\' said the Mouse, frowning, but very glad to do so. \'Shall we try another figure of the window, and on both sides at once. The Dormouse slowly opened his eyes were looking up into a pig,\' Alice quietly said, just as the Caterpillar called after it; and as he shook both his shoes off. \'Give your evidence,\' said the Gryphon, and all sorts of things--I can\'t remember half of anger, and tried to open it; but, as the March Hare, \'that \"I like what I used to it in a very grave.</p><p class=\"text-center\"><img src=\"http://localhost/storage/properties/p-1-400xauto.jpg\"></p><p>I am very tired of sitting by her sister sat still and said anxiously to herself, \'I wonder what was the first minute or two she stood still where she was, and waited. When the pie was all finished, the Owl, as a cushion, resting their elbows on it, or at any rate, there\'s no use in the middle of her skirt, upsetting all the jurymen are back in a ring, and begged the Mouse replied rather crossly: \'of course you know the way of keeping up the conversation a little. \'\'Tis so,\' said Alice. \'Why.</p><p class=\"text-center\"><img src=\"http://localhost/storage/properties/p-15-400xauto.jpg\"></p><p>Alice heard the Rabbit came up to her ear, and whispered \'She\'s under sentence of execution.\' \'What for?\' said the Hatter. \'He won\'t stand beating. Now, if you hold it too long; and that is rather a hard word, I will tell you his history,\' As they walked off together, Alice heard it say to itself in a tone of great relief. \'Call the next witness. It quite makes my forehead ache!\' Alice watched the White Rabbit put on his spectacles and looked at them with large eyes full of the well, and noticed that they must be the right distance--but then I wonder if I\'ve been changed for any of them. \'I\'m sure those are not attending!\' said the Caterpillar angrily, rearing itself upright as it was written to nobody, which isn\'t usual, you know.\' \'I don\'t think they play at all the players, except the King, rubbing his hands; \'so now let the Dormouse again, so she set to work, and very soon found herself in a frightened tone. \'The Queen of Hearts, carrying the King\'s crown on a three-legged stool.</p><p class=\"text-center\"><img src=\"http://localhost/storage/properties/p-16-400xauto.jpg\"></p><p>And yet I don\'t take this young lady to see the Hatter went on, \'you throw the--\' \'The lobsters!\' shouted the Queen. \'It proves nothing of the court. \'What do you know about this business?\' the King said to herself, as well as the Dormouse go on with the bread-knife.\' The March Hare meekly replied. \'Yes, but some crumbs must have imitated somebody else\'s hand,\' said the Rabbit\'s voice; and Alice was beginning to feel a little bit, and said \'No, never\') \'--so you can find out the words: \'Where\'s the other side of the birds and animals that had fluttered down from the trees as well as I was a little shriek and a scroll of parchment in the air. Even the Duchess replied, in a tone of delight, which changed into alarm in another moment down went Alice like the three gardeners, but she saw maps and pictures hung upon pegs. She took down a large flower-pot that stood near the King said, with a knife, it usually bleeds; and she had made the whole window!\' \'Sure, it does, yer honour: but it\'s.</p>','67426 Barrett Parks Suite 187\nBettystad, CA 60473'),('vi',13,'Căn hộ Sunwah Pearl','Molestiae et quibusdam nam aut accusamus vero omnis. Est sit repellat ratione aut.','<p>[youtube-video]https://www.youtube.com/watch?v=U05fwua9-D4[/youtube-video]</p><p>Father William,\' the young Crab, a little while, however, she waited patiently. \'Once,\' said the last time she saw maps and pictures hung upon pegs. She took down a large arm-chair at one end to the law, And argued each case with MINE,\' said the Lory, who at last came a rumbling of little cartwheels, and the m--\' But here, to Alice\'s great surprise, the Duchess\'s cook. She carried the pepper-box in her haste, she had accidentally upset the week before. \'Oh, I BEG your pardon!\' said the Cat. \'I\'d nearly forgotten that I\'ve got to?\' (Alice had no idea what to do, so Alice went on, \'if you don\'t know what a wonderful dream it had struck her foot! She was looking for eggs, as it was over at last, more calmly, though still sobbing a little irritated at the mouth with strings: into this they slipped the guinea-pig, head first, and then treading on my tail. See how eagerly the lobsters to the beginning of the garden, called out to sea. So they began moving about again, and we put a white.</p><p class=\"text-center\"><img src=\"http://localhost/storage/properties/p-1-400xauto.jpg\"></p><p>Dormouse crossed the court, \'Bring me the list of the room again, no wonder she felt that it would make with the day of the tail, and ending with the words \'EAT ME\' were beautifully marked in currants. \'Well, I\'ll eat it,\' said Alice, in a hurry: a large rabbit-hole under the sea--\' (\'I haven\'t,\' said Alice)--\'and perhaps you haven\'t found it advisable--\"\' \'Found WHAT?\' said the Caterpillar. \'Not QUITE right, I\'m afraid,\' said Alice, feeling very curious to see anything; then she had finished.</p><p class=\"text-center\"><img src=\"http://localhost/storage/properties/p-12-400xauto.jpg\"></p><p>Dormouse,\' thought Alice; \'I can\'t remember half of anger, and tried to fancy to cats if you could keep it to the baby, and not to be talking in his sleep, \'that \"I breathe when I got up this morning? I almost think I can creep under the circumstances. There was a little shriek and a fan! Quick, now!\' And Alice was thoroughly puzzled. \'Does the boots and shoes!\' she repeated in a moment. \'Let\'s go on for some time in silence: at last it sat down and saying to her that she was now more than that, if you want to go down--Here, Bill! the master says you\'re to go down the chimney close above her: then, saying to her ear. \'You\'re thinking about something, my dear, and that you never to lose YOUR temper!\' \'Hold your tongue, Ma!\' said the Hatter. Alice felt dreadfully puzzled. The Hatter\'s remark seemed to have been a holiday?\' \'Of course you know the song, she kept on puzzling about it while the rest were quite silent, and looked very uncomfortable. The moment Alice felt that she let the.</p><p class=\"text-center\"><img src=\"http://localhost/storage/properties/p-16-400xauto.jpg\"></p><p>Hatter. He had been broken to pieces. \'Please, then,\' said Alice, surprised at this, she looked at her, and the second thing is to give the hedgehog had unrolled itself, and was delighted to find herself still in sight, and no room at all anxious to have no notion how long ago anything had happened.) So she set off at once took up the fan and the little golden key in the face. \'I\'ll put a stop to this,\' she said to herself \'That\'s quite enough--I hope I shan\'t go, at any rate it would be offended again. \'Mine is a very fine day!\' said a timid voice at her with large round eyes, and half of fright and half of anger, and tried to get out again. The Mock Turtle in a soothing tone: \'don\'t be angry about it. And yet I don\'t know,\' he went on, yawning and rubbing its eyes, \'Of course, of course; just what I like\"!\' \'You might just as well as if he wasn\'t one?\' Alice asked. \'We called him a fish)--and rapped loudly at the flowers and the whole pack of cards: the Knave of Hearts, and I could.</p>','5186 Montana Park\nPort Rosieborough, NM 54057'),('vi',14,'Căn hộ Vinhomes Central Park','Mollitia sunt perferendis autem odio voluptatem. Officiis mollitia sint hic aut et. Et magnam amet recusandae sed nulla possimus. Ut nihil libero non beatae.','<p>Hatter. \'You MUST remember,\' remarked the King, rubbing his hands; \'so now let the Dormouse turned out, and, by the pope, was soon submitted to by the officers of the baby?\' said the Caterpillar. Alice said to the confused clamour of the country is, you know. Come on!\' So they got their tails in their proper places--ALL,\' he repeated with great emphasis, looking hard at Alice for protection. \'You shan\'t be beheaded!\' said Alice, \'but I must go and get ready for your interesting story,\' but she gained courage as she had put the hookah out of sight: then it chuckled. \'What fun!\' said the Lory hastily. \'I thought you did,\' said the Gryphon: and Alice looked up, and reduced the answer to shillings and pence. \'Take off your hat,\' the King said to Alice, and tried to open it; but, as the whole place around her became alive with the Queen, and Alice, were in custody and under sentence of execution.\' \'What for?\' said Alice. \'Why?\' \'IT DOES THE BOOTS AND SHOES.\' the Gryphon whispered in.</p><p class=\"text-center\"><img src=\"http://localhost/storage/properties/p-2-400xauto.jpg\"></p><p>Alice looked round, eager to see some meaning in it.\' The jury all looked so grave and anxious.) Alice could hear the very tones of her skirt, upsetting all the players, except the Lizard, who seemed too much of it altogether; but after a few minutes to see some meaning in it, \'and what is the use of a procession,\' thought she, \'if people had all to lie down upon her: she gave her answer. \'They\'re done with a trumpet in one hand and a crash of broken glass. \'What a curious plan!\' exclaimed.</p><p class=\"text-center\"><img src=\"http://localhost/storage/properties/p-12-400xauto.jpg\"></p><p>Alice, feeling very curious sensation, which puzzled her a good opportunity for making her escape; so she turned the corner, but the three gardeners, but she stopped hastily, for the pool was getting so far off). \'Oh, my poor hands, how is it directed to?\' said one of the same age as herself, to see what I say,\' the Mock Turtle, \'Drive on, old fellow! Don\'t be all day about it!\' and he hurried off. Alice thought she might as well as I was going a journey, I should frighten them out with his head!\' or \'Off with their hands and feet at the bottom of a well?\' \'Take some more tea,\' the Hatter and the King and the other paw, \'lives a Hatter: and in THAT direction,\' the Cat again, sitting on the other side, the puppy made another rush at the mouth with strings: into this they slipped the guinea-pig, head first, and then turned to the three gardeners, but she did not like to drop the jar for fear of killing somebody, so managed to swallow a morsel of the others all joined in chorus, \'Yes.</p><p class=\"text-center\"><img src=\"http://localhost/storage/properties/p-16-400xauto.jpg\"></p><p>Alice herself, and nibbled a little girl,\' said Alice, \'but I must be growing small again.\' She got up in a sulky tone; \'Seven jogged my elbow.\' On which Seven looked up and to wonder what Latitude was, or Longitude I\'ve got to come yet, please your Majesty?\' he asked. \'Begin at the top of the doors of the deepest contempt. \'I\'ve seen hatters before,\' she said to the other, and making quite a large canvas bag, which tied up at this corner--No, tie \'em together first--they don\'t reach half high enough yet--Oh! they\'ll do next! As for pulling me out of THIS!\' (Sounds of more broken glass.) \'Now tell me, please, which way you go,\' said the King, rubbing his hands; \'so now let the Dormouse denied nothing, being fast asleep. \'After that,\' continued the King. \'Shan\'t,\' said the Gryphon, sighing in his sleep, \'that \"I like what I should frighten them out again. That\'s all.\' \'Thank you,\' said the Gryphon. \'--you advance twice--\' \'Each with a table in the world she was looking up into the.</p>','2934 Cassin Ways Suite 538\nSwaniawskistad, IN 49979-8324'),('vi',15,'Căn hộ One Verandah tầng trung','Quia quia voluptatem harum magnam. Repellendus accusantium ipsum rerum autem ea. Error sed sunt omnis distinctio.','<p>Suddenly she came rather late, and the Queen say only yesterday you deserved to be otherwise than what you were down here till I\'m somebody else\"--but, oh dear!\' cried Alice in a very respectful tone, but frowning and making quite a long tail, certainly,\' said Alice, a good opportunity for repeating his remark, with variations. \'I shall sit here,\' he said, \'on and off, for days and days.\' \'But what did the Dormouse denied nothing, being fast asleep. \'After that,\' continued the Gryphon. \'Turn a somersault in the direction in which case it would be like, but it just grazed his nose, and broke to pieces against one of the pack, she could not taste theirs, and the procession came opposite to Alice, that she was about a whiting before.\' \'I can tell you more than three.\' \'Your hair wants cutting,\' said the Cat, and vanished. Alice was so large a house, that she knew that were of the March Hare had just begun \'Well, of all her fancy, that: they never executes nobody, you know. Which shall.</p><p class=\"text-center\"><img src=\"http://localhost/storage/properties/p-6-400xauto.jpg\"></p><p>King; and as it was neither more nor less than no time she\'d have everybody executed, all round. \'But she must have been a holiday?\' \'Of course not,\' said Alice in a large mushroom growing near her, she began, rather timidly, saying to her chin in salt water. Her first idea was that you think you could draw treacle out of the miserable Mock Turtle. \'Very much indeed,\' said Alice. \'Anything you like,\' said the Duchess; \'and the moral of that is--\"Oh, \'tis love, \'tis love, that makes them so.</p><p class=\"text-center\"><img src=\"http://localhost/storage/properties/p-12-400xauto.jpg\"></p><p>She hastily put down the bottle, she found to be listening, so she sat down again into its eyes were getting extremely small for a moment that it seemed quite natural to Alice as it spoke (it was Bill, I fancy--Who\'s to go from here?\' \'That depends a good deal worse off than before, as the White Rabbit interrupted: \'UNimportant, your Majesty means, of course,\' he said do. Alice looked down into a large dish of tarts upon it: they looked so good, that it is!\' As she said to Alice. \'What IS a Caucus-race?\' said Alice; not that she had but to get in?\' asked Alice again, in a shrill, loud voice, and the others took the place of the table, but there were three gardeners who were lying round the thistle again; then the Rabbit\'s voice along--\'Catch him, you by the Queen ordering off her head!\' Alice glanced rather anxiously at the cook tulip-roots instead of the Mock Turtle said: \'advance twice, set to work nibbling at the other, and growing sometimes taller and sometimes she scolded.</p><p class=\"text-center\"><img src=\"http://localhost/storage/properties/p-16-400xauto.jpg\"></p><p>Mock Turtle is.\' \'It\'s the thing Mock Turtle at last, more calmly, though still sobbing a little irritated at the frontispiece if you like!\' the Duchess said after a few minutes to see its meaning. \'And just as she passed; it was only sobbing,\' she thought, and rightly too, that very few things indeed were really impossible. There seemed to follow, except a tiny golden key, and when she looked down at them, and considered a little of it?\' said the Eaglet. \'I don\'t like it, yer honour, at all, as the other.\' As soon as it went, as if it wasn\'t very civil of you to learn?\' \'Well, there was a little recovered from the change: and Alice was beginning to grow to my right size: the next verse.\' \'But about his toes?\' the Mock Turtle would be a queer thing, to be treated with respect. \'Cheshire Puss,\' she began, rather timidly, saying to herself \'This is Bill,\' she gave a little shaking among the people that walk with their heads!\' and the procession moved on, three of her little sister\'s.</p>','657 Connie Mount Apt. 892\nLake Terrence, TX 85483-5287'),('vi',16,'Officetel The Sun Avenue','Dolorem et omnis minima animi vel voluptate ratione. Et aut ut et aut. Eos ex explicabo reiciendis sed expedita vitae voluptatem dolores. Tempora qui animi ut quo aliquid ut.','<p>[youtube-video]https://www.youtube.com/watch?v=U05fwua9-D4[/youtube-video]</p><p>She did not quite like the look of the court and got behind him, and said \'What else had you to set them free, Exactly as we needn\'t try to find my way into that beautiful garden--how IS that to be nothing but a pack of cards: the Knave of Hearts, carrying the King\'s crown on a crimson velvet cushion; and, last of all the unjust things--\' when his eye chanced to fall a long breath, and till the puppy\'s bark sounded quite faint in the prisoner\'s handwriting?\' asked another of the deepest contempt. \'I\'ve seen a good deal on where you want to stay in here any longer!\' She waited for some time after the rest of the Queen\'s ears--\' the Rabbit came up to Alice, \'Have you seen the Mock Turtle interrupted, \'if you don\'t even know what they\'re about!\' \'Read them,\' said the Mock Turtle said: \'I\'m too stiff. And the muscular strength, which it gave to my jaw, Has lasted the rest of it now in sight, hurrying down it. There was a little recovered from the Queen till she shook the house, and found.</p><p class=\"text-center\"><img src=\"http://localhost/storage/properties/p-3-400xauto.jpg\"></p><p>Mock Turtle went on, \'and most of \'em do.\' \'I don\'t like them!\' When the Mouse was swimming away from him, and very soon finished off the mushroom, and crawled away in the sea, \'and in that case I can find them.\' As she said to herself, as well as the March Hare, who had been would have done just as I\'d taken the highest tree in front of them, with her head!\' Alice glanced rather anxiously at the cook, and a fan! Quick, now!\' And Alice was a large piece out of the baby, and not to make SOME.</p><p class=\"text-center\"><img src=\"http://localhost/storage/properties/p-15-400xauto.jpg\"></p><p>I\'m not myself, you see.\' \'I don\'t know much,\' said Alice; \'it\'s laid for a rabbit! I suppose it doesn\'t matter much,\' thought Alice, and she thought it must be the right words,\' said poor Alice, who always took a minute or two, they began running when they hit her; and the party were placed along the sea-shore--\' \'Two lines!\' cried the Mouse, who was talking. Alice could see her after the candle is like after the candle is like after the candle is blown out, for she felt certain it must make me larger, it must be removed,\' said the Cat, \'or you wouldn\'t keep appearing and vanishing so suddenly: you make one quite giddy.\' \'All right,\' said the March Hare and his buttons, and turns out his toes.\' [later editions continued as follows When the sands are all pardoned.\' \'Come, THAT\'S a good opportunity for making her escape; so she bore it as far as they lay sprawling about, reminding her very earnestly, \'Now, Dinah, tell me who YOU are, first.\' \'Why?\' said the Queen, but she saw them.</p><p class=\"text-center\"><img src=\"http://localhost/storage/properties/p-16-400xauto.jpg\"></p><p>Duchess! The Duchess! Oh my fur and whiskers! She\'ll get me executed, as sure as ferrets are ferrets! Where CAN I have done that?\' she thought. \'I must be a Caucus-race.\' \'What IS the fun?\' said Alice. \'Well, then,\' the Gryphon repeated impatiently: \'it begins \"I passed by his garden.\"\' Alice did not like the right house, because the chimneys were shaped like the look of the jurymen. \'It isn\'t mine,\' said the Pigeon had finished. \'As if it began ordering people about like mad things all this grand procession, came THE KING AND QUEEN OF HEARTS. Alice was thoroughly puzzled. \'Does the boots and shoes!\' she repeated in a bit.\' \'Perhaps it doesn\'t understand English,\' thought Alice; \'I must be getting home; the night-air doesn\'t suit my throat!\' and a piece of it had come back with the Mouse replied rather crossly: \'of course you know why it\'s called a whiting?\' \'I never was so full of the singers in the prisoner\'s handwriting?\' asked another of the Lizard\'s slate-pencil, and the second.</p>','5833 Gregory Drives Apt. 570\nNorth Kamille, HI 72299-8872'),('vi',17,'Maia Resort','Cumque quisquam ut ut qui. Vel quas cum tenetur qui. Occaecati molestiae quo dolor aspernatur. Aperiam nulla eum ea et sed.','<p>Was kindly permitted to pocket the spoon: While the Duchess said in a more subdued tone, and added \'It isn\'t mine,\' said the Cat: \'we\'re all mad here. I\'m mad. You\'re mad.\' \'How do you like the three gardeners instantly jumped up, and began to say than his first remark, \'It was the only one way of expressing yourself.\' The baby grunted again, and Alice guessed in a hoarse growl, \'the world would go through,\' thought poor Alice, who was gently brushing away some dead leaves that lay far below her. \'What CAN all that stuff,\' the Mock Turtle with a yelp of delight, which changed into alarm in another minute the whole place around her became alive with the time,\' she said, \'and see whether it\'s marked \"poison\" or not\'; for she had drunk half the bottle, saying to herself \'Now I can remember feeling a little more conversation with her arms round it as to prevent its undoing itself,) she carried it off. \'If everybody minded their own business,\' the Duchess by this time). \'Don\'t grunt,\'.</p><p class=\"text-center\"><img src=\"http://localhost/storage/properties/p-4-400xauto.jpg\"></p><p>Alice, feeling very curious thing, and longed to change the subject. \'Go on with the time,\' she said to live. \'I\'ve seen a cat without a cat! It\'s the most curious thing I ever saw in my kitchen AT ALL. Soup does very well without--Maybe it\'s always pepper that makes them bitter--and--and barley-sugar and such things that make children sweet-tempered. I only wish they WOULD put their heads down and began singing in its hurry to change them--\' when she turned away. \'Come back!\' the Caterpillar.</p><p class=\"text-center\"><img src=\"http://localhost/storage/properties/p-10-400xauto.jpg\"></p><p>This was not going to dive in among the leaves, which she had accidentally upset the milk-jug into his cup of tea, and looked very anxiously into her eyes; and once she remembered how small she was losing her temper. \'Are you content now?\' said the March Hare said to a day-school, too,\' said Alice; \'you needn\'t be so easily offended!\' \'You\'ll get used to read fairy-tales, I fancied that kind of serpent, that\'s all I can kick a little!\' She drew her foot as far down the chimney!\' \'Oh! So Bill\'s got the other--Bill! fetch it here, lad!--Here, put \'em up at this moment Alice felt dreadfully puzzled. The Hatter\'s remark seemed to have been changed for Mabel! I\'ll try if I chose,\' the Duchess asked, with another hedgehog, which seemed to be told so. \'It\'s really dreadful,\' she muttered to herself, in a melancholy way, being quite unable to move. She soon got it out again, and put it more clearly,\' Alice replied in a loud, indignant voice, but she added, \'and the moral of that is--\"Oh.</p><p class=\"text-center\"><img src=\"http://localhost/storage/properties/p-20-400xauto.jpg\"></p><p>March Hare. \'Yes, please do!\' pleaded Alice. \'And be quick about it,\' said the Lory, who at last in the window, and one foot to the cur, \"Such a trial, dear Sir, With no jury or judge, would be QUITE as much as she went on in the pictures of him), while the Mouse heard this, it turned round and look up and say \"How doth the little door: but, alas! the little golden key and hurried off at once: one old Magpie began wrapping itself up and down, and the fall was over. Alice was just in time to hear it say, as it happens; and if the Queen in front of the others took the regular course.\' \'What was THAT like?\' said Alice. \'Who\'s making personal remarks now?\' the Hatter grumbled: \'you shouldn\'t have put it into his plate. Alice did not quite sure whether it was very like having a game of croquet she was as steady as ever; Yet you balanced an eel on the song, \'I\'d have said to Alice; and Alice was too much pepper in that case I can do without lobsters, you know. But do cats eat bats?\' and.</p>','84618 Borer Haven\nPort Jairo, SC 41711');
/*!40000 ALTER TABLE `re_properties_translations` ENABLE KEYS */;
UNLOCK TABLES;

--
-- Table structure for table `re_property_features`
--

DROP TABLE IF EXISTS `re_property_features`;
/*!40101 SET @saved_cs_client     = @@character_set_client */;
/*!50503 SET character_set_client = utf8mb4 */;
CREATE TABLE `re_property_features` (
  `property_id` int(10) unsigned NOT NULL,
  `feature_id` int(10) unsigned NOT NULL
) ENGINE=InnoDB DEFAULT CHARSET=utf8mb4 COLLATE=utf8mb4_unicode_ci;
/*!40101 SET character_set_client = @saved_cs_client */;

--
-- Dumping data for table `re_property_features`
--

LOCK TABLES `re_property_features` WRITE;
/*!40000 ALTER TABLE `re_property_features` DISABLE KEYS */;
INSERT INTO `re_property_features` VALUES (1,1),(6,2),(10,4),(15,5),(1,10),(2,5),(2,8),(3,4),(3,5),(4,3),(4,7),(5,2),(5,11),(6,5),(7,1),(7,7),(8,1),(8,6),(9,4),(9,6),(10,5),(11,2),(11,11),(12,4),(12,6),(13,1),(13,6),(14,4),(14,9),(15,2),(16,4),(16,8),(17,2),(17,9);
/*!40000 ALTER TABLE `re_property_features` ENABLE KEYS */;
UNLOCK TABLES;

--
-- Table structure for table `re_property_types`
--

DROP TABLE IF EXISTS `re_property_types`;
/*!40101 SET @saved_cs_client     = @@character_set_client */;
/*!50503 SET character_set_client = utf8mb4 */;
CREATE TABLE `re_property_types` (
  `id` bigint(20) unsigned NOT NULL AUTO_INCREMENT,
  `name` varchar(120) COLLATE utf8mb4_unicode_ci NOT NULL,
  `slug` varchar(60) COLLATE utf8mb4_unicode_ci NOT NULL,
  `order` int(10) unsigned NOT NULL DEFAULT '0',
  `code` varchar(60) COLLATE utf8mb4_unicode_ci DEFAULT NULL,
  PRIMARY KEY (`id`)
) ENGINE=InnoDB AUTO_INCREMENT=3 DEFAULT CHARSET=utf8mb4 COLLATE=utf8mb4_unicode_ci;
/*!40101 SET character_set_client = @saved_cs_client */;

--
-- Dumping data for table `re_property_types`
--

LOCK TABLES `re_property_types` WRITE;
/*!40000 ALTER TABLE `re_property_types` DISABLE KEYS */;
INSERT INTO `re_property_types` VALUES (1,'For Sale','sale',0,'sale'),(2,'For Rent','rent',1,'rent');
/*!40000 ALTER TABLE `re_property_types` ENABLE KEYS */;
UNLOCK TABLES;

--
-- Table structure for table `re_property_types_translations`
--

DROP TABLE IF EXISTS `re_property_types_translations`;
/*!40101 SET @saved_cs_client     = @@character_set_client */;
/*!50503 SET character_set_client = utf8mb4 */;
CREATE TABLE `re_property_types_translations` (
  `lang_code` varchar(191) COLLATE utf8mb4_unicode_ci NOT NULL,
  `re_property_types_id` int(11) NOT NULL,
  `name` varchar(255) COLLATE utf8mb4_unicode_ci DEFAULT NULL,
  `slug` varchar(60) COLLATE utf8mb4_unicode_ci NOT NULL,
  PRIMARY KEY (`lang_code`,`re_property_types_id`)
) ENGINE=InnoDB DEFAULT CHARSET=utf8mb4 COLLATE=utf8mb4_unicode_ci;
/*!40101 SET character_set_client = @saved_cs_client */;

--
-- Dumping data for table `re_property_types_translations`
--

LOCK TABLES `re_property_types_translations` WRITE;
/*!40000 ALTER TABLE `re_property_types_translations` DISABLE KEYS */;
INSERT INTO `re_property_types_translations` VALUES ('vi',1,'Mua bán','mua-ban'),('vi',2,'Cho thuê','cho-thue');
/*!40000 ALTER TABLE `re_property_types_translations` ENABLE KEYS */;
UNLOCK TABLES;

--
-- Table structure for table `re_reviews`
--

DROP TABLE IF EXISTS `re_reviews`;
/*!40101 SET @saved_cs_client     = @@character_set_client */;
/*!50503 SET character_set_client = utf8mb4 */;
CREATE TABLE `re_reviews` (
  `id` bigint(20) unsigned NOT NULL AUTO_INCREMENT,
  `account_id` int(10) unsigned NOT NULL,
  `reviewable_id` int(10) unsigned NOT NULL,
  `reviewable_type` varchar(191) COLLATE utf8mb4_unicode_ci NOT NULL,
  `star` double(8,2) NOT NULL,
  `comment` text COLLATE utf8mb4_unicode_ci NOT NULL,
  `status` varchar(60) COLLATE utf8mb4_unicode_ci NOT NULL DEFAULT 'published',
  `created_at` timestamp NULL DEFAULT NULL,
  `updated_at` timestamp NULL DEFAULT NULL,
  PRIMARY KEY (`id`)
) ENGINE=InnoDB AUTO_INCREMENT=80 DEFAULT CHARSET=utf8mb4 COLLATE=utf8mb4_unicode_ci;
/*!40101 SET character_set_client = @saved_cs_client */;

--
-- Dumping data for table `re_reviews`
--

LOCK TABLES `re_reviews` WRITE;
/*!40000 ALTER TABLE `re_reviews` DISABLE KEYS */;
INSERT INTO `re_reviews` VALUES (1,3,1,'Botble\\RealEstate\\Models\\Property',2.50,'Ducimus dolorum eligendi temporibus nesciunt voluptatem inventore et. Porro repudiandae dicta consequatur dolores.','published','2022-01-19 07:36:16','2022-01-19 07:36:16'),(2,10,1,'Botble\\RealEstate\\Models\\Property',3.25,'Laboriosam quia aut et soluta laborum velit praesentium. Ut dicta recusandae rerum ut suscipit dolorem.','published','2022-01-19 07:36:16','2022-01-19 07:36:16'),(3,8,1,'Botble\\RealEstate\\Models\\Property',4.50,'Asperiores delectus omnis iste libero soluta autem voluptatem sit. Soluta aut omnis occaecati. Unde ducimus rerum quia delectus ut ipsa.','published','2022-01-19 07:36:16','2022-01-19 07:36:16'),(4,6,1,'Botble\\RealEstate\\Models\\Property',2.75,'Repellat maiores fugit eum. Sed corrupti aliquid hic odio corporis. Blanditiis earum sit omnis fuga. Tempora corporis hic totam odio illo.','published','2022-01-19 07:36:16','2022-01-19 07:36:16'),(5,6,1,'Botble\\RealEstate\\Models\\Property',3.25,'Consequuntur voluptatem et eum totam. Quam eaque sit voluptatum ut qui qui. Dolor magni consectetur est dolores dolores dolor.','published','2022-01-19 07:36:16','2022-01-19 07:36:16'),(6,7,2,'Botble\\RealEstate\\Models\\Property',3.50,'Quae est quibusdam accusantium. Adipisci nostrum in inventore possimus. Et provident et cumque rerum.','published','2022-01-19 07:36:16','2022-01-19 07:36:16'),(7,2,2,'Botble\\RealEstate\\Models\\Property',2.50,'Beatae ex molestiae rem consectetur sunt est veritatis. Est possimus provident enim sed itaque. Minima debitis explicabo tempore.','published','2022-01-19 07:36:17','2022-01-19 07:36:17'),(8,10,2,'Botble\\RealEstate\\Models\\Property',2.75,'Aliquid culpa nemo cumque sint praesentium. Veritatis id vero praesentium. Facere est eaque dolor aliquid iure.','published','2022-01-19 07:36:17','2022-01-19 07:36:17'),(9,3,2,'Botble\\RealEstate\\Models\\Property',3.00,'Vitae sapiente dicta omnis veritatis aut a veniam. Incidunt amet vero adipisci ducimus.','published','2022-01-19 07:36:17','2022-01-19 07:36:17'),(10,4,3,'Botble\\RealEstate\\Models\\Property',2.25,'Veniam est harum ipsum at. Est ea ea fugit est dolor. Nostrum distinctio pariatur voluptas et. Porro assumenda est quam ea perferendis iure.','published','2022-01-19 07:36:17','2022-01-19 07:36:17'),(11,3,3,'Botble\\RealEstate\\Models\\Property',3.00,'Quis similique quis ipsam minus. Voluptates quos alias eaque sunt provident laboriosam. In dolores et delectus unde.','published','2022-01-19 07:36:17','2022-01-19 07:36:17'),(12,10,3,'Botble\\RealEstate\\Models\\Property',2.50,'Qui reiciendis quo nihil quia doloribus doloremque. Cumque quae et quaerat et quia voluptates non.','published','2022-01-19 07:36:17','2022-01-19 07:36:17'),(13,2,3,'Botble\\RealEstate\\Models\\Property',3.25,'Ad sunt beatae atque deserunt culpa. Harum molestias architecto eligendi fuga. Ut quia voluptas mollitia a ut totam.','published','2022-01-19 07:36:17','2022-01-19 07:36:17'),(14,6,3,'Botble\\RealEstate\\Models\\Property',4.50,'Sint odio neque similique doloribus porro aliquam pariatur. Qui voluptatum suscipit quos molestiae. Magnam rerum laboriosam voluptatem non fugiat.','published','2022-01-19 07:36:17','2022-01-19 07:36:17'),(15,11,4,'Botble\\RealEstate\\Models\\Property',3.00,'Pariatur eligendi et est. Autem perspiciatis mollitia qui. Et placeat sed temporibus voluptatem aliquid harum dolor quia.','published','2022-01-19 07:36:17','2022-01-19 07:36:17'),(16,10,4,'Botble\\RealEstate\\Models\\Property',4.00,'Similique reprehenderit commodi ipsum ipsa voluptatem. Id facere earum ea optio eos enim.','published','2022-01-19 07:36:17','2022-01-19 07:36:17'),(17,4,4,'Botble\\RealEstate\\Models\\Property',3.75,'Ut fuga quis omnis quia porro. Praesentium explicabo laboriosam enim eos. Nobis sunt itaque non et eius aspernatur sit tempora.','published','2022-01-19 07:36:17','2022-01-19 07:36:17'),(18,4,4,'Botble\\RealEstate\\Models\\Property',3.00,'Magnam distinctio sed earum vitae corrupti. Neque ipsa temporibus ducimus repellat consequatur molestiae vitae distinctio. Totam quo eaque omnis.','published','2022-01-19 07:36:18','2022-01-19 07:36:18'),(19,4,5,'Botble\\RealEstate\\Models\\Property',3.00,'Quas autem velit non unde officia facilis eligendi assumenda. Velit ducimus error ipsum sit earum ab. Voluptatibus aut vero dolore culpa.','published','2022-01-19 07:36:18','2022-01-19 07:36:18'),(20,9,5,'Botble\\RealEstate\\Models\\Property',3.75,'Omnis quod consequatur odit rerum suscipit molestiae. Quisquam dolorum nostrum atque voluptatem nulla dicta. Nam aut dolore et dolores numquam illo.','published','2022-01-19 07:36:18','2022-01-19 07:36:18'),(21,4,5,'Botble\\RealEstate\\Models\\Property',3.75,'Excepturi illum et ullam non ab quibusdam sapiente eius. Aut omnis sit veritatis pariatur. Inventore quo velit consequuntur voluptatem.','published','2022-01-19 07:36:18','2022-01-19 07:36:18'),(22,9,5,'Botble\\RealEstate\\Models\\Property',4.50,'Harum corrupti quia labore sequi. Iusto hic quia nihil molestiae pariatur ad. Consequatur maiores nihil est tenetur est est ut.','published','2022-01-19 07:36:18','2022-01-19 07:36:18'),(23,4,5,'Botble\\RealEstate\\Models\\Property',3.25,'Vel facere eum quibusdam eveniet eos sint. Accusamus officia voluptate pariatur tempora voluptas quos.','published','2022-01-19 07:36:18','2022-01-19 07:36:18'),(24,3,6,'Botble\\RealEstate\\Models\\Property',2.75,'Neque ipsum aperiam eos excepturi optio enim neque. Ea quam ex ratione nihil aut explicabo aut. In facere velit quia est.','published','2022-01-19 07:36:18','2022-01-19 07:36:18'),(25,11,6,'Botble\\RealEstate\\Models\\Property',3.00,'Aut asperiores at illum tenetur delectus. Ut voluptatem aut fuga aspernatur non.','published','2022-01-19 07:36:18','2022-01-19 07:36:18'),(26,5,6,'Botble\\RealEstate\\Models\\Property',3.75,'Praesentium repellendus doloribus qui autem. Fuga ut quis ut eius. Rerum tenetur et adipisci animi quo expedita omnis.','published','2022-01-19 07:36:18','2022-01-19 07:36:18'),(27,7,6,'Botble\\RealEstate\\Models\\Property',2.00,'Quo sit molestiae voluptates placeat provident incidunt. Aut rerum est aut odio voluptas.','published','2022-01-19 07:36:18','2022-01-19 07:36:18'),(28,4,6,'Botble\\RealEstate\\Models\\Property',2.75,'Molestiae laborum aut est laboriosam sit. Minima fuga consequatur qui minus et ut perferendis.','published','2022-01-19 07:36:18','2022-01-19 07:36:18'),(29,8,7,'Botble\\RealEstate\\Models\\Property',2.50,'Ut a expedita ipsam ut quae non. Necessitatibus praesentium voluptas ut inventore rerum ut.','published','2022-01-19 07:36:18','2022-01-19 07:36:18'),(30,6,7,'Botble\\RealEstate\\Models\\Property',3.00,'Repellendus velit voluptatem et perferendis ut. Modi dolorum porro et distinctio recusandae perspiciatis itaque.','published','2022-01-19 07:36:19','2022-01-19 07:36:19'),(31,1,7,'Botble\\RealEstate\\Models\\Property',3.25,'Quae assumenda sed pariatur quidem dolor quo. Facilis nisi recusandae et. Et soluta et eveniet quo illum at.','published','2022-01-19 07:36:19','2022-01-19 07:36:19'),(32,3,7,'Botble\\RealEstate\\Models\\Property',3.75,'Unde est suscipit ipsa atque. Consequatur expedita quam quos repellat ad. Voluptatem minima unde fugit deleniti deserunt aliquid dolore.','published','2022-01-19 07:36:19','2022-01-19 07:36:19'),(33,9,7,'Botble\\RealEstate\\Models\\Property',3.50,'Aut molestiae aliquam nihil aut impedit saepe. Itaque velit est maxime aut eum quos vitae quisquam. Dolorum et animi ullam quod.','published','2022-01-19 07:36:19','2022-01-19 07:36:19'),(34,1,8,'Botble\\RealEstate\\Models\\Property',3.25,'Vel sint assumenda temporibus quibusdam aut. Eaque ut ut facilis. Sed consequuntur optio cupiditate autem.','published','2022-01-19 07:36:19','2022-01-19 07:36:19'),(35,1,8,'Botble\\RealEstate\\Models\\Property',3.00,'Libero unde voluptate explicabo quis laborum. Quia sit rem impedit cupiditate quod sed. Eum ut ducimus deserunt et eos expedita sed.','published','2022-01-19 07:36:19','2022-01-19 07:36:19'),(36,9,8,'Botble\\RealEstate\\Models\\Property',2.50,'Quo quasi sunt sit earum asperiores voluptate est. At voluptatum minima eos voluptatum quaerat aut qui sed.','published','2022-01-19 07:36:19','2022-01-19 07:36:19'),(37,5,8,'Botble\\RealEstate\\Models\\Property',2.75,'Sunt quod omnis excepturi animi. Corrupti quibusdam eum molestiae officia et corporis. Sint odio ut beatae itaque aliquid omnis explicabo.','published','2022-01-19 07:36:19','2022-01-19 07:36:19'),(38,6,9,'Botble\\RealEstate\\Models\\Property',2.75,'Tenetur ea aliquam eos architecto tenetur. Maxime cumque repellendus et nobis quo voluptatem. Modi totam soluta sunt magni.','published','2022-01-19 07:36:19','2022-01-19 07:36:19'),(39,8,9,'Botble\\RealEstate\\Models\\Property',2.50,'Illum sed fugiat eum magnam et. Ut odio non sed accusamus aut nostrum. Doloribus est dolor aliquid eos.','published','2022-01-19 07:36:19','2022-01-19 07:36:19'),(40,7,9,'Botble\\RealEstate\\Models\\Property',3.25,'Nobis voluptatum commodi qui sed ipsam aut a nobis. Praesentium ex aut ut ad et. Eum incidunt incidunt corrupti voluptas qui.','published','2022-01-19 07:36:19','2022-01-19 07:36:19'),(41,3,9,'Botble\\RealEstate\\Models\\Property',3.00,'Nesciunt in labore et explicabo. Quam fugiat a voluptatum voluptatem dolorem. Dolorem et sunt incidunt aut. Laboriosam quibusdam sed corporis.','published','2022-01-19 07:36:19','2022-01-19 07:36:19'),(42,3,9,'Botble\\RealEstate\\Models\\Property',4.00,'Nam adipisci aut aliquid soluta quia quos velit. Commodi nesciunt officia sed voluptatem consequatur ipsam. Sit velit illum quo dolore.','published','2022-01-19 07:36:20','2022-01-19 07:36:20'),(43,2,10,'Botble\\RealEstate\\Models\\Property',3.50,'Sequi omnis debitis quia facilis itaque natus. Quidem neque qui tenetur in voluptas animi perferendis. Molestiae quasi modi saepe atque quia et.','published','2022-01-19 07:36:20','2022-01-19 07:36:20'),(44,7,10,'Botble\\RealEstate\\Models\\Property',3.25,'Fugit reiciendis quisquam eveniet veniam eligendi dolor enim. Est sequi saepe rerum adipisci a natus. Ex dolores cum et culpa maiores.','published','2022-01-19 07:36:20','2022-01-19 07:36:20'),(45,3,10,'Botble\\RealEstate\\Models\\Property',2.50,'Voluptates reprehenderit vel earum vel nostrum molestias. Eos ullam est totam reprehenderit. Recusandae natus dicta porro sed.','published','2022-01-19 07:36:20','2022-01-19 07:36:20'),(46,6,10,'Botble\\RealEstate\\Models\\Property',3.00,'Non consectetur minus eos veniam. Quos et dolorem quo voluptatem eum eum sapiente. Sed aperiam architecto autem autem ipsam aut.','published','2022-01-19 07:36:20','2022-01-19 07:36:20'),(47,2,11,'Botble\\RealEstate\\Models\\Property',2.75,'Eveniet officia doloribus magnam sint ea culpa. Aut consectetur ea dolore tempora deleniti aperiam accusantium dolorum.','published','2022-01-19 07:36:20','2022-01-19 07:36:20'),(48,4,11,'Botble\\RealEstate\\Models\\Property',3.25,'Dolor et est voluptas possimus. Nulla reiciendis assumenda rerum ut velit autem quod illo. Ab sint dolorem fugit et.','published','2022-01-19 07:36:20','2022-01-19 07:36:20'),(49,10,11,'Botble\\RealEstate\\Models\\Property',2.75,'Vitae nihil sed adipisci et eos. Numquam repudiandae pariatur et et perferendis rerum magni. Aut eveniet quidem nihil libero iusto tempore.','published','2022-01-19 07:36:20','2022-01-19 07:36:20'),(50,10,11,'Botble\\RealEstate\\Models\\Property',2.50,'Rerum autem est et molestiae quisquam illo voluptatem. Dignissimos quasi hic nesciunt. Soluta nemo excepturi suscipit.','published','2022-01-19 07:36:20','2022-01-19 07:36:20'),(51,11,11,'Botble\\RealEstate\\Models\\Property',3.25,'Fugit eligendi rerum cumque officiis asperiores. Beatae est autem sed non ipsa et. Eveniet illum aut ut omnis quaerat sunt.','published','2022-01-19 07:36:21','2022-01-19 07:36:21'),(52,5,11,'Botble\\RealEstate\\Models\\Property',3.00,'Pariatur ab totam officia harum. Distinctio omnis laborum dolore in. Eaque autem in consequatur aut neque ducimus laborum.','published','2022-01-19 07:36:21','2022-01-19 07:36:21'),(53,8,12,'Botble\\RealEstate\\Models\\Property',2.75,'Consequatur harum non harum possimus maxime corporis provident. Quae deserunt et iste nam ad aut.','published','2022-01-19 07:36:21','2022-01-19 07:36:21'),(54,5,12,'Botble\\RealEstate\\Models\\Property',4.50,'Non dicta nostrum odio quidem magni. In et eveniet iure doloremque. Voluptates eius nobis est in.','published','2022-01-19 07:36:21','2022-01-19 07:36:21'),(55,3,12,'Botble\\RealEstate\\Models\\Property',2.50,'Et molestiae enim et architecto. Sed rerum quod aspernatur voluptas ipsa ut. Iure ut praesentium itaque molestiae adipisci accusamus.','published','2022-01-19 07:36:21','2022-01-19 07:36:21'),(56,9,12,'Botble\\RealEstate\\Models\\Property',2.25,'Et molestiae provident praesentium ut sit debitis. Dolorem ipsa molestias et quam. Illo beatae officia eius hic et deserunt.','published','2022-01-19 07:36:21','2022-01-19 07:36:21'),(57,7,13,'Botble\\RealEstate\\Models\\Property',3.75,'Dolor provident illo qui omnis et. Voluptas occaecati dolorem distinctio expedita nobis ut libero. Sint similique est quaerat facere nesciunt.','published','2022-01-19 07:36:21','2022-01-19 07:36:21'),(58,9,13,'Botble\\RealEstate\\Models\\Property',1.50,'Occaecati enim aut quia aliquid. Minima et molestiae alias nemo rem. Recusandae non consequatur iste qui. Similique architecto et ut quam quam.','published','2022-01-19 07:36:21','2022-01-19 07:36:21'),(59,9,13,'Botble\\RealEstate\\Models\\Property',4.75,'Qui suscipit libero tempore consequatur a. Beatae illo nihil vel illum. Accusantium autem deserunt quibusdam qui sequi eaque.','published','2022-01-19 07:36:21','2022-01-19 07:36:21'),(60,11,13,'Botble\\RealEstate\\Models\\Property',3.00,'Rem quisquam consequuntur vitae iusto voluptatem voluptatem. Id et beatae occaecati quia modi autem. Alias maxime et ex dolorem sed ipsam.','published','2022-01-19 07:36:21','2022-01-19 07:36:21'),(61,4,14,'Botble\\RealEstate\\Models\\Property',4.50,'Ut voluptas rem adipisci rerum. Sint debitis aut enim magni. Dolorum laborum molestiae consequuntur.','published','2022-01-19 07:36:21','2022-01-19 07:36:21'),(62,1,14,'Botble\\RealEstate\\Models\\Property',2.00,'Perspiciatis reprehenderit nemo qui omnis est ut dolorum. Consequatur et excepturi dicta dolores sint natus.','published','2022-01-19 07:36:21','2022-01-19 07:36:21'),(63,11,14,'Botble\\RealEstate\\Models\\Property',3.00,'Tenetur ut totam voluptatem quia. Dolores et ea vero fuga sint. Nam vel suscipit aut labore qui.','published','2022-01-19 07:36:22','2022-01-19 07:36:22'),(64,9,15,'Botble\\RealEstate\\Models\\Property',2.25,'Similique quia tempora eum illum qui mollitia. Nesciunt sed laudantium illo est.','published','2022-01-19 07:36:22','2022-01-19 07:36:22'),(65,10,15,'Botble\\RealEstate\\Models\\Property',2.00,'Voluptates et in modi dignissimos vitae dolor. Et repellendus iste dicta quibusdam. Placeat ea minima illo et eaque.','published','2022-01-19 07:36:22','2022-01-19 07:36:22'),(66,10,15,'Botble\\RealEstate\\Models\\Property',2.00,'Similique facilis mollitia possimus enim. Aut ut ducimus adipisci et suscipit quidem id ipsam.','published','2022-01-19 07:36:22','2022-01-19 07:36:22'),(67,9,15,'Botble\\RealEstate\\Models\\Property',2.25,'Nisi dolorem dolorem voluptatem quos. Eaque atque dolores aut expedita quo sed at aut. Nostrum reiciendis commodi facilis quia quo aut.','published','2022-01-19 07:36:22','2022-01-19 07:36:22'),(68,2,15,'Botble\\RealEstate\\Models\\Property',3.25,'Ea explicabo voluptas libero et excepturi. Totam commodi porro praesentium distinctio harum nemo nulla debitis.','published','2022-01-19 07:36:22','2022-01-19 07:36:22'),(69,11,15,'Botble\\RealEstate\\Models\\Property',2.50,'Officiis tempore eveniet voluptas numquam omnis qui. Nihil error modi perferendis iusto dolores nam.','published','2022-01-19 07:36:22','2022-01-19 07:36:22'),(70,1,16,'Botble\\RealEstate\\Models\\Property',4.00,'Ad assumenda vel qui ipsa error. Nulla fugiat assumenda voluptas possimus neque. Id aliquam neque corporis sint ut optio.','published','2022-01-19 07:36:22','2022-01-19 07:36:22'),(71,10,16,'Botble\\RealEstate\\Models\\Property',2.50,'Similique occaecati cumque sed. Sint corporis consequatur et aut dolorem rerum. Et soluta fugit eligendi beatae. Eaque id ratione fuga similique.','published','2022-01-19 07:36:22','2022-01-19 07:36:22'),(72,6,16,'Botble\\RealEstate\\Models\\Property',2.00,'Quos aut commodi eligendi animi quibusdam enim. Et ratione alias numquam est voluptas. Delectus illum vel voluptatem ipsa maiores.','published','2022-01-19 07:36:22','2022-01-19 07:36:22'),(73,5,16,'Botble\\RealEstate\\Models\\Property',2.50,'Autem hic blanditiis asperiores distinctio. Voluptatibus ea et unde. Impedit et corrupti sed pariatur. Impedit quisquam excepturi ut quae.','published','2022-01-19 07:36:22','2022-01-19 07:36:22'),(74,4,16,'Botble\\RealEstate\\Models\\Property',2.75,'Eum consequuntur voluptates quis architecto cumque quia. Similique corporis et ad veniam est rerum repellendus. Tenetur ut hic maiores repudiandae.','published','2022-01-19 07:36:22','2022-01-19 07:36:22'),(75,10,17,'Botble\\RealEstate\\Models\\Property',2.50,'Ab provident consequatur impedit. Tempore molestiae ut rerum iure laboriosam sunt. Tenetur velit aliquam pariatur et aliquid inventore.','published','2022-01-19 07:36:23','2022-01-19 07:36:23'),(76,4,17,'Botble\\RealEstate\\Models\\Property',2.50,'Voluptas harum eveniet minus quia. Eveniet optio quisquam sed omnis quae. Qui et quo ut fugiat dolores expedita dolor.','published','2022-01-19 07:36:23','2022-01-19 07:36:23'),(77,7,17,'Botble\\RealEstate\\Models\\Property',1.75,'Omnis suscipit et et consequuntur. Voluptatem ut harum et est veritatis. Dolor nobis a qui quasi.','published','2022-01-19 07:36:23','2022-01-19 07:36:23'),(78,3,17,'Botble\\RealEstate\\Models\\Property',2.75,'Perspiciatis quae repellendus fugiat commodi. Cum dolores veritatis et cum libero quasi ut fugit.','published','2022-01-19 07:36:23','2022-01-19 07:36:23'),(79,4,17,'Botble\\RealEstate\\Models\\Property',2.25,'Labore aliquam unde enim voluptas dolore. Voluptatum modi qui sint illo sunt velit consequatur.','published','2022-01-19 07:36:23','2022-01-19 07:36:23');
/*!40000 ALTER TABLE `re_reviews` ENABLE KEYS */;
UNLOCK TABLES;

--
-- Table structure for table `re_reviews_meta`
--

DROP TABLE IF EXISTS `re_reviews_meta`;
/*!40101 SET @saved_cs_client     = @@character_set_client */;
/*!50503 SET character_set_client = utf8mb4 */;
CREATE TABLE `re_reviews_meta` (
  `id` bigint(20) unsigned NOT NULL AUTO_INCREMENT,
  `key` varchar(191) COLLATE utf8mb4_unicode_ci DEFAULT NULL,
  `value` varchar(191) COLLATE utf8mb4_unicode_ci DEFAULT NULL,
  `review_id` int(10) unsigned NOT NULL,
  PRIMARY KEY (`id`),
  KEY `re_reviews_meta_review_id_index` (`review_id`)
) ENGINE=InnoDB AUTO_INCREMENT=317 DEFAULT CHARSET=utf8mb4 COLLATE=utf8mb4_unicode_ci;
/*!40101 SET character_set_client = @saved_cs_client */;

--
-- Dumping data for table `re_reviews_meta`
--

LOCK TABLES `re_reviews_meta` WRITE;
/*!40000 ALTER TABLE `re_reviews_meta` DISABLE KEYS */;
INSERT INTO `re_reviews_meta` VALUES (1,'service','1',1),(2,'value','1',1),(3,'location','5',1),(4,'cleanliness','3',1),(5,'service','5',2),(6,'value','4',2),(7,'location','3',2),(8,'cleanliness','1',2),(9,'service','4',3),(10,'value','5',3),(11,'location','4',3),(12,'cleanliness','5',3),(13,'service','2',4),(14,'value','3',4),(15,'location','2',4),(16,'cleanliness','4',4),(17,'service','5',5),(18,'value','1',5),(19,'location','5',5),(20,'cleanliness','2',5),(21,'service','5',6),(22,'value','2',6),(23,'location','5',6),(24,'cleanliness','2',6),(25,'service','3',7),(26,'value','1',7),(27,'location','5',7),(28,'cleanliness','1',7),(29,'service','2',8),(30,'value','4',8),(31,'location','1',8),(32,'cleanliness','4',8),(33,'service','3',9),(34,'value','3',9),(35,'location','1',9),(36,'cleanliness','5',9),(37,'service','2',10),(38,'value','2',10),(39,'location','3',10),(40,'cleanliness','2',10),(41,'service','4',11),(42,'value','1',11),(43,'location','4',11),(44,'cleanliness','3',11),(45,'service','3',12),(46,'value','1',12),(47,'location','4',12),(48,'cleanliness','2',12),(49,'service','3',13),(50,'value','4',13),(51,'location','1',13),(52,'cleanliness','5',13),(53,'service','3',14),(54,'value','5',14),(55,'location','5',14),(56,'cleanliness','5',14),(57,'service','3',15),(58,'value','4',15),(59,'location','4',15),(60,'cleanliness','1',15),(61,'service','4',16),(62,'value','4',16),(63,'location','3',16),(64,'cleanliness','5',16),(65,'service','4',17),(66,'value','2',17),(67,'location','4',17),(68,'cleanliness','5',17),(69,'service','2',18),(70,'value','1',18),(71,'location','4',18),(72,'cleanliness','5',18),(73,'service','5',19),(74,'value','1',19),(75,'location','2',19),(76,'cleanliness','4',19),(77,'service','3',20),(78,'value','3',20),(79,'location','4',20),(80,'cleanliness','5',20),(81,'service','5',21),(82,'value','5',21),(83,'location','3',21),(84,'cleanliness','2',21),(85,'service','5',22),(86,'value','4',22),(87,'location','4',22),(88,'cleanliness','5',22),(89,'service','4',23),(90,'value','3',23),(91,'location','2',23),(92,'cleanliness','4',23),(93,'service','5',24),(94,'value','2',24),(95,'location','2',24),(96,'cleanliness','2',24),(97,'service','5',25),(98,'value','1',25),(99,'location','5',25),(100,'cleanliness','1',25),(101,'service','4',26),(102,'value','4',26),(103,'location','4',26),(104,'cleanliness','3',26),(105,'service','1',27),(106,'value','4',27),(107,'location','1',27),(108,'cleanliness','2',27),(109,'service','1',28),(110,'value','2',28),(111,'location','4',28),(112,'cleanliness','4',28),(113,'service','3',29),(114,'value','4',29),(115,'location','2',29),(116,'cleanliness','1',29),(117,'service','4',30),(118,'value','3',30),(119,'location','4',30),(120,'cleanliness','1',30),(121,'service','1',31),(122,'value','3',31),(123,'location','4',31),(124,'cleanliness','5',31),(125,'service','4',32),(126,'value','2',32),(127,'location','5',32),(128,'cleanliness','4',32),(129,'service','4',33),(130,'value','1',33),(131,'location','4',33),(132,'cleanliness','5',33),(133,'service','5',34),(134,'value','2',34),(135,'location','3',34),(136,'cleanliness','3',34),(137,'service','5',35),(138,'value','1',35),(139,'location','2',35),(140,'cleanliness','4',35),(141,'service','2',36),(142,'value','2',36),(143,'location','4',36),(144,'cleanliness','2',36),(145,'service','5',37),(146,'value','3',37),(147,'location','2',37),(148,'cleanliness','1',37),(149,'service','2',38),(150,'value','2',38),(151,'location','5',38),(152,'cleanliness','2',38),(153,'service','1',39),(154,'value','5',39),(155,'location','3',39),(156,'cleanliness','1',39),(157,'service','5',40),(158,'value','2',40),(159,'location','3',40),(160,'cleanliness','3',40),(161,'service','3',41),(162,'value','2',41),(163,'location','3',41),(164,'cleanliness','4',41),(165,'service','5',42),(166,'value','5',42),(167,'location','3',42),(168,'cleanliness','3',42),(169,'service','2',43),(170,'value','3',43),(171,'location','5',43),(172,'cleanliness','4',43),(173,'service','1',44),(174,'value','4',44),(175,'location','3',44),(176,'cleanliness','5',44),(177,'service','2',45),(178,'value','2',45),(179,'location','5',45),(180,'cleanliness','1',45),(181,'service','5',46),(182,'value','5',46),(183,'location','1',46),(184,'cleanliness','1',46),(185,'service','2',47),(186,'value','3',47),(187,'location','4',47),(188,'cleanliness','2',47),(189,'service','4',48),(190,'value','1',48),(191,'location','4',48),(192,'cleanliness','4',48),(193,'service','5',49),(194,'value','1',49),(195,'location','2',49),(196,'cleanliness','3',49),(197,'service','2',50),(198,'value','1',50),(199,'location','5',50),(200,'cleanliness','2',50),(201,'service','5',51),(202,'value','2',51),(203,'location','2',51),(204,'cleanliness','4',51),(205,'service','3',52),(206,'value','3',52),(207,'location','2',52),(208,'cleanliness','4',52),(209,'service','1',53),(210,'value','4',53),(211,'location','5',53),(212,'cleanliness','1',53),(213,'service','4',54),(214,'value','5',54),(215,'location','4',54),(216,'cleanliness','5',54),(217,'service','5',55),(218,'value','1',55),(219,'location','1',55),(220,'cleanliness','3',55),(221,'service','1',56),(222,'value','3',56),(223,'location','1',56),(224,'cleanliness','4',56),(225,'service','4',57),(226,'value','3',57),(227,'location','5',57),(228,'cleanliness','3',57),(229,'service','1',58),(230,'value','1',58),(231,'location','3',58),(232,'cleanliness','1',58),(233,'service','5',59),(234,'value','5',59),(235,'location','4',59),(236,'cleanliness','5',59),(237,'service','4',60),(238,'value','2',60),(239,'location','1',60),(240,'cleanliness','5',60),(241,'service','5',61),(242,'value','4',61),(243,'location','4',61),(244,'cleanliness','5',61),(245,'service','4',62),(246,'value','2',62),(247,'location','1',62),(248,'cleanliness','1',62),(249,'service','1',63),(250,'value','4',63),(251,'location','4',63),(252,'cleanliness','3',63),(253,'service','1',64),(254,'value','1',64),(255,'location','3',64),(256,'cleanliness','4',64),(257,'service','2',65),(258,'value','4',65),(259,'location','1',65),(260,'cleanliness','1',65),(261,'service','1',66),(262,'value','1',66),(263,'location','4',66),(264,'cleanliness','2',66),(265,'service','1',67),(266,'value','4',67),(267,'location','1',67),(268,'cleanliness','3',67),(269,'service','5',68),(270,'value','3',68),(271,'location','1',68),(272,'cleanliness','4',68),(273,'service','2',69),(274,'value','1',69),(275,'location','5',69),(276,'cleanliness','2',69),(277,'service','3',70),(278,'value','4',70),(279,'location','4',70),(280,'cleanliness','5',70),(281,'service','3',71),(282,'value','4',71),(283,'location','1',71),(284,'cleanliness','2',71),(285,'service','1',72),(286,'value','2',72),(287,'location','2',72),(288,'cleanliness','3',72),(289,'service','4',73),(290,'value','1',73),(291,'location','1',73),(292,'cleanliness','4',73),(293,'service','3',74),(294,'value','4',74),(295,'location','2',74),(296,'cleanliness','2',74),(297,'service','4',75),(298,'value','3',75),(299,'location','2',75),(300,'cleanliness','1',75),(301,'service','4',76),(302,'value','2',76),(303,'location','3',76),(304,'cleanliness','1',76),(305,'service','1',77),(306,'value','3',77),(307,'location','2',77),(308,'cleanliness','1',77),(309,'service','1',78),(310,'value','4',78),(311,'location','3',78),(312,'cleanliness','3',78),(313,'service','3',79),(314,'value','3',79),(315,'location','2',79),(316,'cleanliness','1',79);
/*!40000 ALTER TABLE `re_reviews_meta` ENABLE KEYS */;
UNLOCK TABLES;

--
-- Table structure for table `re_transactions`
--

DROP TABLE IF EXISTS `re_transactions`;
/*!40101 SET @saved_cs_client     = @@character_set_client */;
/*!50503 SET character_set_client = utf8mb4 */;
CREATE TABLE `re_transactions` (
  `id` bigint(20) unsigned NOT NULL AUTO_INCREMENT,
  `credits` int(10) unsigned NOT NULL,
  `description` varchar(255) COLLATE utf8mb4_unicode_ci DEFAULT NULL,
  `user_id` bigint(20) unsigned DEFAULT NULL,
  `account_id` bigint(20) unsigned DEFAULT NULL,
  `type` varchar(191) COLLATE utf8mb4_unicode_ci NOT NULL DEFAULT 'add',
  `payment_id` int(10) unsigned DEFAULT NULL,
  `created_at` timestamp NULL DEFAULT NULL,
  `updated_at` timestamp NULL DEFAULT NULL,
  PRIMARY KEY (`id`)
) ENGINE=InnoDB DEFAULT CHARSET=utf8mb4 COLLATE=utf8mb4_unicode_ci;
/*!40101 SET character_set_client = @saved_cs_client */;

--
-- Dumping data for table `re_transactions`
--

LOCK TABLES `re_transactions` WRITE;
/*!40000 ALTER TABLE `re_transactions` DISABLE KEYS */;
/*!40000 ALTER TABLE `re_transactions` ENABLE KEYS */;
UNLOCK TABLES;

--
-- Table structure for table `revisions`
--

DROP TABLE IF EXISTS `revisions`;
/*!40101 SET @saved_cs_client     = @@character_set_client */;
/*!50503 SET character_set_client = utf8mb4 */;
CREATE TABLE `revisions` (
  `id` bigint(20) unsigned NOT NULL AUTO_INCREMENT,
  `revisionable_type` varchar(191) COLLATE utf8mb4_unicode_ci NOT NULL,
  `revisionable_id` int(11) NOT NULL,
  `user_id` int(11) DEFAULT NULL,
  `key` varchar(191) COLLATE utf8mb4_unicode_ci NOT NULL,
  `old_value` text COLLATE utf8mb4_unicode_ci,
  `new_value` text COLLATE utf8mb4_unicode_ci,
  `created_at` timestamp NULL DEFAULT NULL,
  `updated_at` timestamp NULL DEFAULT NULL,
  PRIMARY KEY (`id`),
  KEY `revisions_revisionable_id_revisionable_type_index` (`revisionable_id`,`revisionable_type`)
) ENGINE=InnoDB DEFAULT CHARSET=utf8mb4 COLLATE=utf8mb4_unicode_ci;
/*!40101 SET character_set_client = @saved_cs_client */;

--
-- Dumping data for table `revisions`
--

LOCK TABLES `revisions` WRITE;
/*!40000 ALTER TABLE `revisions` DISABLE KEYS */;
/*!40000 ALTER TABLE `revisions` ENABLE KEYS */;
UNLOCK TABLES;

--
-- Table structure for table `role_users`
--

DROP TABLE IF EXISTS `role_users`;
/*!40101 SET @saved_cs_client     = @@character_set_client */;
/*!50503 SET character_set_client = utf8mb4 */;
CREATE TABLE `role_users` (
  `id` bigint(20) unsigned NOT NULL AUTO_INCREMENT,
  `user_id` int(10) unsigned NOT NULL,
  `role_id` int(10) unsigned NOT NULL,
  `created_at` timestamp NULL DEFAULT NULL,
  `updated_at` timestamp NULL DEFAULT NULL,
  PRIMARY KEY (`id`),
  KEY `role_users_user_id_index` (`user_id`),
  KEY `role_users_role_id_index` (`role_id`)
) ENGINE=InnoDB DEFAULT CHARSET=utf8mb4 COLLATE=utf8mb4_unicode_ci;
/*!40101 SET character_set_client = @saved_cs_client */;

--
-- Dumping data for table `role_users`
--

LOCK TABLES `role_users` WRITE;
/*!40000 ALTER TABLE `role_users` DISABLE KEYS */;
/*!40000 ALTER TABLE `role_users` ENABLE KEYS */;
UNLOCK TABLES;

--
-- Table structure for table `roles`
--

DROP TABLE IF EXISTS `roles`;
/*!40101 SET @saved_cs_client     = @@character_set_client */;
/*!50503 SET character_set_client = utf8mb4 */;
CREATE TABLE `roles` (
  `id` bigint(20) unsigned NOT NULL AUTO_INCREMENT,
  `slug` varchar(120) COLLATE utf8mb4_unicode_ci NOT NULL,
  `name` varchar(120) COLLATE utf8mb4_unicode_ci NOT NULL,
  `permissions` text COLLATE utf8mb4_unicode_ci,
  `description` varchar(255) COLLATE utf8mb4_unicode_ci DEFAULT NULL,
  `is_default` tinyint(3) unsigned NOT NULL DEFAULT '0',
  `created_by` int(10) unsigned NOT NULL,
  `updated_by` int(10) unsigned NOT NULL,
  `created_at` timestamp NULL DEFAULT NULL,
  `updated_at` timestamp NULL DEFAULT NULL,
  PRIMARY KEY (`id`),
  UNIQUE KEY `roles_slug_unique` (`slug`),
  KEY `roles_created_by_index` (`created_by`),
  KEY `roles_updated_by_index` (`updated_by`)
) ENGINE=InnoDB DEFAULT CHARSET=utf8mb4 COLLATE=utf8mb4_unicode_ci;
/*!40101 SET character_set_client = @saved_cs_client */;

--
-- Dumping data for table `roles`
--

LOCK TABLES `roles` WRITE;
/*!40000 ALTER TABLE `roles` DISABLE KEYS */;
/*!40000 ALTER TABLE `roles` ENABLE KEYS */;
UNLOCK TABLES;

--
-- Table structure for table `settings`
--

DROP TABLE IF EXISTS `settings`;
/*!40101 SET @saved_cs_client     = @@character_set_client */;
/*!50503 SET character_set_client = utf8mb4 */;
CREATE TABLE `settings` (
  `id` bigint(20) unsigned NOT NULL AUTO_INCREMENT,
  `key` varchar(191) COLLATE utf8mb4_unicode_ci NOT NULL,
  `value` text COLLATE utf8mb4_unicode_ci,
  `created_at` timestamp NULL DEFAULT NULL,
  `updated_at` timestamp NULL DEFAULT NULL,
  PRIMARY KEY (`id`),
  UNIQUE KEY `settings_key_unique` (`key`)
) ENGINE=InnoDB AUTO_INCREMENT=174 DEFAULT CHARSET=utf8mb4 COLLATE=utf8mb4_unicode_ci;
/*!40101 SET character_set_client = @saved_cs_client */;

--
-- Dumping data for table `settings`
--

LOCK TABLES `settings` WRITE;
/*!40000 ALTER TABLE `settings` DISABLE KEYS */;
INSERT INTO `settings` VALUES (1,'activated_plugins','[\"language\",\"language-advanced\",\"analytics\",\"audit-log\",\"backup\",\"block\",\"blog\",\"captcha\",\"contact\",\"cookie-consent\",\"location\",\"newsletter\",\"payment\",\"paystack\",\"razorpay\",\"real-estate\",\"rss-feed\",\"simple-slider\",\"social-login\",\"sslcommerz\",\"testimonial\",\"translation\"]',NULL,NULL),(11,'payment_bank_transfer_status','1',NULL,NULL),(12,'payment_stripe_name','Pay online via Stripe',NULL,NULL),(13,'payment_stripe_description','Payment with Stripe',NULL,NULL),(14,'payment_stripe_client_id','pk_test_51JGbXaLmHOfJnFasFfg5ksgorTTlnnqt8RzdrT1qIjqg5sGcVK3fNWBZu1OZ84ndCI4fo0Bdm7TL1yLfiC6e7nF700hBjwxbKa',NULL,NULL),(15,'payment_stripe_secret','sk_test_51JGbXaLmHOfJnFasntP9rqE8wZ0qghWeMKcdlQphvMNo7C2sVaTFgRcjlnof8XVBRZspgVk7ctO62QlY10E8rHNT002pnOk3VI',NULL,NULL),(16,'payment_stripe_status','1',NULL,NULL),(17,'payment_paypal_name','Pay online via PayPal',NULL,NULL),(18,'payment_paypal_description','Payment with PayPal',NULL,NULL),(19,'payment_paypal_client_id','AZlbcwqaPAMIZ27JGOMRYrkWlMdvylKDgoNwS6rzww4_Q2naixJ9KwoOgDdhkwXBro7yTxKOV1hADDMO',NULL,NULL),(20,'payment_paypal_secret','EG7289O15aSq5bT_XLY0VhA0slkme6rlKTBp0Z1KyGY-cJoq7kPIxAvDbpVd8npd_-jBHcnYuMjF9CV3',NULL,NULL),(21,'payment_paypal_status','1',NULL,NULL),(22,'real_estate_square_unit','m²',NULL,NULL),(23,'real_estate_convert_money_to_text_enabled','1',NULL,NULL),(24,'real_estate_thousands_separator',',',NULL,NULL),(25,'real_estate_decimal_separator','.',NULL,NULL),(26,'real_estate_enabled_register','1',NULL,NULL),(27,'verify_account_email','1',NULL,NULL),(28,'permalink-botble-blog-models-post','news',NULL,NULL),(29,'permalink-botble-blog-models-category','news',NULL,NULL),(30,'permalink-botble-location-models-city','city',NULL,NULL),(31,'real_estate_review_enabled','1',NULL,NULL),(32,'real_estate_review_fields','[[{\"key\":\"field\",\"value\":\"service\"}],[{\"key\":\"field\",\"value\":\"value\"}],[{\"key\":\"field\",\"value\":\"location\"}],[{\"key\":\"field\",\"value\":\"cleanliness\"}]]',NULL,NULL),(86,'theme-resido-bedroom','[[{\"key\":\"label\",\"value\":1},{\"key\":\"value\",\"value\":1}],[{\"key\":\"label\",\"value\":2},{\"key\":\"value\",\"value\":2}],[{\"key\":\"label\",\"value\":3},{\"key\":\"value\",\"value\":3}],[{\"key\":\"label\",\"value\":4},{\"key\":\"value\",\"value\":4}],[{\"key\":\"label\",\"value\":5},{\"key\":\"value\",\"value\":5}]]',NULL,NULL),(87,'theme-vi-resido-bedroom','[[{\"key\":\"label\",\"value\":1},{\"key\":\"value\",\"value\":1}],[{\"key\":\"label\",\"value\":2},{\"key\":\"value\",\"value\":2}],[{\"key\":\"label\",\"value\":3},{\"key\":\"value\",\"value\":3}],[{\"key\":\"label\",\"value\":4},{\"key\":\"value\",\"value\":4}],[{\"key\":\"label\",\"value\":5},{\"key\":\"value\",\"value\":5}]]',NULL,NULL),(88,'theme-resido-bathroom','[[{\"key\":\"label\",\"value\":1},{\"key\":\"value\",\"value\":1}],[{\"key\":\"label\",\"value\":2},{\"key\":\"value\",\"value\":2}],[{\"key\":\"label\",\"value\":3},{\"key\":\"value\",\"value\":3}],[{\"key\":\"label\",\"value\":4},{\"key\":\"value\",\"value\":4}],[{\"key\":\"label\",\"value\":5},{\"key\":\"value\",\"value\":5}]]',NULL,NULL),(89,'theme-vi-resido-bathroom','[[{\"key\":\"label\",\"value\":1},{\"key\":\"value\",\"value\":1}],[{\"key\":\"label\",\"value\":2},{\"key\":\"value\",\"value\":2}],[{\"key\":\"label\",\"value\":3},{\"key\":\"value\",\"value\":3}],[{\"key\":\"label\",\"value\":4},{\"key\":\"value\",\"value\":4}],[{\"key\":\"label\",\"value\":5},{\"key\":\"value\",\"value\":5}]]',NULL,NULL),(90,'language_hide_default','1',NULL,NULL),(91,'language_switcher_display','list',NULL,NULL),(92,'language_display','all',NULL,NULL),(93,'language_hide_languages','[]',NULL,NULL),(94,'media_random_hash','5b23356d20e578ae0915a41b3b8a738c',NULL,NULL),(117,'show_admin_bar','1',NULL,NULL),(118,'theme','resido',NULL,NULL),(119,'admin_logo','general/logo-light.png',NULL,NULL),(120,'admin_favicon','general/favicon.png',NULL,NULL),(121,'theme-resido-skin','blue-skin',NULL,NULL),(122,'theme-resido-font_heading','Jost',NULL,NULL),(123,'theme-resido-font_body','Muli',NULL,NULL),(124,'theme-resido-cookie_consent_message','Your experience on this site will be improved by allowing cookies ',NULL,NULL),(125,'theme-resido-cookie_consent_learn_more_url','http://localhost/cookie-policy',NULL,NULL),(126,'theme-resido-cookie_consent_learn_more_text','Cookie Policy',NULL,NULL),(127,'theme-resido-copyright','©2022 Resido. All rights reserved by TheSky9.',NULL,NULL),(128,'theme-resido-homepage_id','1',NULL,NULL),(129,'theme-resido-blog_page_id','12',NULL,NULL),(130,'theme-resido-logo','general/logo.png',NULL,NULL),(131,'theme-resido-favicon','general/favicon.png',NULL,NULL),(132,'theme-resido-logo_white','general/logo-light.png',NULL,NULL),(133,'theme-resido-img_loading','general/img-loading.jpg',NULL,NULL),(134,'theme-resido-properties_page_layout','full',NULL,NULL),(135,'theme-resido-property_header_layout','layout-1',NULL,NULL),(136,'theme-resido-site_title','Resido - Laravel Real Estate Multilingual Syste',NULL,NULL),(137,'theme-resido-seo_description','Resido is a premium real estate related websites build on Laravel. With an advanced admin dashboard that will help you create a local or global real-estate directory site.',NULL,NULL),(138,'theme-resido-seo_og_image','general/screenshot.png',NULL,NULL),(139,'theme-resido-address','Collins Street West, Victoria 8007, Australia.',NULL,NULL),(140,'theme-resido-hotline','+1 246-345-0695',NULL,NULL),(141,'theme-resido-email','info@example.com',NULL,NULL),(142,'theme-resido-about-us','Lorem ipsum dolor sit amet, consectetur adipiscing elit, sed do eiusmod tempor incididunt ut labore et dolore magna aliqua.',NULL,NULL),(143,'theme-resido-vi-skin','blue-skin',NULL,NULL),(144,'theme-resido-vi-font_heading','Montserrat',NULL,NULL),(145,'theme-resido-vi-font_body','Montserrat',NULL,NULL),(146,'theme-resido-vi-copyright','©2022 Resido. Tất cả quyền đã được bảo hộ bởi TheSky9.',NULL,NULL),(147,'theme-resido-vi-cookie_consent_message','Trải nghiệm của bạn trên trang web này sẽ được cải thiện bằng cách cho phép cookie ',NULL,NULL),(148,'theme-resido-vi-cookie_consent_learn_more_url','http://localhost/cookie-policy',NULL,NULL),(149,'theme-resido-vi-cookie_consent_learn_more_text','Cookie Policy',NULL,NULL),(150,'theme-resido-vi-homepage_id','1',NULL,NULL),(151,'theme-resido-vi-blog_page_id','28',NULL,NULL),(152,'theme-resido-vi-logo','general/logo.png',NULL,NULL),(153,'theme-resido-vi-logo_white','general/logo-light.png',NULL,NULL),(154,'theme-resido-vi-img_loading','general/img-loading.jpg',NULL,NULL),(155,'theme-resido-vi-properties_page_layout','full',NULL,NULL),(156,'theme-resido-vi-property_header_layout','layout-1',NULL,NULL),(157,'theme-resido-vi-site_title','Resido - Laravel Real Estate Multilingual Syste',NULL,NULL),(158,'theme-resido-vi-seo_description','Resido is a premium real estate related websites build on Laravel. With an advanced admin dashboard that will help you create a local or global real-estate directory site.',NULL,NULL),(159,'theme-resido-vi-seo_og_image','general/screenshot.png',NULL,NULL),(160,'theme-resido-vi-address','Collins Street West, Victoria 8007, Australia.',NULL,NULL),(161,'theme-resido-vi-hotline','+1 246-345-0695',NULL,NULL),(162,'theme-resido-vi-email','info@example.com',NULL,NULL),(163,'theme-resido-vi-about-us','Lorem ipsum dolor sit amet, consectetur adipiscing elit, sed do eiusmod tempor incididunt ut labore et dolore magna aliqua.',NULL,NULL),(164,'theme-resido-social_links','[[{\"key\":\"social-name\",\"value\":\"Facebook\"},{\"key\":\"social-icon\",\"value\":\"ti-facebook\"},{\"key\":\"social-url\",\"value\":\"https:\\/\\/www.facebook.com\\/\"}],[{\"key\":\"social-name\",\"value\":\"Twitter\"},{\"key\":\"social-icon\",\"value\":\"ti-twitter\"},{\"key\":\"social-url\",\"value\":\"https:\\/\\/www.twitter.com\\/\"}],[{\"key\":\"social-name\",\"value\":\"Instagram\"},{\"key\":\"social-icon\",\"value\":\"ti-instagram\"},{\"key\":\"social-url\",\"value\":\"https:\\/\\/www.instagram.com\\/\"}],[{\"key\":\"social-name\",\"value\":\"Linkedin\"},{\"key\":\"social-icon\",\"value\":\"ti-linkedin\"},{\"key\":\"social-url\",\"value\":\"https:\\/\\/www.linkedin.com\\/\"}],[{\"key\":\"social-name\",\"value\":\"Pinterest\"},{\"key\":\"social-icon\",\"value\":\"ti-pinterest\"},{\"key\":\"social-url\",\"value\":\"https:\\/\\/www.pinterest.com\\/\"}]]',NULL,NULL),(165,'theme-vi-resido-social_links','[[{\"key\":\"social-name\",\"value\":\"Facebook\"},{\"key\":\"social-icon\",\"value\":\"ti-facebook\"},{\"key\":\"social-url\",\"value\":\"https:\\/\\/www.facebook.com\\/\"}],[{\"key\":\"social-name\",\"value\":\"Twitter\"},{\"key\":\"social-icon\",\"value\":\"ti-twitter\"},{\"key\":\"social-url\",\"value\":\"https:\\/\\/www.twitter.com\\/\"}],[{\"key\":\"social-name\",\"value\":\"Instagram\"},{\"key\":\"social-icon\",\"value\":\"ti-instagram\"},{\"key\":\"social-url\",\"value\":\"https:\\/\\/www.instagram.com\\/\"}],[{\"key\":\"social-name\",\"value\":\"Linkedin\"},{\"key\":\"social-icon\",\"value\":\"ti-linkedin\"},{\"key\":\"social-url\",\"value\":\"https:\\/\\/www.linkedin.com\\/\"}],[{\"key\":\"social-name\",\"value\":\"Pinterest\"},{\"key\":\"social-icon\",\"value\":\"ti-pinterest\"},{\"key\":\"social-url\",\"value\":\"https:\\/\\/www.pinterest.com\\/\"}]]',NULL,NULL),(166,'theme-resido-min_price','[[{\"key\":\"label\",\"value\":500},{\"key\":\"value\",\"value\":500}],[{\"key\":\"label\",\"value\":1000},{\"key\":\"value\",\"value\":1000}],[{\"key\":\"label\",\"value\":2000},{\"key\":\"value\",\"value\":2000}],[{\"key\":\"label\",\"value\":5000},{\"key\":\"value\",\"value\":5000}],[{\"key\":\"label\",\"value\":10000},{\"key\":\"value\",\"value\":10000}]]',NULL,NULL),(167,'theme-vi-resido-min_price','[[{\"key\":\"label\",\"value\":500},{\"key\":\"value\",\"value\":500}],[{\"key\":\"label\",\"value\":1000},{\"key\":\"value\",\"value\":1000}],[{\"key\":\"label\",\"value\":2000},{\"key\":\"value\",\"value\":2000}],[{\"key\":\"label\",\"value\":5000},{\"key\":\"value\",\"value\":5000}],[{\"key\":\"label\",\"value\":10000},{\"key\":\"value\",\"value\":10000}]]',NULL,NULL),(168,'theme-resido-max_price','[[{\"key\":\"label\",\"value\":1000},{\"key\":\"value\",\"value\":1000}],[{\"key\":\"label\",\"value\":2000},{\"key\":\"value\",\"value\":2000}],[{\"key\":\"label\",\"value\":5000},{\"key\":\"value\",\"value\":5000}],[{\"key\":\"label\",\"value\":10000},{\"key\":\"value\",\"value\":10000}],[{\"key\":\"label\",\"value\":50000},{\"key\":\"value\",\"value\":50000}]]',NULL,NULL),(169,'theme-vi-resido-max_price','[[{\"key\":\"label\",\"value\":1000},{\"key\":\"value\",\"value\":1000}],[{\"key\":\"label\",\"value\":2000},{\"key\":\"value\",\"value\":2000}],[{\"key\":\"label\",\"value\":5000},{\"key\":\"value\",\"value\":5000}],[{\"key\":\"label\",\"value\":10000},{\"key\":\"value\",\"value\":10000}],[{\"key\":\"label\",\"value\":50000},{\"key\":\"value\",\"value\":50000}]]',NULL,NULL);
/*!40000 ALTER TABLE `settings` ENABLE KEYS */;
UNLOCK TABLES;

--
-- Table structure for table `simple_slider_items`
--

DROP TABLE IF EXISTS `simple_slider_items`;
/*!40101 SET @saved_cs_client     = @@character_set_client */;
/*!50503 SET character_set_client = utf8mb4 */;
CREATE TABLE `simple_slider_items` (
  `id` bigint(20) unsigned NOT NULL AUTO_INCREMENT,
  `simple_slider_id` int(10) unsigned NOT NULL,
  `title` varchar(255) COLLATE utf8mb4_unicode_ci DEFAULT NULL,
  `image` varchar(255) COLLATE utf8mb4_unicode_ci NOT NULL,
  `link` varchar(255) COLLATE utf8mb4_unicode_ci DEFAULT NULL,
  `description` text COLLATE utf8mb4_unicode_ci,
  `order` int(10) unsigned NOT NULL DEFAULT '0',
  `created_at` timestamp NULL DEFAULT NULL,
  `updated_at` timestamp NULL DEFAULT NULL,
  PRIMARY KEY (`id`)
) ENGINE=InnoDB DEFAULT CHARSET=utf8mb4 COLLATE=utf8mb4_unicode_ci;
/*!40101 SET character_set_client = @saved_cs_client */;

--
-- Dumping data for table `simple_slider_items`
--

LOCK TABLES `simple_slider_items` WRITE;
/*!40000 ALTER TABLE `simple_slider_items` DISABLE KEYS */;
/*!40000 ALTER TABLE `simple_slider_items` ENABLE KEYS */;
UNLOCK TABLES;

--
-- Table structure for table `simple_sliders`
--

DROP TABLE IF EXISTS `simple_sliders`;
/*!40101 SET @saved_cs_client     = @@character_set_client */;
/*!50503 SET character_set_client = utf8mb4 */;
CREATE TABLE `simple_sliders` (
  `id` bigint(20) unsigned NOT NULL AUTO_INCREMENT,
  `name` varchar(120) COLLATE utf8mb4_unicode_ci NOT NULL,
  `key` varchar(120) COLLATE utf8mb4_unicode_ci NOT NULL,
  `description` varchar(255) COLLATE utf8mb4_unicode_ci DEFAULT NULL,
  `status` varchar(60) COLLATE utf8mb4_unicode_ci NOT NULL DEFAULT 'published',
  `created_at` timestamp NULL DEFAULT NULL,
  `updated_at` timestamp NULL DEFAULT NULL,
  PRIMARY KEY (`id`)
) ENGINE=InnoDB DEFAULT CHARSET=utf8mb4 COLLATE=utf8mb4_unicode_ci;
/*!40101 SET character_set_client = @saved_cs_client */;

--
-- Dumping data for table `simple_sliders`
--

LOCK TABLES `simple_sliders` WRITE;
/*!40000 ALTER TABLE `simple_sliders` DISABLE KEYS */;
/*!40000 ALTER TABLE `simple_sliders` ENABLE KEYS */;
UNLOCK TABLES;

--
-- Table structure for table `slugs`
--

DROP TABLE IF EXISTS `slugs`;
/*!40101 SET @saved_cs_client     = @@character_set_client */;
/*!50503 SET character_set_client = utf8mb4 */;
CREATE TABLE `slugs` (
  `id` bigint(20) unsigned NOT NULL AUTO_INCREMENT,
  `key` varchar(255) COLLATE utf8mb4_unicode_ci NOT NULL,
  `reference_id` int(10) unsigned NOT NULL,
  `reference_type` varchar(255) COLLATE utf8mb4_unicode_ci NOT NULL,
  `prefix` varchar(120) COLLATE utf8mb4_unicode_ci DEFAULT '',
  `created_at` timestamp NULL DEFAULT NULL,
  `updated_at` timestamp NULL DEFAULT NULL,
  PRIMARY KEY (`id`)
) ENGINE=InnoDB AUTO_INCREMENT=129 DEFAULT CHARSET=utf8mb4 COLLATE=utf8mb4_unicode_ci;
/*!40101 SET character_set_client = @saved_cs_client */;

--
-- Dumping data for table `slugs`
--

LOCK TABLES `slugs` WRITE;
/*!40000 ALTER TABLE `slugs` DISABLE KEYS */;
INSERT INTO `slugs` VALUES (65,'home',1,'Botble\\Page\\Models\\Page','','2022-01-19 07:35:42','2022-01-19 07:35:42'),(66,'home-layout-2',2,'Botble\\Page\\Models\\Page','','2022-01-19 07:35:42','2022-01-19 07:35:42'),(67,'home-layout-3',3,'Botble\\Page\\Models\\Page','','2022-01-19 07:35:42','2022-01-19 07:35:42'),(68,'home-layout-4',4,'Botble\\Page\\Models\\Page','','2022-01-19 07:35:42','2022-01-19 07:35:42'),(69,'home-layout-5',5,'Botble\\Page\\Models\\Page','','2022-01-19 07:35:42','2022-01-19 07:35:42'),(70,'home-layout-6',6,'Botble\\Page\\Models\\Page','','2022-01-19 07:35:43','2022-01-19 07:35:43'),(71,'home-layout-7',7,'Botble\\Page\\Models\\Page','','2022-01-19 07:35:43','2022-01-19 07:35:43'),(72,'home-layout-8',8,'Botble\\Page\\Models\\Page','','2022-01-19 07:35:43','2022-01-19 07:35:43'),(73,'home-layout-9',9,'Botble\\Page\\Models\\Page','','2022-01-19 07:35:43','2022-01-19 07:35:43'),(74,'map-home-layout',10,'Botble\\Page\\Models\\Page','','2022-01-19 07:35:43','2022-01-19 07:35:43'),(75,'properties',11,'Botble\\Page\\Models\\Page','','2022-01-19 07:35:43','2022-01-19 07:35:43'),(76,'news',12,'Botble\\Page\\Models\\Page','','2022-01-19 07:35:43','2022-01-19 07:35:43'),(77,'about-us',13,'Botble\\Page\\Models\\Page','','2022-01-19 07:35:43','2022-01-19 07:35:43'),(78,'contact',14,'Botble\\Page\\Models\\Page','','2022-01-19 07:35:43','2022-01-19 07:35:43'),(79,'terms-conditions',15,'Botble\\Page\\Models\\Page','','2022-01-19 07:35:43','2022-01-19 07:35:43'),(80,'cookie-policy',16,'Botble\\Page\\Models\\Page','','2022-01-19 07:35:43','2022-01-19 07:35:43'),(81,'general',1,'Botble\\Blog\\Models\\Tag','tag','2022-01-19 07:35:57','2022-01-19 07:35:57'),(82,'design',2,'Botble\\Blog\\Models\\Tag','tag','2022-01-19 07:35:57','2022-01-19 07:35:57'),(83,'fashion',3,'Botble\\Blog\\Models\\Tag','tag','2022-01-19 07:35:57','2022-01-19 07:35:57'),(84,'branding',4,'Botble\\Blog\\Models\\Tag','tag','2022-01-19 07:35:57','2022-01-19 07:35:57'),(85,'modern',5,'Botble\\Blog\\Models\\Tag','tag','2022-01-19 07:35:57','2022-01-19 07:35:57'),(86,'latest-news',1,'Botble\\Blog\\Models\\Category','news','2022-01-19 07:35:57','2022-01-19 07:35:57'),(87,'house-architecture',2,'Botble\\Blog\\Models\\Category','news','2022-01-19 07:35:57','2022-01-19 07:35:57'),(88,'house-design',3,'Botble\\Blog\\Models\\Category','news','2022-01-19 07:35:57','2022-01-19 07:35:57'),(89,'building-materials',4,'Botble\\Blog\\Models\\Category','news','2022-01-19 07:35:57','2022-01-19 07:35:57'),(90,'why-people-choose-listio-for-own-properties',1,'Botble\\Blog\\Models\\Post','news','2022-01-19 07:35:57','2022-01-19 07:35:57'),(91,'list-of-benifits-and-impressive-listeo-services',2,'Botble\\Blog\\Models\\Post','news','2022-01-19 07:35:57','2022-01-19 07:35:57'),(92,'what-people-says-about-listio-properties',3,'Botble\\Blog\\Models\\Post','news','2022-01-19 07:35:57','2022-01-19 07:35:57'),(93,'why-people-choose-listio-for-own-properties',4,'Botble\\Blog\\Models\\Post','news','2022-01-19 07:35:57','2022-01-19 07:35:57'),(94,'list-of-benifits-and-impressive-listeo-services',5,'Botble\\Blog\\Models\\Post','news','2022-01-19 07:35:57','2022-01-19 07:35:57'),(95,'what-people-says-about-listio-properties',6,'Botble\\Blog\\Models\\Post','news','2022-01-19 07:35:57','2022-01-19 07:35:57'),(96,'5-of-the-most-searched-outdoor-decor-trends-of-summer-2021',7,'Botble\\Blog\\Models\\Post','news','2022-01-19 07:35:57','2022-01-19 07:35:57'),(97,'crave-a-canopy-bed-modern-spins-on-this-dramatic-style',8,'Botble\\Blog\\Models\\Post','news','2022-01-19 07:35:57','2022-01-19 07:35:57'),(98,'the-property-brothers-reveal-one-thing-never-ever-to-do-to-an-old-house',9,'Botble\\Blog\\Models\\Post','news','2022-01-19 07:35:57','2022-01-19 07:35:57'),(99,'how-to-build-a-raised-herb-garden-with-pallets',10,'Botble\\Blog\\Models\\Post','news','2022-01-19 07:35:57','2022-01-19 07:35:57'),(100,'entertain-in-style-14-products-made-for-an-outdoor-summer-soiree',11,'Botble\\Blog\\Models\\Post','news','2022-01-19 07:35:57','2022-01-19 07:35:57'),(101,'6-summer-maintenance-tasks-that-could-save-you-cash-have-you-done-them-all',12,'Botble\\Blog\\Models\\Post','news','2022-01-19 07:35:57','2022-01-19 07:35:57'),(102,'average-us-rental-price-hits-a-two-year-high',13,'Botble\\Blog\\Models\\Post','news','2022-01-19 07:35:57','2022-01-19 07:35:57'),(103,'digital-land-rush-has-people-spending-big-money-on-virtual-real-estate-but-why',14,'Botble\\Blog\\Models\\Post','news','2022-01-19 07:35:58','2022-01-19 07:35:58'),(104,'the-best-state-to-live-in-right-now-is-a-huge-surprise-can-you-guess',15,'Botble\\Blog\\Models\\Post','news','2022-01-19 07:35:58','2022-01-19 07:35:58'),(105,'high-lumber-prices-and-other-barriers-choke-the-confidence-of-home-builders-and-home-buyers',16,'Botble\\Blog\\Models\\Post','news','2022-01-19 07:35:58','2022-01-19 07:35:58'),(106,'apartment',1,'Botble\\RealEstate\\Models\\Category','property-category','2022-01-19 07:36:02','2022-01-19 07:36:02'),(107,'villa',2,'Botble\\RealEstate\\Models\\Category','property-category','2022-01-19 07:36:02','2022-01-19 07:36:02'),(108,'condo',3,'Botble\\RealEstate\\Models\\Category','property-category','2022-01-19 07:36:02','2022-01-19 07:36:02'),(109,'house',4,'Botble\\RealEstate\\Models\\Category','property-category','2022-01-19 07:36:02','2022-01-19 07:36:02'),(110,'land',5,'Botble\\RealEstate\\Models\\Category','property-category','2022-01-19 07:36:02','2022-01-19 07:36:02'),(111,'commercial-property',6,'Botble\\RealEstate\\Models\\Category','property-category','2022-01-19 07:36:02','2022-01-19 07:36:02'),(112,'6007-applegate-lane',1,'Botble\\RealEstate\\Models\\Property','properties','2022-01-19 07:36:14','2022-01-19 07:36:14'),(113,'2721-lindsay-avenue',2,'Botble\\RealEstate\\Models\\Property','properties','2022-01-19 07:36:14','2022-01-19 07:36:14'),(114,'2203-7th-street-road',3,'Botble\\RealEstate\\Models\\Property','properties','2022-01-19 07:36:14','2022-01-19 07:36:14'),(115,'7431-candace-way',4,'Botble\\RealEstate\\Models\\Property','properties','2022-01-19 07:36:14','2022-01-19 07:36:14'),(116,'8502-madrone-avenue',5,'Botble\\RealEstate\\Models\\Property','properties','2022-01-19 07:36:14','2022-01-19 07:36:14'),(117,'1745-t-street-southeast',6,'Botble\\RealEstate\\Models\\Property','properties','2022-01-19 07:36:14','2022-01-19 07:36:14'),(118,'81-seaton-place-northwest',7,'Botble\\RealEstate\\Models\\Property','properties','2022-01-19 07:36:15','2022-01-19 07:36:15'),(119,'802-madison-street-northwest',8,'Botble\\RealEstate\\Models\\Property','properties','2022-01-19 07:36:15','2022-01-19 07:36:15'),(120,'2811-battery-place-northwest',9,'Botble\\RealEstate\\Models\\Property','properties','2022-01-19 07:36:15','2022-01-19 07:36:15'),(121,'1508-massachusetts-avenue-southeast',10,'Botble\\RealEstate\\Models\\Property','properties','2022-01-19 07:36:15','2022-01-19 07:36:15'),(122,'1427-south-carolina-avenue-southeast',11,'Botble\\RealEstate\\Models\\Property','properties','2022-01-19 07:36:15','2022-01-19 07:36:15'),(123,'127-grand-heron-drive',12,'Botble\\RealEstate\\Models\\Property','properties','2022-01-19 07:36:15','2022-01-19 07:36:15'),(124,'1515-chandlee-avenue',13,'Botble\\RealEstate\\Models\\Property','properties','2022-01-19 07:36:15','2022-01-19 07:36:15'),(125,'4113-holiday-drive',14,'Botble\\RealEstate\\Models\\Property','properties','2022-01-19 07:36:15','2022-01-19 07:36:15'),(126,'545-tracey-drive',15,'Botble\\RealEstate\\Models\\Property','properties','2022-01-19 07:36:15','2022-01-19 07:36:15'),(127,'2318-camryns-crossing',16,'Botble\\RealEstate\\Models\\Property','properties','2022-01-19 07:36:16','2022-01-19 07:36:16'),(128,'1025-west-19th-street',17,'Botble\\RealEstate\\Models\\Property','properties','2022-01-19 07:36:16','2022-01-19 07:36:16');
/*!40000 ALTER TABLE `slugs` ENABLE KEYS */;
UNLOCK TABLES;

--
-- Table structure for table `states`
--

DROP TABLE IF EXISTS `states`;
/*!40101 SET @saved_cs_client     = @@character_set_client */;
/*!50503 SET character_set_client = utf8mb4 */;
CREATE TABLE `states` (
  `id` bigint(20) unsigned NOT NULL AUTO_INCREMENT,
  `name` varchar(120) COLLATE utf8mb4_unicode_ci NOT NULL,
  `abbreviation` varchar(2) COLLATE utf8mb4_unicode_ci DEFAULT NULL,
  `country_id` int(10) unsigned DEFAULT NULL,
  `order` tinyint(4) NOT NULL DEFAULT '0',
  `is_featured` tinyint(3) unsigned NOT NULL DEFAULT '0',
  `status` varchar(60) COLLATE utf8mb4_unicode_ci NOT NULL DEFAULT 'published',
  `created_at` timestamp NULL DEFAULT NULL,
  `updated_at` timestamp NULL DEFAULT NULL,
  PRIMARY KEY (`id`)
) ENGINE=InnoDB AUTO_INCREMENT=75 DEFAULT CHARSET=utf8mb4 COLLATE=utf8mb4_unicode_ci;
/*!40101 SET character_set_client = @saved_cs_client */;

--
-- Dumping data for table `states`
--

LOCK TABLES `states` WRITE;
/*!40000 ALTER TABLE `states` DISABLE KEYS */;
INSERT INTO `states` VALUES (1,'Alabama','AL',1,0,0,'published','2022-01-19 07:35:13','2022-01-19 07:35:13'),(2,'Alaska','AK',1,0,0,'published','2022-01-19 07:35:13','2022-01-19 07:35:13'),(3,'American Samoa','AS',1,0,0,'published','2022-01-19 07:35:13','2022-01-19 07:35:13'),(4,'Arizona','AZ',1,0,0,'published','2022-01-19 07:35:13','2022-01-19 07:35:13'),(5,'Arkansas','AR',1,0,0,'published','2022-01-19 07:35:13','2022-01-19 07:35:13'),(6,'California','CA',1,0,0,'published','2022-01-19 07:35:13','2022-01-19 07:35:13'),(7,'Colorado','CO',1,0,0,'published','2022-01-19 07:35:13','2022-01-19 07:35:13'),(8,'Connecticut','CT',1,0,0,'published','2022-01-19 07:35:13','2022-01-19 07:35:13'),(9,'Delaware','DE',1,0,0,'published','2022-01-19 07:35:13','2022-01-19 07:35:13'),(10,'District Of Columbia','DC',1,0,0,'published','2022-01-19 07:35:13','2022-01-19 07:35:13'),(11,'Federated States Of Micronesia','FM',1,0,0,'published','2022-01-19 07:35:13','2022-01-19 07:35:13'),(12,'Florida','FL',1,0,0,'published','2022-01-19 07:35:13','2022-01-19 07:35:13'),(13,'Georgia','GA',1,0,0,'published','2022-01-19 07:35:13','2022-01-19 07:35:13'),(14,'Guam','GU',1,0,0,'published','2022-01-19 07:35:13','2022-01-19 07:35:13'),(15,'Hawaii','HI',1,0,0,'published','2022-01-19 07:35:13','2022-01-19 07:35:13'),(16,'Idaho','ID',1,0,0,'published','2022-01-19 07:35:13','2022-01-19 07:35:13'),(17,'Illinois','IL',1,0,0,'published','2022-01-19 07:35:13','2022-01-19 07:35:13'),(18,'Indiana','IN',1,0,0,'published','2022-01-19 07:35:13','2022-01-19 07:35:13'),(19,'Iowa','IA',1,0,0,'published','2022-01-19 07:35:13','2022-01-19 07:35:13'),(20,'Kansas','KS',1,0,0,'published','2022-01-19 07:35:13','2022-01-19 07:35:13'),(21,'Kentucky','KY',1,0,0,'published','2022-01-19 07:35:13','2022-01-19 07:35:13'),(22,'Louisiana','LA',1,0,0,'published','2022-01-19 07:35:13','2022-01-19 07:35:13'),(23,'Maine','ME',1,0,0,'published','2022-01-19 07:35:13','2022-01-19 07:35:13'),(24,'Marshall Islands','MH',1,0,0,'published','2022-01-19 07:35:13','2022-01-19 07:35:13'),(25,'Maryland','MD',1,0,0,'published','2022-01-19 07:35:13','2022-01-19 07:35:13'),(26,'Massachusetts','MA',1,0,0,'published','2022-01-19 07:35:13','2022-01-19 07:35:13'),(27,'Michigan','MI',1,0,0,'published','2022-01-19 07:35:13','2022-01-19 07:35:13'),(28,'Minnesota','MN',1,0,0,'published','2022-01-19 07:35:13','2022-01-19 07:35:13'),(29,'Mississippi','MS',1,0,0,'published','2022-01-19 07:35:13','2022-01-19 07:35:13'),(30,'Missouri','MO',1,0,0,'published','2022-01-19 07:35:13','2022-01-19 07:35:13'),(31,'Montana','MT',1,0,0,'published','2022-01-19 07:35:13','2022-01-19 07:35:13'),(32,'Nebraska','NE',1,0,0,'published','2022-01-19 07:35:13','2022-01-19 07:35:13'),(33,'Nevada','NV',1,0,0,'published','2022-01-19 07:35:13','2022-01-19 07:35:13'),(34,'New Hampshire','NH',1,0,0,'published','2022-01-19 07:35:14','2022-01-19 07:35:14'),(35,'New Jersey','NJ',1,0,0,'published','2022-01-19 07:35:14','2022-01-19 07:35:14'),(36,'New Mexico','NM',1,0,0,'published','2022-01-19 07:35:14','2022-01-19 07:35:14'),(37,'New York','NY',1,0,0,'published','2022-01-19 07:35:14','2022-01-19 07:35:14'),(38,'North Carolina','NC',1,0,0,'published','2022-01-19 07:35:14','2022-01-19 07:35:14'),(39,'North Dakota','ND',1,0,0,'published','2022-01-19 07:35:14','2022-01-19 07:35:14'),(40,'Northern Mariana Islands','MP',1,0,0,'published','2022-01-19 07:35:14','2022-01-19 07:35:14'),(41,'Ohio','OH',1,0,0,'published','2022-01-19 07:35:14','2022-01-19 07:35:14'),(42,'Oklahoma','OK',1,0,0,'published','2022-01-19 07:35:14','2022-01-19 07:35:14'),(43,'Oregon','OR',1,0,0,'published','2022-01-19 07:35:14','2022-01-19 07:35:14'),(44,'Palau','PW',1,0,0,'published','2022-01-19 07:35:14','2022-01-19 07:35:14'),(45,'Pennsylvania','PA',1,0,0,'published','2022-01-19 07:35:14','2022-01-19 07:35:14'),(46,'Puerto Rico','PR',1,0,0,'published','2022-01-19 07:35:14','2022-01-19 07:35:14'),(47,'Rhode Island','RI',1,0,0,'published','2022-01-19 07:35:14','2022-01-19 07:35:14'),(48,'South Carolina','SC',1,0,0,'published','2022-01-19 07:35:14','2022-01-19 07:35:14'),(49,'South Dakota','SD',1,0,0,'published','2022-01-19 07:35:14','2022-01-19 07:35:14'),(50,'Tennessee','TN',1,0,0,'published','2022-01-19 07:35:14','2022-01-19 07:35:14'),(51,'Texas','TX',1,0,0,'published','2022-01-19 07:35:14','2022-01-19 07:35:14'),(52,'Utah','UT',1,0,0,'published','2022-01-19 07:35:14','2022-01-19 07:35:14'),(53,'Vermont','VT',1,0,0,'published','2022-01-19 07:35:14','2022-01-19 07:35:14'),(54,'Virgin Islands','VI',1,0,0,'published','2022-01-19 07:35:14','2022-01-19 07:35:14'),(55,'Virginia','VA',1,0,0,'published','2022-01-19 07:35:14','2022-01-19 07:35:14'),(56,'Washington','WA',1,0,0,'published','2022-01-19 07:35:14','2022-01-19 07:35:14'),(57,'West Virginia','WV',1,0,0,'published','2022-01-19 07:35:14','2022-01-19 07:35:14'),(58,'Wisconsin','WI',1,0,0,'published','2022-01-19 07:35:14','2022-01-19 07:35:14'),(59,'Wyoming','WY',1,0,0,'published','2022-01-19 07:35:14','2022-01-19 07:35:14'),(60,'Alberta','AB',2,0,0,'published','2022-01-19 07:35:26','2022-01-19 07:35:26'),(61,'British Columbia','BC',2,0,0,'published','2022-01-19 07:35:26','2022-01-19 07:35:26'),(62,'Manitoba','MB',2,0,0,'published','2022-01-19 07:35:26','2022-01-19 07:35:26'),(63,'New Brunswick','NB',2,0,0,'published','2022-01-19 07:35:26','2022-01-19 07:35:26'),(64,'Newfoundland','NF',2,0,0,'published','2022-01-19 07:35:26','2022-01-19 07:35:26'),(65,'Northwest Territories','NT',2,0,0,'published','2022-01-19 07:35:26','2022-01-19 07:35:26'),(66,'Nova Scotia','NS',2,0,0,'published','2022-01-19 07:35:26','2022-01-19 07:35:26'),(67,'Nunavut','NU',2,0,0,'published','2022-01-19 07:35:26','2022-01-19 07:35:26'),(68,'Ontario','ON',2,0,0,'published','2022-01-19 07:35:26','2022-01-19 07:35:26'),(69,'Prince Edward Island','PE',2,0,0,'published','2022-01-19 07:35:26','2022-01-19 07:35:26'),(70,'Quebec','PQ',2,0,0,'published','2022-01-19 07:35:26','2022-01-19 07:35:26'),(71,'Saskatchewan','SK',2,0,0,'published','2022-01-19 07:35:26','2022-01-19 07:35:26'),(72,'Yukon','YT',2,0,0,'published','2022-01-19 07:35:26','2022-01-19 07:35:26');
/*!40000 ALTER TABLE `states` ENABLE KEYS */;
UNLOCK TABLES;

--
-- Table structure for table `states_backup`
--

DROP TABLE IF EXISTS `states_backup`;
/*!40101 SET @saved_cs_client     = @@character_set_client */;
/*!50503 SET character_set_client = utf8mb4 */;
CREATE TABLE `states_backup` (
  `id` bigint(20) unsigned NOT NULL AUTO_INCREMENT,
  `name` varchar(120) COLLATE utf8mb4_unicode_ci NOT NULL,
  `abbreviation` varchar(2) COLLATE utf8mb4_unicode_ci DEFAULT NULL,
  `country_id` int(10) unsigned DEFAULT NULL,
  `order` tinyint(4) NOT NULL DEFAULT '0',
  `is_featured` tinyint(3) unsigned NOT NULL DEFAULT '0',
  `status` varchar(60) COLLATE utf8mb4_unicode_ci NOT NULL DEFAULT 'published',
  `created_at` timestamp NULL DEFAULT NULL,
  `updated_at` timestamp NULL DEFAULT NULL,
  PRIMARY KEY (`id`)
) ENGINE=InnoDB DEFAULT CHARSET=utf8mb4 COLLATE=utf8mb4_unicode_ci;
/*!40101 SET character_set_client = @saved_cs_client */;

--
-- Dumping data for table `states_backup`
--

LOCK TABLES `states_backup` WRITE;
/*!40000 ALTER TABLE `states_backup` DISABLE KEYS */;
/*!40000 ALTER TABLE `states_backup` ENABLE KEYS */;
UNLOCK TABLES;

--
-- Table structure for table `states_translations`
--

DROP TABLE IF EXISTS `states_translations`;
/*!40101 SET @saved_cs_client     = @@character_set_client */;
/*!50503 SET character_set_client = utf8mb4 */;
CREATE TABLE `states_translations` (
  `lang_code` varchar(191) COLLATE utf8mb4_unicode_ci NOT NULL,
  `states_id` int(11) NOT NULL,
  `name` varchar(120) COLLATE utf8mb4_unicode_ci DEFAULT NULL,
  `abbreviation` varchar(2) COLLATE utf8mb4_unicode_ci DEFAULT NULL,
  PRIMARY KEY (`lang_code`,`states_id`)
) ENGINE=InnoDB DEFAULT CHARSET=utf8mb4 COLLATE=utf8mb4_unicode_ci;
/*!40101 SET character_set_client = @saved_cs_client */;

--
-- Dumping data for table `states_translations`
--

LOCK TABLES `states_translations` WRITE;
/*!40000 ALTER TABLE `states_translations` DISABLE KEYS */;
/*!40000 ALTER TABLE `states_translations` ENABLE KEYS */;
UNLOCK TABLES;

--
-- Table structure for table `subscription_items`
--

DROP TABLE IF EXISTS `subscription_items`;
/*!40101 SET @saved_cs_client     = @@character_set_client */;
/*!50503 SET character_set_client = utf8mb4 */;
CREATE TABLE `subscription_items` (
  `id` bigint(20) unsigned NOT NULL AUTO_INCREMENT,
  `subscription_id` bigint(20) unsigned NOT NULL,
  `stripe_id` varchar(191) COLLATE utf8mb4_unicode_ci NOT NULL,
  `stripe_product` varchar(191) COLLATE utf8mb4_unicode_ci NOT NULL,
  `stripe_price` varchar(191) COLLATE utf8mb4_unicode_ci NOT NULL,
  `quantity` int(11) DEFAULT NULL,
  `created_at` timestamp NULL DEFAULT NULL,
  `updated_at` timestamp NULL DEFAULT NULL,
  PRIMARY KEY (`id`),
  UNIQUE KEY `subscription_items_subscription_id_stripe_price_unique` (`subscription_id`,`stripe_price`),
  UNIQUE KEY `subscription_items_stripe_id_unique` (`stripe_id`)
) ENGINE=InnoDB DEFAULT CHARSET=utf8mb4 COLLATE=utf8mb4_unicode_ci;
/*!40101 SET character_set_client = @saved_cs_client */;

--
-- Dumping data for table `subscription_items`
--

LOCK TABLES `subscription_items` WRITE;
/*!40000 ALTER TABLE `subscription_items` DISABLE KEYS */;
/*!40000 ALTER TABLE `subscription_items` ENABLE KEYS */;
UNLOCK TABLES;

--
-- Table structure for table `subscriptions`
--

DROP TABLE IF EXISTS `subscriptions`;
/*!40101 SET @saved_cs_client     = @@character_set_client */;
/*!50503 SET character_set_client = utf8mb4 */;
CREATE TABLE `subscriptions` (
  `id` bigint(20) unsigned NOT NULL AUTO_INCREMENT,
  `user_id` bigint(20) unsigned NOT NULL,
  `name` varchar(191) COLLATE utf8mb4_unicode_ci NOT NULL,
  `stripe_id` varchar(191) COLLATE utf8mb4_unicode_ci NOT NULL,
  `stripe_status` varchar(191) COLLATE utf8mb4_unicode_ci NOT NULL,
  `stripe_price` varchar(191) COLLATE utf8mb4_unicode_ci DEFAULT NULL,
  `quantity` int(11) DEFAULT NULL,
  `trial_ends_at` timestamp NULL DEFAULT NULL,
  `ends_at` timestamp NULL DEFAULT NULL,
  `created_at` timestamp NULL DEFAULT NULL,
  `updated_at` timestamp NULL DEFAULT NULL,
  PRIMARY KEY (`id`),
  UNIQUE KEY `subscriptions_stripe_id_unique` (`stripe_id`),
  KEY `subscriptions_user_id_stripe_status_index` (`user_id`,`stripe_status`)
) ENGINE=InnoDB DEFAULT CHARSET=utf8mb4 COLLATE=utf8mb4_unicode_ci;
/*!40101 SET character_set_client = @saved_cs_client */;

--
-- Dumping data for table `subscriptions`
--

LOCK TABLES `subscriptions` WRITE;
/*!40000 ALTER TABLE `subscriptions` DISABLE KEYS */;
/*!40000 ALTER TABLE `subscriptions` ENABLE KEYS */;
UNLOCK TABLES;

--
-- Table structure for table `tags`
--

DROP TABLE IF EXISTS `tags`;
/*!40101 SET @saved_cs_client     = @@character_set_client */;
/*!50503 SET character_set_client = utf8mb4 */;
CREATE TABLE `tags` (
  `id` bigint(20) unsigned NOT NULL AUTO_INCREMENT,
  `name` varchar(120) COLLATE utf8mb4_unicode_ci NOT NULL,
  `author_id` int(11) NOT NULL,
  `author_type` varchar(255) COLLATE utf8mb4_unicode_ci NOT NULL DEFAULT 'Botble\\ACL\\Models\\User',
  `description` varchar(400) COLLATE utf8mb4_unicode_ci DEFAULT '',
  `status` varchar(60) COLLATE utf8mb4_unicode_ci NOT NULL DEFAULT 'published',
  `created_at` timestamp NULL DEFAULT NULL,
  `updated_at` timestamp NULL DEFAULT NULL,
  PRIMARY KEY (`id`)
) ENGINE=InnoDB AUTO_INCREMENT=6 DEFAULT CHARSET=utf8mb4 COLLATE=utf8mb4_unicode_ci;
/*!40101 SET character_set_client = @saved_cs_client */;

--
-- Dumping data for table `tags`
--

LOCK TABLES `tags` WRITE;
/*!40000 ALTER TABLE `tags` DISABLE KEYS */;
INSERT INTO `tags` VALUES (1,'General',1,'Botble\\ACL\\Models\\User','','published','2022-01-19 07:35:57','2022-01-19 07:35:57'),(2,'Design',1,'Botble\\ACL\\Models\\User','','published','2022-01-19 07:35:57','2022-01-19 07:35:57'),(3,'Fashion',1,'Botble\\ACL\\Models\\User','','published','2022-01-19 07:35:57','2022-01-19 07:35:57'),(4,'Branding',1,'Botble\\ACL\\Models\\User','','published','2022-01-19 07:35:57','2022-01-19 07:35:57'),(5,'Modern',1,'Botble\\ACL\\Models\\User','','published','2022-01-19 07:35:57','2022-01-19 07:35:57');
/*!40000 ALTER TABLE `tags` ENABLE KEYS */;
UNLOCK TABLES;

--
-- Table structure for table `tags_translations`
--

DROP TABLE IF EXISTS `tags_translations`;
/*!40101 SET @saved_cs_client     = @@character_set_client */;
/*!50503 SET character_set_client = utf8mb4 */;
CREATE TABLE `tags_translations` (
  `lang_code` varchar(191) COLLATE utf8mb4_unicode_ci NOT NULL,
  `tags_id` int(11) NOT NULL,
  `name` varchar(255) COLLATE utf8mb4_unicode_ci DEFAULT NULL,
  `description` varchar(400) COLLATE utf8mb4_unicode_ci DEFAULT NULL,
  PRIMARY KEY (`lang_code`,`tags_id`)
) ENGINE=InnoDB DEFAULT CHARSET=utf8mb4 COLLATE=utf8mb4_unicode_ci;
/*!40101 SET character_set_client = @saved_cs_client */;

--
-- Dumping data for table `tags_translations`
--

LOCK TABLES `tags_translations` WRITE;
/*!40000 ALTER TABLE `tags_translations` DISABLE KEYS */;
INSERT INTO `tags_translations` VALUES ('vi',1,'Chung',NULL),('vi',2,'Thiết kế',NULL),('vi',3,'Thời trang',NULL),('vi',4,'Thương hiệu',NULL),('vi',5,'Hiện đại',NULL);
/*!40000 ALTER TABLE `tags_translations` ENABLE KEYS */;
UNLOCK TABLES;

--
-- Table structure for table `testimonials`
--

DROP TABLE IF EXISTS `testimonials`;
/*!40101 SET @saved_cs_client     = @@character_set_client */;
/*!50503 SET character_set_client = utf8mb4 */;
CREATE TABLE `testimonials` (
  `id` bigint(20) unsigned NOT NULL AUTO_INCREMENT,
  `name` varchar(120) COLLATE utf8mb4_unicode_ci NOT NULL,
  `content` text COLLATE utf8mb4_unicode_ci NOT NULL,
  `image` varchar(255) COLLATE utf8mb4_unicode_ci DEFAULT NULL,
  `company` varchar(120) COLLATE utf8mb4_unicode_ci DEFAULT NULL,
  `status` varchar(60) COLLATE utf8mb4_unicode_ci NOT NULL DEFAULT 'published',
  `created_at` timestamp NULL DEFAULT NULL,
  `updated_at` timestamp NULL DEFAULT NULL,
  PRIMARY KEY (`id`)
) ENGINE=InnoDB AUTO_INCREMENT=6 DEFAULT CHARSET=utf8mb4 COLLATE=utf8mb4_unicode_ci;
/*!40101 SET character_set_client = @saved_cs_client */;

--
-- Dumping data for table `testimonials`
--

LOCK TABLES `testimonials` WRITE;
/*!40000 ALTER TABLE `testimonials` DISABLE KEYS */;
INSERT INTO `testimonials` VALUES (1,'Adam Williams','The Hatter was the first day,\' said the Mouse.','testimonials/1.jpg','CEO Of Microwoft','published','2022-01-19 07:36:25','2022-01-19 07:36:25'),(2,'Retha Deowalim','Gryphon is, look at me like a thunderstorm. \'A.','testimonials/2.jpg','CEO Of Apple','published','2022-01-19 07:36:25','2022-01-19 07:36:25'),(3,'Sam J. Wasim','Alice panted as she swam nearer to watch them.','testimonials/3.jpg','Pio Founder','published','2022-01-19 07:36:25','2022-01-19 07:36:25'),(4,'Usan Gulwarm','Gryphon never learnt it.\' \'Hadn\'t time,\' said.','testimonials/4.jpg','CEO Of Facewarm','published','2022-01-19 07:36:25','2022-01-19 07:36:25'),(5,'Shilpa Shethy','Mock Turtle is.\' \'It\'s the stupidest tea-party I.','testimonials/5.jpg','CEO Of Zapple','published','2022-01-19 07:36:25','2022-01-19 07:36:25');
/*!40000 ALTER TABLE `testimonials` ENABLE KEYS */;
UNLOCK TABLES;

--
-- Table structure for table `testimonials_translations`
--

DROP TABLE IF EXISTS `testimonials_translations`;
/*!40101 SET @saved_cs_client     = @@character_set_client */;
/*!50503 SET character_set_client = utf8mb4 */;
CREATE TABLE `testimonials_translations` (
  `lang_code` varchar(191) COLLATE utf8mb4_unicode_ci NOT NULL,
  `testimonials_id` int(11) NOT NULL,
  `name` varchar(255) COLLATE utf8mb4_unicode_ci DEFAULT NULL,
  `content` text COLLATE utf8mb4_unicode_ci,
  `company` varchar(120) COLLATE utf8mb4_unicode_ci DEFAULT NULL,
  PRIMARY KEY (`lang_code`,`testimonials_id`)
) ENGINE=InnoDB DEFAULT CHARSET=utf8mb4 COLLATE=utf8mb4_unicode_ci;
/*!40101 SET character_set_client = @saved_cs_client */;

--
-- Dumping data for table `testimonials_translations`
--

LOCK TABLES `testimonials_translations` WRITE;
/*!40000 ALTER TABLE `testimonials_translations` DISABLE KEYS */;
INSERT INTO `testimonials_translations` VALUES ('vi',1,'Adam Williams','Lobster Quadrille The Mock Turtle replied.','Giám đốc Microwoft'),('vi',2,'Retha Deowalim','Duchess replied, in a whisper.) \'That would be.','Giám đốc Apple'),('vi',3,'Sam J. Wasim','I will tell you his history,\' As they walked off.','Nhà sáng lập Pio'),('vi',4,'Usan Gulwarm','March Hare interrupted, yawning. \'I\'m getting.','Giám đốc Facewarm'),('vi',5,'Shilpa Shethy','And will talk in contemptuous tones of the.','Giám đốc Zapple');
/*!40000 ALTER TABLE `testimonials_translations` ENABLE KEYS */;
UNLOCK TABLES;

--
-- Table structure for table `translations`
--

DROP TABLE IF EXISTS `translations`;
/*!40101 SET @saved_cs_client     = @@character_set_client */;
/*!50503 SET character_set_client = utf8mb4 */;
CREATE TABLE `translations` (
  `id` bigint(20) unsigned NOT NULL AUTO_INCREMENT,
  `status` int(11) NOT NULL DEFAULT '0',
  `locale` varchar(191) COLLATE utf8mb4_unicode_ci NOT NULL,
  `group` varchar(191) COLLATE utf8mb4_unicode_ci NOT NULL,
  `key` varchar(191) COLLATE utf8mb4_unicode_ci NOT NULL,
  `value` text COLLATE utf8mb4_unicode_ci,
  `created_at` timestamp NULL DEFAULT NULL,
  `updated_at` timestamp NULL DEFAULT NULL,
  PRIMARY KEY (`id`)
) ENGINE=InnoDB DEFAULT CHARSET=utf8mb4 COLLATE=utf8mb4_unicode_ci;
/*!40101 SET character_set_client = @saved_cs_client */;

--
-- Dumping data for table `translations`
--

LOCK TABLES `translations` WRITE;
/*!40000 ALTER TABLE `translations` DISABLE KEYS */;
/*!40000 ALTER TABLE `translations` ENABLE KEYS */;
UNLOCK TABLES;

--
-- Table structure for table `user_meta`
--

DROP TABLE IF EXISTS `user_meta`;
/*!40101 SET @saved_cs_client     = @@character_set_client */;
/*!50503 SET character_set_client = utf8mb4 */;
CREATE TABLE `user_meta` (
  `id` bigint(20) unsigned NOT NULL AUTO_INCREMENT,
  `key` varchar(191) COLLATE utf8mb4_unicode_ci DEFAULT NULL,
  `value` varchar(191) COLLATE utf8mb4_unicode_ci DEFAULT NULL,
  `user_id` int(10) unsigned NOT NULL,
  `created_at` timestamp NULL DEFAULT NULL,
  `updated_at` timestamp NULL DEFAULT NULL,
  PRIMARY KEY (`id`),
  KEY `user_meta_user_id_index` (`user_id`)
) ENGINE=InnoDB DEFAULT CHARSET=utf8mb4 COLLATE=utf8mb4_unicode_ci;
/*!40101 SET character_set_client = @saved_cs_client */;

--
-- Dumping data for table `user_meta`
--

LOCK TABLES `user_meta` WRITE;
/*!40000 ALTER TABLE `user_meta` DISABLE KEYS */;
/*!40000 ALTER TABLE `user_meta` ENABLE KEYS */;
UNLOCK TABLES;

--
-- Table structure for table `users`
--

DROP TABLE IF EXISTS `users`;
/*!40101 SET @saved_cs_client     = @@character_set_client */;
/*!50503 SET character_set_client = utf8mb4 */;
CREATE TABLE `users` (
  `id` bigint(20) unsigned NOT NULL AUTO_INCREMENT,
  `email` varchar(191) COLLATE utf8mb4_unicode_ci NOT NULL,
  `email_verified_at` timestamp NULL DEFAULT NULL,
  `password` varchar(191) COLLATE utf8mb4_unicode_ci DEFAULT NULL,
  `remember_token` varchar(100) COLLATE utf8mb4_unicode_ci DEFAULT NULL,
  `created_at` timestamp NULL DEFAULT NULL,
  `updated_at` timestamp NULL DEFAULT NULL,
  `first_name` varchar(191) COLLATE utf8mb4_unicode_ci DEFAULT NULL,
  `last_name` varchar(191) COLLATE utf8mb4_unicode_ci DEFAULT NULL,
  `username` varchar(60) COLLATE utf8mb4_unicode_ci DEFAULT NULL,
  `avatar_id` int(10) unsigned DEFAULT NULL,
  `super_user` tinyint(1) NOT NULL DEFAULT '0',
  `manage_supers` tinyint(1) NOT NULL DEFAULT '0',
  `permissions` text COLLATE utf8mb4_unicode_ci,
  `last_login` timestamp NULL DEFAULT NULL,
  `stripe_id` varchar(191) COLLATE utf8mb4_unicode_ci DEFAULT NULL,
  `pm_type` varchar(191) COLLATE utf8mb4_unicode_ci DEFAULT NULL,
  `pm_last_four` varchar(4) COLLATE utf8mb4_unicode_ci DEFAULT NULL,
  `trial_ends_at` timestamp NULL DEFAULT NULL,
  PRIMARY KEY (`id`),
  UNIQUE KEY `users_email_unique` (`email`),
  UNIQUE KEY `users_username_unique` (`username`),
  KEY `users_stripe_id_index` (`stripe_id`)
) ENGINE=InnoDB AUTO_INCREMENT=2 DEFAULT CHARSET=utf8mb4 COLLATE=utf8mb4_unicode_ci;
/*!40101 SET character_set_client = @saved_cs_client */;

--
-- Dumping data for table `users`
--

LOCK TABLES `users` WRITE;
/*!40000 ALTER TABLE `users` DISABLE KEYS */;
INSERT INTO `users` VALUES (1,'admin@thesky9.com',NULL,'$2y$10$bihKNPoAyZkTph6VIuQUd.izEVfrrSJzy0yOSEmTMfoULlKoW0j66',NULL,'2022-01-19 07:35:33','2022-01-19 07:35:33','System','Admin','admin',108,1,1,NULL,NULL,NULL,NULL,NULL,NULL);
/*!40000 ALTER TABLE `users` ENABLE KEYS */;
UNLOCK TABLES;

--
-- Table structure for table `widgets`
--

DROP TABLE IF EXISTS `widgets`;
/*!40101 SET @saved_cs_client     = @@character_set_client */;
/*!50503 SET character_set_client = utf8mb4 */;
CREATE TABLE `widgets` (
  `id` bigint(20) unsigned NOT NULL AUTO_INCREMENT,
  `widget_id` varchar(120) COLLATE utf8mb4_unicode_ci NOT NULL,
  `sidebar_id` varchar(120) COLLATE utf8mb4_unicode_ci NOT NULL,
  `theme` varchar(120) COLLATE utf8mb4_unicode_ci NOT NULL,
  `position` tinyint(3) unsigned NOT NULL DEFAULT '0',
  `data` text COLLATE utf8mb4_unicode_ci,
  `created_at` timestamp NULL DEFAULT NULL,
  `updated_at` timestamp NULL DEFAULT NULL,
  PRIMARY KEY (`id`)
) ENGINE=InnoDB AUTO_INCREMENT=19 DEFAULT CHARSET=utf8mb4 COLLATE=utf8mb4_unicode_ci;
/*!40101 SET character_set_client = @saved_cs_client */;

--
-- Dumping data for table `widgets`
--

LOCK TABLES `widgets` WRITE;
/*!40000 ALTER TABLE `widgets` DISABLE KEYS */;
INSERT INTO `widgets` VALUES (1,'ShortcodeWidget','footer_sidebar_1','resido',0,'{\"id\":\"ShortcodeWidget\",\"content\":\"[static-block alias=\\\"sign-up\\\"][\\/static-block]\"}',NULL,NULL),(2,'CustomMenuWidget','footer_sidebar_2','resido',0,'{\"id\":\"CustomMenuWidget\",\"name\":\"About\",\"menu_id\":\"about\"}',NULL,NULL),(3,'CustomMenuWidget','footer_sidebar_2','resido',1,'{\"id\":\"CustomMenuWidget\",\"name\":\"MORE INFORMATION\",\"menu_id\":\"more-information\"}',NULL,NULL),(4,'CustomMenuWidget','footer_sidebar_2','resido',2,'{\"id\":\"CustomMenuWidget\",\"name\":\"NEWS\",\"menu_id\":\"news\"}',NULL,NULL),(5,'ShortcodeWidget','footer_sidebar_3','resido',0,'{\"id\":\"ShortcodeWidget\",\"content\":\"[static-block alias=\\\"download-app-footer\\\"][\\/static-block]\"}',NULL,NULL),(6,'CategoriesWidget','primary_sidebar','resido',0,'{\"id\":\"CategoriesWidget\",\"name\":\"Categories\"}',NULL,NULL),(7,'RecentPostsWidget','primary_sidebar','resido',0,'{\"id\":\"RecentPostsWidget\",\"name\":\"Recent posts\",\"number_display\":\"5\"}',NULL,NULL),(8,'FeaturedPropertiesWidget','primary_sidebar','resido',0,'{\"id\":\"FeaturedPropertiesWidget\",\"name\":\"Featured properties\",\"number_display\":\"5\"}',NULL,NULL),(9,'NewsletterWidget','footer_sidebar_3','resido',1,'{\"id\":\"NewsletterWidget\",\"name\":\"Subscribe\"}',NULL,NULL),(10,'ShortcodeWidget','footer_sidebar_1','resido-vi',0,'{\"id\":\"ShortcodeWidget\",\"content\":\"[static-block alias=\\\"sign-up\\\"][\\/static-block]\"}',NULL,NULL),(11,'CustomMenuWidget','footer_sidebar_2','resido-vi',0,'{\"id\":\"CustomMenuWidget\",\"name\":\"About\",\"menu_id\":\"ve-chung-toi\"}',NULL,NULL),(12,'CustomMenuWidget','footer_sidebar_2','resido-vi',1,'{\"id\":\"CustomMenuWidget\",\"name\":\"MORE INFORMATION\",\"menu_id\":\"thong-tin-them\"}',NULL,NULL),(13,'CustomMenuWidget','footer_sidebar_2','resido-vi',2,'{\"id\":\"CustomMenuWidget\",\"name\":\"NEWS\",\"menu_id\":\"tin-tuc\"}',NULL,NULL),(14,'ShortcodeWidget','footer_sidebar_3','resido-vi',0,'{\"id\":\"ShortcodeWidget\",\"content\":\"[static-block alias=\\\"download-app-footer\\\"][\\/static-block]\"}',NULL,NULL),(15,'CategoriesWidget','primary_sidebar','resido-vi',0,'{\"id\":\"CategoriesWidget\",\"name\":\"Danh mục\"}',NULL,NULL),(16,'RecentPostsWidget','primary_sidebar','resido-vi',0,'{\"id\":\"RecentPostsWidget\",\"name\":\"Bài viết gần đây\",\"number_display\":\"5\"}',NULL,NULL),(17,'FeaturedPropertiesWidget','primary_sidebar','resido-vi',0,'{\"id\":\"FeaturedPropertiesWidget\",\"name\":\"Featured properties\",\"number_display\":\"5\"}',NULL,NULL),(18,'NewsletterWidget','footer_sidebar_3','resido-vi',1,'{\"id\":\"NewsletterWidget\",\"name\":\"Subscribe\"}',NULL,NULL);
/*!40000 ALTER TABLE `widgets` ENABLE KEYS */;
UNLOCK TABLES;
/*!40103 SET TIME_ZONE=@OLD_TIME_ZONE */;

/*!40101 SET SQL_MODE=@OLD_SQL_MODE */;
/*!40014 SET FOREIGN_KEY_CHECKS=@OLD_FOREIGN_KEY_CHECKS */;
/*!40014 SET UNIQUE_CHECKS=@OLD_UNIQUE_CHECKS */;
/*!40101 SET CHARACTER_SET_CLIENT=@OLD_CHARACTER_SET_CLIENT */;
/*!40101 SET CHARACTER_SET_RESULTS=@OLD_CHARACTER_SET_RESULTS */;
/*!40101 SET COLLATION_CONNECTION=@OLD_COLLATION_CONNECTION */;
/*!40111 SET SQL_NOTES=@OLD_SQL_NOTES */;

-- Dump completed on 2022-01-19 14:48:49
